scenario,date,strategy,market_revenue_jpy,degradation_cost_jpy,net_revenue_jpy,charged_mwh,discharged_mwh,charging_intervals,discharging_intervals
base,2024-04-01,no_operation,0.0,0.0,0.0,0.0,0.0,0,0
base,2024-04-02,no_operation,0.0,0.0,0.0,0.0,0.0,0,0
base,2024-04-03,no_operation,0.0,0.0,0.0,0.0,0.0,0,0
base,2024-04-04,no_operation,0.0,0.0,0.0,0.0,0.0,0,0
base,2024-04-05,no_operation,0.0,0.0,0.0,0.0,0.0,0,0
base,2024-04-06,no_operation,0.0,0.0,0.0,0.0,0.0,0,0
base,2024-04-07,no_operation,0.0,0.0,0.0,0.0,0.0,0,0
base,2024-04-08,no_operation,0.0,0.0,0.0,0.0,0.0,0,0
base,2024-04-09,no_operation,0.0,0.0,0.0,0.0,0.0,0,0
base,2024-04-10,no_operation,0.0,0.0,0.0,0.0,0.0,0,0
base,2024-04-11,no_operation,0.0,0.0,0.0,0.0,0.0,0,0
base,2024-04-12,no_operation,0.0,0.0,0.0,0.0,0.0,0,0
base,2024-04-13,no_operation,0.0,0.0,0.0,0.0,0.0,0,0
base,2024-04-14,no_operation,0.0,0.0,0.0,0.0,0.0,0,0
base,2024-04-15,no_operation,0.0,0.0,0.0,0.0,0.0,0,0
base,2024-04-16,no_operation,0.0,0.0,0.0,0.0,0.0,0,0
base,2024-04-17,no_operation,0.0,0.0,0.0,0.0,0.0,0,0
base,2024-04-18,no_operation,0.0,0.0,0.0,0.0,0.0,0,0
base,2024-04-19,no_operation,0.0,0.0,0.0,0.0,0.0,0,0
base,2024-04-20,no_operation,0.0,0.0,0.0,0.0,0.0,0,0
base,2024-04-21,no_operation,0.0,0.0,0.0,0.0,0.0,0,0
base,2024-04-22,no_operation,0.0,0.0,0.0,0.0,0.0,0,0
base,2024-04-23,no_operation,0.0,0.0,0.0,0.0,0.0,0,0
base,2024-04-24,no_operation,0.0,0.0,0.0,0.0,0.0,0,0
base,2024-04-25,no_operation,0.0,0.0,0.0,0.0,0.0,0,0
base,2024-04-26,no_operation,0.0,0.0,0.0,0.0,0.0,0,0
base,2024-04-27,no_operation,0.0,0.0,0.0,0.0,0.0,0,0
base,2024-04-28,no_operation,0.0,0.0,0.0,0.0,0.0,0,0
base,2024-04-29,no_operation,0.0,0.0,0.0,0.0,0.0,0,0
base,2024-04-30,no_operation,0.0,0.0,0.0,0.0,0.0,0,0
base,2024-05-01,no_operation,0.0,0.0,0.0,0.0,0.0,0,0
base,2024-05-02,no_operation,0.0,0.0,0.0,0.0,0.0,0,0
base,2024-05-03,no_operation,0.0,0.0,0.0,0.0,0.0,0,0
base,2024-05-04,no_operation,0.0,0.0,0.0,0.0,0.0,0,0
base,2024-05-05,no_operation,0.0,0.0,0.0,0.0,0.0,0,0
base,2024-05-06,no_operation,0.0,0.0,0.0,0.0,0.0,0,0
base,2024-05-07,no_operation,0.0,0.0,0.0,0.0,0.0,0,0
base,2024-05-08,no_operation,0.0,0.0,0.0,0.0,0.0,0,0
base,2024-05-09,no_operation,0.0,0.0,0.0,0.0,0.0,0,0
base,2024-05-10,no_operation,0.0,0.0,0.0,0.0,0.0,0,0
base,2024-05-11,no_operation,0.0,0.0,0.0,0.0,0.0,0,0
base,2024-05-12,no_operation,0.0,0.0,0.0,0.0,0.0,0,0
base,2024-05-13,no_operation,0.0,0.0,0.0,0.0,0.0,0,0
base,2024-05-14,no_operation,0.0,0.0,0.0,0.0,0.0,0,0
base,2024-05-15,no_operation,0.0,0.0,0.0,0.0,0.0,0,0
base,2024-05-16,no_operation,0.0,0.0,0.0,0.0,0.0,0,0
base,2024-05-17,no_operation,0.0,0.0,0.0,0.0,0.0,0,0
base,2024-05-18,no_operation,0.0,0.0,0.0,0.0,0.0,0,0
base,2024-05-19,no_operation,0.0,0.0,0.0,0.0,0.0,0,0
base,2024-05-20,no_operation,0.0,0.0,0.0,0.0,0.0,0,0
base,2024-05-21,no_operation,0.0,0.0,0.0,0.0,0.0,0,0
base,2024-05-22,no_operation,0.0,0.0,0.0,0.0,0.0,0,0
base,2024-05-23,no_operation,0.0,0.0,0.0,0.0,0.0,0,0
base,2024-05-24,no_operation,0.0,0.0,0.0,0.0,0.0,0,0
base,2024-05-25,no_operation,0.0,0.0,0.0,0.0,0.0,0,0
base,2024-05-26,no_operation,0.0,0.0,0.0,0.0,0.0,0,0
base,2024-05-27,no_operation,0.0,0.0,0.0,0.0,0.0,0,0
base,2024-05-28,no_operation,0.0,0.0,0.0,0.0,0.0,0,0
base,2024-05-29,no_operation,0.0,0.0,0.0,0.0,0.0,0,0
base,2024-05-30,no_operation,0.0,0.0,0.0,0.0,0.0,0,0
base,2024-05-31,no_operation,0.0,0.0,0.0,0.0,0.0,0,0
base,2024-06-01,no_operation,0.0,0.0,0.0,0.0,0.0,0,0
base,2024-06-02,no_operation,0.0,0.0,0.0,0.0,0.0,0,0
base,2024-06-03,no_operation,0.0,0.0,0.0,0.0,0.0,0,0
base,2024-06-04,no_operation,0.0,0.0,0.0,0.0,0.0,0,0
base,2024-06-05,no_operation,0.0,0.0,0.0,0.0,0.0,0,0
base,2024-06-06,no_operation,0.0,0.0,0.0,0.0,0.0,0,0
base,2024-06-07,no_operation,0.0,0.0,0.0,0.0,0.0,0,0
base,2024-06-08,no_operation,0.0,0.0,0.0,0.0,0.0,0,0
base,2024-06-09,no_operation,0.0,0.0,0.0,0.0,0.0,0,0
base,2024-06-10,no_operation,0.0,0.0,0.0,0.0,0.0,0,0
base,2024-06-11,no_operation,0.0,0.0,0.0,0.0,0.0,0,0
base,2024-06-12,no_operation,0.0,0.0,0.0,0.0,0.0,0,0
base,2024-06-13,no_operation,0.0,0.0,0.0,0.0,0.0,0,0
base,2024-06-14,no_operation,0.0,0.0,0.0,0.0,0.0,0,0
base,2024-06-15,no_operation,0.0,0.0,0.0,0.0,0.0,0,0
base,2024-06-16,no_operation,0.0,0.0,0.0,0.0,0.0,0,0
base,2024-06-17,no_operation,0.0,0.0,0.0,0.0,0.0,0,0
base,2024-06-18,no_operation,0.0,0.0,0.0,0.0,0.0,0,0
base,2024-06-19,no_operation,0.0,0.0,0.0,0.0,0.0,0,0
base,2024-06-20,no_operation,0.0,0.0,0.0,0.0,0.0,0,0
base,2024-06-21,no_operation,0.0,0.0,0.0,0.0,0.0,0,0
base,2024-06-22,no_operation,0.0,0.0,0.0,0.0,0.0,0,0
base,2024-06-23,no_operation,0.0,0.0,0.0,0.0,0.0,0,0
base,2024-06-24,no_operation,0.0,0.0,0.0,0.0,0.0,0,0
base,2024-06-25,no_operation,0.0,0.0,0.0,0.0,0.0,0,0
base,2024-06-26,no_operation,0.0,0.0,0.0,0.0,0.0,0,0
base,2024-06-27,no_operation,0.0,0.0,0.0,0.0,0.0,0,0
base,2024-06-28,no_operation,0.0,0.0,0.0,0.0,0.0,0,0
base,2024-06-29,no_operation,0.0,0.0,0.0,0.0,0.0,0,0
base,2024-06-30,no_operation,0.0,0.0,0.0,0.0,0.0,0,0
base,2024-07-01,no_operation,0.0,0.0,0.0,0.0,0.0,0,0
base,2024-07-02,no_operation,0.0,0.0,0.0,0.0,0.0,0,0
base,2024-07-03,no_operation,0.0,0.0,0.0,0.0,0.0,0,0
base,2024-07-04,no_operation,0.0,0.0,0.0,0.0,0.0,0,0
base,2024-07-05,no_operation,0.0,0.0,0.0,0.0,0.0,0,0
base,2024-07-06,no_operation,0.0,0.0,0.0,0.0,0.0,0,0
base,2024-07-07,no_operation,0.0,0.0,0.0,0.0,0.0,0,0
base,2024-07-08,no_operation,0.0,0.0,0.0,0.0,0.0,0,0
base,2024-07-09,no_operation,0.0,0.0,0.0,0.0,0.0,0,0
base,2024-07-10,no_operation,0.0,0.0,0.0,0.0,0.0,0,0
base,2024-07-11,no_operation,0.0,0.0,0.0,0.0,0.0,0,0
base,2024-07-12,no_operation,0.0,0.0,0.0,0.0,0.0,0,0
base,2024-07-13,no_operation,0.0,0.0,0.0,0.0,0.0,0,0
base,2024-07-14,no_operation,0.0,0.0,0.0,0.0,0.0,0,0
base,2024-07-15,no_operation,0.0,0.0,0.0,0.0,0.0,0,0
base,2024-07-16,no_operation,0.0,0.0,0.0,0.0,0.0,0,0
base,2024-07-17,no_operation,0.0,0.0,0.0,0.0,0.0,0,0
base,2024-07-18,no_operation,0.0,0.0,0.0,0.0,0.0,0,0
base,2024-07-19,no_operation,0.0,0.0,0.0,0.0,0.0,0,0
base,2024-07-20,no_operation,0.0,0.0,0.0,0.0,0.0,0,0
base,2024-07-21,no_operation,0.0,0.0,0.0,0.0,0.0,0,0
base,2024-07-22,no_operation,0.0,0.0,0.0,0.0,0.0,0,0
base,2024-07-23,no_operation,0.0,0.0,0.0,0.0,0.0,0,0
base,2024-07-24,no_operation,0.0,0.0,0.0,0.0,0.0,0,0
base,2024-07-25,no_operation,0.0,0.0,0.0,0.0,0.0,0,0
base,2024-07-26,no_operation,0.0,0.0,0.0,0.0,0.0,0,0
base,2024-07-27,no_operation,0.0,0.0,0.0,0.0,0.0,0,0
base,2024-07-28,no_operation,0.0,0.0,0.0,0.0,0.0,0,0
base,2024-07-29,no_operation,0.0,0.0,0.0,0.0,0.0,0,0
base,2024-07-30,no_operation,0.0,0.0,0.0,0.0,0.0,0,0
base,2024-07-31,no_operation,0.0,0.0,0.0,0.0,0.0,0,0
base,2024-08-01,no_operation,0.0,0.0,0.0,0.0,0.0,0,0
base,2024-08-02,no_operation,0.0,0.0,0.0,0.0,0.0,0,0
base,2024-08-03,no_operation,0.0,0.0,0.0,0.0,0.0,0,0
base,2024-08-04,no_operation,0.0,0.0,0.0,0.0,0.0,0,0
base,2024-08-05,no_operation,0.0,0.0,0.0,0.0,0.0,0,0
base,2024-08-06,no_operation,0.0,0.0,0.0,0.0,0.0,0,0
base,2024-08-07,no_operation,0.0,0.0,0.0,0.0,0.0,0,0
base,2024-08-08,no_operation,0.0,0.0,0.0,0.0,0.0,0,0
base,2024-08-09,no_operation,0.0,0.0,0.0,0.0,0.0,0,0
base,2024-08-10,no_operation,0.0,0.0,0.0,0.0,0.0,0,0
base,2024-08-11,no_operation,0.0,0.0,0.0,0.0,0.0,0,0
base,2024-08-12,no_operation,0.0,0.0,0.0,0.0,0.0,0,0
base,2024-08-13,no_operation,0.0,0.0,0.0,0.0,0.0,0,0
base,2024-08-14,no_operation,0.0,0.0,0.0,0.0,0.0,0,0
base,2024-08-15,no_operation,0.0,0.0,0.0,0.0,0.0,0,0
base,2024-08-16,no_operation,0.0,0.0,0.0,0.0,0.0,0,0
base,2024-08-17,no_operation,0.0,0.0,0.0,0.0,0.0,0,0
base,2024-08-18,no_operation,0.0,0.0,0.0,0.0,0.0,0,0
base,2024-08-19,no_operation,0.0,0.0,0.0,0.0,0.0,0,0
base,2024-08-20,no_operation,0.0,0.0,0.0,0.0,0.0,0,0
base,2024-08-21,no_operation,0.0,0.0,0.0,0.0,0.0,0,0
base,2024-08-22,no_operation,0.0,0.0,0.0,0.0,0.0,0,0
base,2024-08-23,no_operation,0.0,0.0,0.0,0.0,0.0,0,0
base,2024-08-24,no_operation,0.0,0.0,0.0,0.0,0.0,0,0
base,2024-08-25,no_operation,0.0,0.0,0.0,0.0,0.0,0,0
base,2024-08-26,no_operation,0.0,0.0,0.0,0.0,0.0,0,0
base,2024-08-27,no_operation,0.0,0.0,0.0,0.0,0.0,0,0
base,2024-08-28,no_operation,0.0,0.0,0.0,0.0,0.0,0,0
base,2024-08-29,no_operation,0.0,0.0,0.0,0.0,0.0,0,0
base,2024-08-30,no_operation,0.0,0.0,0.0,0.0,0.0,0,0
base,2024-08-31,no_operation,0.0,0.0,0.0,0.0,0.0,0,0
base,2024-09-01,no_operation,0.0,0.0,0.0,0.0,0.0,0,0
base,2024-09-02,no_operation,0.0,0.0,0.0,0.0,0.0,0,0
base,2024-09-03,no_operation,0.0,0.0,0.0,0.0,0.0,0,0
base,2024-09-04,no_operation,0.0,0.0,0.0,0.0,0.0,0,0
base,2024-09-05,no_operation,0.0,0.0,0.0,0.0,0.0,0,0
base,2024-09-06,no_operation,0.0,0.0,0.0,0.0,0.0,0,0
base,2024-09-07,no_operation,0.0,0.0,0.0,0.0,0.0,0,0
base,2024-09-08,no_operation,0.0,0.0,0.0,0.0,0.0,0,0
base,2024-09-09,no_operation,0.0,0.0,0.0,0.0,0.0,0,0
base,2024-09-10,no_operation,0.0,0.0,0.0,0.0,0.0,0,0
base,2024-09-11,no_operation,0.0,0.0,0.0,0.0,0.0,0,0
base,2024-09-12,no_operation,0.0,0.0,0.0,0.0,0.0,0,0
base,2024-09-13,no_operation,0.0,0.0,0.0,0.0,0.0,0,0
base,2024-09-14,no_operation,0.0,0.0,0.0,0.0,0.0,0,0
base,2024-09-15,no_operation,0.0,0.0,0.0,0.0,0.0,0,0
base,2024-09-16,no_operation,0.0,0.0,0.0,0.0,0.0,0,0
base,2024-09-17,no_operation,0.0,0.0,0.0,0.0,0.0,0,0
base,2024-09-18,no_operation,0.0,0.0,0.0,0.0,0.0,0,0
base,2024-09-19,no_operation,0.0,0.0,0.0,0.0,0.0,0,0
base,2024-09-20,no_operation,0.0,0.0,0.0,0.0,0.0,0,0
base,2024-09-21,no_operation,0.0,0.0,0.0,0.0,0.0,0,0
base,2024-09-22,no_operation,0.0,0.0,0.0,0.0,0.0,0,0
base,2024-09-23,no_operation,0.0,0.0,0.0,0.0,0.0,0,0
base,2024-09-24,no_operation,0.0,0.0,0.0,0.0,0.0,0,0
base,2024-09-25,no_operation,0.0,0.0,0.0,0.0,0.0,0,0
base,2024-09-26,no_operation,0.0,0.0,0.0,0.0,0.0,0,0
base,2024-09-27,no_operation,0.0,0.0,0.0,0.0,0.0,0,0
base,2024-09-28,no_operation,0.0,0.0,0.0,0.0,0.0,0,0
base,2024-09-29,no_operation,0.0,0.0,0.0,0.0,0.0,0,0
base,2024-09-30,no_operation,0.0,0.0,0.0,0.0,0.0,0,0
base,2024-10-01,no_operation,0.0,0.0,0.0,0.0,0.0,0,0
base,2024-10-02,no_operation,0.0,0.0,0.0,0.0,0.0,0,0
base,2024-10-03,no_operation,0.0,0.0,0.0,0.0,0.0,0,0
base,2024-10-04,no_operation,0.0,0.0,0.0,0.0,0.0,0,0
base,2024-10-05,no_operation,0.0,0.0,0.0,0.0,0.0,0,0
base,2024-10-06,no_operation,0.0,0.0,0.0,0.0,0.0,0,0
base,2024-10-07,no_operation,0.0,0.0,0.0,0.0,0.0,0,0
base,2024-10-08,no_operation,0.0,0.0,0.0,0.0,0.0,0,0
base,2024-10-09,no_operation,0.0,0.0,0.0,0.0,0.0,0,0
base,2024-10-10,no_operation,0.0,0.0,0.0,0.0,0.0,0,0
base,2024-10-11,no_operation,0.0,0.0,0.0,0.0,0.0,0,0
base,2024-10-12,no_operation,0.0,0.0,0.0,0.0,0.0,0,0
base,2024-10-13,no_operation,0.0,0.0,0.0,0.0,0.0,0,0
base,2024-10-14,no_operation,0.0,0.0,0.0,0.0,0.0,0,0
base,2024-10-15,no_operation,0.0,0.0,0.0,0.0,0.0,0,0
base,2024-10-16,no_operation,0.0,0.0,0.0,0.0,0.0,0,0
base,2024-10-17,no_operation,0.0,0.0,0.0,0.0,0.0,0,0
base,2024-10-18,no_operation,0.0,0.0,0.0,0.0,0.0,0,0
base,2024-10-19,no_operation,0.0,0.0,0.0,0.0,0.0,0,0
base,2024-10-20,no_operation,0.0,0.0,0.0,0.0,0.0,0,0
base,2024-10-21,no_operation,0.0,0.0,0.0,0.0,0.0,0,0
base,2024-10-22,no_operation,0.0,0.0,0.0,0.0,0.0,0,0
base,2024-10-23,no_operation,0.0,0.0,0.0,0.0,0.0,0,0
base,2024-10-24,no_operation,0.0,0.0,0.0,0.0,0.0,0,0
base,2024-10-25,no_operation,0.0,0.0,0.0,0.0,0.0,0,0
base,2024-10-26,no_operation,0.0,0.0,0.0,0.0,0.0,0,0
base,2024-10-27,no_operation,0.0,0.0,0.0,0.0,0.0,0,0
base,2024-10-28,no_operation,0.0,0.0,0.0,0.0,0.0,0,0
base,2024-10-29,no_operation,0.0,0.0,0.0,0.0,0.0,0,0
base,2024-10-30,no_operation,0.0,0.0,0.0,0.0,0.0,0,0
base,2024-10-31,no_operation,0.0,0.0,0.0,0.0,0.0,0,0
base,2024-11-01,no_operation,0.0,0.0,0.0,0.0,0.0,0,0
base,2024-11-02,no_operation,0.0,0.0,0.0,0.0,0.0,0,0
base,2024-11-03,no_operation,0.0,0.0,0.0,0.0,0.0,0,0
base,2024-11-04,no_operation,0.0,0.0,0.0,0.0,0.0,0,0
base,2024-11-05,no_operation,0.0,0.0,0.0,0.0,0.0,0,0
base,2024-11-06,no_operation,0.0,0.0,0.0,0.0,0.0,0,0
base,2024-11-07,no_operation,0.0,0.0,0.0,0.0,0.0,0,0
base,2024-11-08,no_operation,0.0,0.0,0.0,0.0,0.0,0,0
base,2024-11-09,no_operation,0.0,0.0,0.0,0.0,0.0,0,0
base,2024-11-10,no_operation,0.0,0.0,0.0,0.0,0.0,0,0
base,2024-11-11,no_operation,0.0,0.0,0.0,0.0,0.0,0,0
base,2024-11-12,no_operation,0.0,0.0,0.0,0.0,0.0,0,0
base,2024-11-13,no_operation,0.0,0.0,0.0,0.0,0.0,0,0
base,2024-11-14,no_operation,0.0,0.0,0.0,0.0,0.0,0,0
base,2024-11-15,no_operation,0.0,0.0,0.0,0.0,0.0,0,0
base,2024-11-16,no_operation,0.0,0.0,0.0,0.0,0.0,0,0
base,2024-11-17,no_operation,0.0,0.0,0.0,0.0,0.0,0,0
base,2024-11-18,no_operation,0.0,0.0,0.0,0.0,0.0,0,0
base,2024-11-19,no_operation,0.0,0.0,0.0,0.0,0.0,0,0
base,2024-11-20,no_operation,0.0,0.0,0.0,0.0,0.0,0,0
base,2024-11-21,no_operation,0.0,0.0,0.0,0.0,0.0,0,0
base,2024-11-22,no_operation,0.0,0.0,0.0,0.0,0.0,0,0
base,2024-11-23,no_operation,0.0,0.0,0.0,0.0,0.0,0,0
base,2024-11-24,no_operation,0.0,0.0,0.0,0.0,0.0,0,0
base,2024-11-25,no_operation,0.0,0.0,0.0,0.0,0.0,0,0
base,2024-11-26,no_operation,0.0,0.0,0.0,0.0,0.0,0,0
base,2024-11-27,no_operation,0.0,0.0,0.0,0.0,0.0,0,0
base,2024-11-28,no_operation,0.0,0.0,0.0,0.0,0.0,0,0
base,2024-11-29,no_operation,0.0,0.0,0.0,0.0,0.0,0,0
base,2024-11-30,no_operation,0.0,0.0,0.0,0.0,0.0,0,0
base,2024-12-01,no_operation,0.0,0.0,0.0,0.0,0.0,0,0
base,2024-12-02,no_operation,0.0,0.0,0.0,0.0,0.0,0,0
base,2024-12-03,no_operation,0.0,0.0,0.0,0.0,0.0,0,0
base,2024-12-04,no_operation,0.0,0.0,0.0,0.0,0.0,0,0
base,2024-12-05,no_operation,0.0,0.0,0.0,0.0,0.0,0,0
base,2024-12-06,no_operation,0.0,0.0,0.0,0.0,0.0,0,0
base,2024-12-07,no_operation,0.0,0.0,0.0,0.0,0.0,0,0
base,2024-12-08,no_operation,0.0,0.0,0.0,0.0,0.0,0,0
base,2024-12-09,no_operation,0.0,0.0,0.0,0.0,0.0,0,0
base,2024-12-10,no_operation,0.0,0.0,0.0,0.0,0.0,0,0
base,2024-12-11,no_operation,0.0,0.0,0.0,0.0,0.0,0,0
base,2024-12-12,no_operation,0.0,0.0,0.0,0.0,0.0,0,0
base,2024-12-13,no_operation,0.0,0.0,0.0,0.0,0.0,0,0
base,2024-12-14,no_operation,0.0,0.0,0.0,0.0,0.0,0,0
base,2024-12-15,no_operation,0.0,0.0,0.0,0.0,0.0,0,0
base,2024-12-16,no_operation,0.0,0.0,0.0,0.0,0.0,0,0
base,2024-12-17,no_operation,0.0,0.0,0.0,0.0,0.0,0,0
base,2024-12-18,no_operation,0.0,0.0,0.0,0.0,0.0,0,0
base,2024-12-19,no_operation,0.0,0.0,0.0,0.0,0.0,0,0
base,2024-12-20,no_operation,0.0,0.0,0.0,0.0,0.0,0,0
base,2024-12-21,no_operation,0.0,0.0,0.0,0.0,0.0,0,0
base,2024-12-22,no_operation,0.0,0.0,0.0,0.0,0.0,0,0
base,2024-12-23,no_operation,0.0,0.0,0.0,0.0,0.0,0,0
base,2024-12-24,no_operation,0.0,0.0,0.0,0.0,0.0,0,0
base,2024-12-25,no_operation,0.0,0.0,0.0,0.0,0.0,0,0
base,2024-12-26,no_operation,0.0,0.0,0.0,0.0,0.0,0,0
base,2024-12-27,no_operation,0.0,0.0,0.0,0.0,0.0,0,0
base,2024-12-28,no_operation,0.0,0.0,0.0,0.0,0.0,0,0
base,2024-12-29,no_operation,0.0,0.0,0.0,0.0,0.0,0,0
base,2024-12-30,no_operation,0.0,0.0,0.0,0.0,0.0,0,0
base,2024-12-31,no_operation,0.0,0.0,0.0,0.0,0.0,0,0
base,2025-01-01,no_operation,0.0,0.0,0.0,0.0,0.0,0,0
base,2025-01-02,no_operation,0.0,0.0,0.0,0.0,0.0,0,0
base,2025-01-03,no_operation,0.0,0.0,0.0,0.0,0.0,0,0
base,2025-01-04,no_operation,0.0,0.0,0.0,0.0,0.0,0,0
base,2025-01-05,no_operation,0.0,0.0,0.0,0.0,0.0,0,0
base,2025-01-06,no_operation,0.0,0.0,0.0,0.0,0.0,0,0
base,2025-01-07,no_operation,0.0,0.0,0.0,0.0,0.0,0,0
base,2025-01-08,no_operation,0.0,0.0,0.0,0.0,0.0,0,0
base,2025-01-09,no_operation,0.0,0.0,0.0,0.0,0.0,0,0
base,2025-01-10,no_operation,0.0,0.0,0.0,0.0,0.0,0,0
base,2025-01-11,no_operation,0.0,0.0,0.0,0.0,0.0,0,0
base,2025-01-12,no_operation,0.0,0.0,0.0,0.0,0.0,0,0
base,2025-01-13,no_operation,0.0,0.0,0.0,0.0,0.0,0,0
base,2025-01-14,no_operation,0.0,0.0,0.0,0.0,0.0,0,0
base,2025-01-15,no_operation,0.0,0.0,0.0,0.0,0.0,0,0
base,2025-01-16,no_operation,0.0,0.0,0.0,0.0,0.0,0,0
base,2025-01-17,no_operation,0.0,0.0,0.0,0.0,0.0,0,0
base,2025-01-18,no_operation,0.0,0.0,0.0,0.0,0.0,0,0
base,2025-01-19,no_operation,0.0,0.0,0.0,0.0,0.0,0,0
base,2025-01-20,no_operation,0.0,0.0,0.0,0.0,0.0,0,0
base,2025-01-21,no_operation,0.0,0.0,0.0,0.0,0.0,0,0
base,2025-01-22,no_operation,0.0,0.0,0.0,0.0,0.0,0,0
base,2025-01-23,no_operation,0.0,0.0,0.0,0.0,0.0,0,0
base,2025-01-24,no_operation,0.0,0.0,0.0,0.0,0.0,0,0
base,2025-01-25,no_operation,0.0,0.0,0.0,0.0,0.0,0,0
base,2025-01-26,no_operation,0.0,0.0,0.0,0.0,0.0,0,0
base,2025-01-27,no_operation,0.0,0.0,0.0,0.0,0.0,0,0
base,2025-01-28,no_operation,0.0,0.0,0.0,0.0,0.0,0,0
base,2025-01-29,no_operation,0.0,0.0,0.0,0.0,0.0,0,0
base,2025-01-30,no_operation,0.0,0.0,0.0,0.0,0.0,0,0
base,2025-01-31,no_operation,0.0,0.0,0.0,0.0,0.0,0,0
base,2025-02-01,no_operation,0.0,0.0,0.0,0.0,0.0,0,0
base,2025-02-02,no_operation,0.0,0.0,0.0,0.0,0.0,0,0
base,2025-02-03,no_operation,0.0,0.0,0.0,0.0,0.0,0,0
base,2025-02-04,no_operation,0.0,0.0,0.0,0.0,0.0,0,0
base,2025-02-05,no_operation,0.0,0.0,0.0,0.0,0.0,0,0
base,2025-02-06,no_operation,0.0,0.0,0.0,0.0,0.0,0,0
base,2025-02-07,no_operation,0.0,0.0,0.0,0.0,0.0,0,0
base,2025-02-08,no_operation,0.0,0.0,0.0,0.0,0.0,0,0
base,2025-02-09,no_operation,0.0,0.0,0.0,0.0,0.0,0,0
base,2025-02-10,no_operation,0.0,0.0,0.0,0.0,0.0,0,0
base,2025-02-11,no_operation,0.0,0.0,0.0,0.0,0.0,0,0
base,2025-02-12,no_operation,0.0,0.0,0.0,0.0,0.0,0,0
base,2025-02-13,no_operation,0.0,0.0,0.0,0.0,0.0,0,0
base,2025-02-14,no_operation,0.0,0.0,0.0,0.0,0.0,0,0
base,2025-02-15,no_operation,0.0,0.0,0.0,0.0,0.0,0,0
base,2025-02-16,no_operation,0.0,0.0,0.0,0.0,0.0,0,0
base,2025-02-17,no_operation,0.0,0.0,0.0,0.0,0.0,0,0
base,2025-02-18,no_operation,0.0,0.0,0.0,0.0,0.0,0,0
base,2025-02-19,no_operation,0.0,0.0,0.0,0.0,0.0,0,0
base,2025-02-20,no_operation,0.0,0.0,0.0,0.0,0.0,0,0
base,2025-02-21,no_operation,0.0,0.0,0.0,0.0,0.0,0,0
base,2025-02-22,no_operation,0.0,0.0,0.0,0.0,0.0,0,0
base,2025-02-23,no_operation,0.0,0.0,0.0,0.0,0.0,0,0
base,2025-02-24,no_operation,0.0,0.0,0.0,0.0,0.0,0,0
base,2025-02-25,no_operation,0.0,0.0,0.0,0.0,0.0,0,0
base,2025-02-26,no_operation,0.0,0.0,0.0,0.0,0.0,0,0
base,2025-02-27,no_operation,0.0,0.0,0.0,0.0,0.0,0,0
base,2025-02-28,no_operation,0.0,0.0,0.0,0.0,0.0,0,0
base,2025-03-01,no_operation,0.0,0.0,0.0,0.0,0.0,0,0
base,2025-03-02,no_operation,0.0,0.0,0.0,0.0,0.0,0,0
base,2025-03-03,no_operation,0.0,0.0,0.0,0.0,0.0,0,0
base,2025-03-04,no_operation,0.0,0.0,0.0,0.0,0.0,0,0
base,2025-03-05,no_operation,0.0,0.0,0.0,0.0,0.0,0,0
base,2025-03-06,no_operation,0.0,0.0,0.0,0.0,0.0,0,0
base,2025-03-07,no_operation,0.0,0.0,0.0,0.0,0.0,0,0
base,2025-03-08,no_operation,0.0,0.0,0.0,0.0,0.0,0,0
base,2025-03-09,no_operation,0.0,0.0,0.0,0.0,0.0,0,0
base,2025-03-10,no_operation,0.0,0.0,0.0,0.0,0.0,0,0
base,2025-03-11,no_operation,0.0,0.0,0.0,0.0,0.0,0,0
base,2025-03-12,no_operation,0.0,0.0,0.0,0.0,0.0,0,0
base,2025-03-13,no_operation,0.0,0.0,0.0,0.0,0.0,0,0
base,2025-03-14,no_operation,0.0,0.0,0.0,0.0,0.0,0,0
base,2025-03-15,no_operation,0.0,0.0,0.0,0.0,0.0,0,0
base,2025-03-16,no_operation,0.0,0.0,0.0,0.0,0.0,0,0
base,2025-03-17,no_operation,0.0,0.0,0.0,0.0,0.0,0,0
base,2025-03-18,no_operation,0.0,0.0,0.0,0.0,0.0,0,0
base,2025-03-19,no_operation,0.0,0.0,0.0,0.0,0.0,0,0
base,2025-03-20,no_operation,0.0,0.0,0.0,0.0,0.0,0,0
base,2025-03-21,no_operation,0.0,0.0,0.0,0.0,0.0,0,0
base,2025-03-22,no_operation,0.0,0.0,0.0,0.0,0.0,0,0
base,2025-03-23,no_operation,0.0,0.0,0.0,0.0,0.0,0,0
base,2025-03-24,no_operation,0.0,0.0,0.0,0.0,0.0,0,0
base,2025-03-25,no_operation,0.0,0.0,0.0,0.0,0.0,0,0
base,2025-03-26,no_operation,0.0,0.0,0.0,0.0,0.0,0,0
base,2025-03-27,no_operation,0.0,0.0,0.0,0.0,0.0,0,0
base,2025-03-28,no_operation,0.0,0.0,0.0,0.0,0.0,0,0
base,2025-03-29,no_operation,0.0,0.0,0.0,0.0,0.0,0,0
base,2025-03-30,no_operation,0.0,0.0,0.0,0.0,0.0,0,0
base,2025-03-31,no_operation,0.0,0.0,0.0,0.0,0.0,0,0
base,2024-04-01,naive_forecast,10450.131578947368,0.0,10450.131578947368,1.6842105263157894,1.52,8,8
base,2024-04-02,naive_forecast,8528.86842105263,0.0,8528.86842105263,1.6842105263157896,1.52,8,8
base,2024-04-03,naive_forecast,2705.2631578947367,0.0,2705.2631578947367,1.6842105263157896,1.52,8,8
base,2024-04-04,naive_forecast,2324.5592105263167,0.0,2324.5592105263167,1.3421052631578947,1.2112500000000002,6,6
base,2024-04-05,naive_forecast,4909.942105263159,0.0,4909.942105263159,1.6842105263157894,1.52,8,8
base,2024-04-06,naive_forecast,7203.878947368424,0.0,7203.878947368424,1.6842105263157894,1.5200000000000002,8,8
base,2024-04-07,naive_forecast,9678.552631578948,0.0,9678.552631578948,1.6842105263157896,1.52,8,8
base,2024-04-08,naive_forecast,1378.9473684210539,0.0,1378.9473684210539,1.263157894736842,1.14,6,6
base,2024-04-09,naive_forecast,6104.741274238229,0.0,6104.741274238229,1.6731301939058172,1.5100000000000002,8,7
base,2024-04-10,naive_forecast,4707.015789473685,0.0,4707.015789473685,1.6842105263157896,1.5200000000000002,8,8
base,2024-04-11,naive_forecast,5600.036842105264,0.0,5600.036842105264,1.6842105263157898,1.5200000000000002,8,8
base,2024-04-12,naive_forecast,9201.405263157894,0.0,9201.405263157894,1.6842105263157898,1.52,8,8
base,2024-04-13,naive_forecast,9880.973684210527,0.0,9880.973684210527,1.6842105263157896,1.52,8,8
base,2024-04-14,naive_forecast,8181.784210526317,0.0,8181.784210526317,1.6842105263157894,1.5200000000000002,8,8
base,2024-04-15,naive_forecast,2614.1368421052653,0.0,2614.1368421052653,1.2631578947368423,1.1400000000000001,6,6
base,2024-04-16,naive_forecast,3682.2052631578968,0.0,3682.2052631578968,1.6731301939058172,1.5100000000000002,8,7
base,2024-04-17,naive_forecast,9983.036842105264,0.0,9983.036842105264,1.2631578947368423,1.1400000000000001,6,6
base,2024-04-18,naive_forecast,7300.41398891967,0.0,7300.41398891967,1.554016620498615,1.4025,7,7
base,2024-04-19,naive_forecast,8662.863157894737,0.0,8662.863157894737,1.263157894736842,1.1400000000000001,6,6
base,2024-04-20,naive_forecast,7786.387811634348,0.0,7786.387811634348,1.3961218836565097,1.26,7,6
base,2024-04-21,naive_forecast,1789.169442520775,0.0,1789.169442520775,1.8691135734072022,1.686875,9,8
base,2024-04-22,naive_forecast,1257.6960526315797,0.0,1257.6960526315797,1.4210526315789473,1.2825000000000002,6,7
base,2024-04-23,naive_forecast,2943.23157894737,0.0,2943.23157894737,1.3421052631578947,1.2112500000000002,6,6
base,2024-04-24,naive_forecast,4643.005817174515,0.0,4643.005817174515,1.3961218836565097,1.2600000000000002,7,6
base,2024-04-25,naive_forecast,5999.93074792244,0.0,5999.93074792244,1.39612188365651,1.2600000000000002,7,6
base,2024-04-26,naive_forecast,5375.356250000001,0.0,5375.356250000001,1.513157894736842,1.365625,7,7
base,2024-04-27,naive_forecast,6351.824999999997,0.0,6351.824999999997,2.1710526315789473,1.9593749999999996,9,10
base,2024-04-28,naive_forecast,9106.784210526313,0.0,9106.784210526313,1.6842105263157896,1.52,8,8
base,2024-04-29,naive_forecast,1887.6662049861484,0.0,1887.6662049861484,1.3850415512465375,1.25,7,5
base,2024-04-30,naive_forecast,2258.348684210528,0.0,2258.348684210528,1.763157894736842,1.59125,8,8
base,2024-05-01,naive_forecast,445.4631578947392,0.0,445.4631578947392,1.263157894736842,1.1400000000000001,6,6
base,2024-05-02,naive_forecast,1401.1980090027707,0.0,1401.1980090027707,1.3691135734072022,1.2356250000000002,7,5
base,2024-05-03,naive_forecast,9374.17894736842,0.0,9374.17894736842,1.263157894736842,1.1400000000000001,6,6
base,2024-05-04,naive_forecast,8425.247368421053,0.0,8425.247368421053,1.6842105263157898,1.52,8,8
base,2024-05-05,naive_forecast,8231.941447368421,0.0,8231.941447368421,1.0921052631578947,0.985625,5,5
base,2024-05-06,naive_forecast,1199.6052631578937,0.0,1199.6052631578937,1.2631578947368423,1.1400000000000001,6,6
base,2024-05-07,naive_forecast,3175.578947368421,0.0,3175.578947368421,1.263157894736842,1.1400000000000001,6,6
base,2024-05-08,naive_forecast,5180.962603878116,0.0,5180.962603878116,1.3961218836565097,1.26,7,6
base,2024-05-09,naive_forecast,9344.084210526313,0.0,9344.084210526313,1.513157894736842,1.365625,7,6
base,2024-05-10,naive_forecast,9511.429120498615,0.0,9511.429120498615,2.4501385041551247,2.2112499999999997,12,10
base,2024-05-11,naive_forecast,11199.015789473688,0.0,11199.015789473688,1.2631578947368423,1.1400000000000001,6,6
base,2024-05-12,naive_forecast,2289.0379847645427,0.0,2289.0379847645427,1.9231301939058172,1.735625,9,8
base,2024-05-13,naive_forecast,3092.4720221606694,0.0,3092.4720221606694,1.6731301939058167,1.5100000000000002,9,7
base,2024-05-14,naive_forecast,4771.152908587258,0.0,4771.152908587258,1.6731301939058172,1.5100000000000002,8,7
base,2024-05-15,naive_forecast,9680.46842105263,0.0,9680.46842105263,1.6842105263157896,1.52,8,8
base,2024-05-16,naive_forecast,10883.315789473687,0.0,10883.315789473687,1.6842105263157898,1.52,8,8
base,2024-05-17,naive_forecast,12311.384210526317,0.0,12311.384210526317,1.263157894736842,1.1400000000000001,6,6
base,2024-05-18,naive_forecast,8646.903497229921,0.0,8646.903497229921,1.4750692520775626,1.3312500000000003,7,7
base,2024-05-19,naive_forecast,866.6911357340718,0.0,866.6911357340718,0.9750692520775625,0.88,5,4
base,2024-05-20,naive_forecast,2379.9747922437655,0.0,2379.9747922437655,0.9750692520775625,0.88,5,4
base,2024-05-21,naive_forecast,9928.05263157895,0.0,9928.05263157895,1.263157894736842,1.1400000000000001,6,6
base,2024-05-22,naive_forecast,9116.412465373962,0.0,9116.412465373962,1.554016620498615,1.4025,7,7
base,2024-05-23,naive_forecast,5753.94293628809,0.0,5753.94293628809,1.673130193905817,1.51,8,7
base,2024-05-24,naive_forecast,8379.21052631579,0.0,8379.21052631579,1.3961218836565097,1.26,7,6
base,2024-05-25,naive_forecast,8850.672368421056,0.0,8850.672368421056,1.4210526315789473,1.2825,6,7
base,2024-05-26,naive_forecast,9253.77894736842,0.0,9253.77894736842,1.0921052631578951,0.985625,5,5
base,2024-05-27,naive_forecast,2229.615789473687,0.0,2229.615789473687,1.2631578947368418,1.1400000000000001,6,6
base,2024-05-28,naive_forecast,5644.399999999999,0.0,5644.399999999999,1.3421052631578947,1.21125,6,6
base,2024-05-29,naive_forecast,-5053.045360110803,0.0,-5053.045360110803,1.6191135734072022,1.46125,8,6
base,2024-05-30,naive_forecast,4263.206907894739,0.0,4263.206907894739,1.513157894736842,1.365625,7,7
base,2024-05-31,naive_forecast,-1245.3358552631576,0.0,-1245.3358552631576,1.763157894736842,1.59125,8,8
base,2024-06-01,naive_forecast,-485.568750000001,0.0,-485.568750000001,1.5131578947368425,1.365625,7,7
base,2024-06-02,naive_forecast,8946.889144736842,0.0,8946.889144736842,1.0921052631578947,0.985625,5,5
base,2024-06-03,naive_forecast,1923.957340720221,0.0,1923.957340720221,2.0941828254847645,1.8900000000000001,10,9
base,2024-06-04,naive_forecast,8648.973684210527,0.0,8648.973684210527,1.263157894736842,1.1400000000000001,6,6
base,2024-06-05,naive_forecast,10052.744736842102,0.0,10052.744736842102,1.7631578947368423,1.59125,8,8
base,2024-06-06,naive_forecast,3721.7789473684206,0.0,3721.7789473684206,1.2631578947368423,1.1400000000000001,6,6
base,2024-06-07,naive_forecast,2643.8180921052617,0.0,2643.8180921052617,1.513157894736842,1.365625,7,7
base,2024-06-08,naive_forecast,8676.975173130191,0.0,8676.975173130191,1.7901662049861495,1.615625,9,8
base,2024-06-09,naive_forecast,1567.7143871191158,0.0,1567.7143871191158,1.5020775623268698,1.355625,7,6
base,2024-06-10,naive_forecast,4780.726315789472,0.0,4780.726315789472,1.513157894736842,1.365625,7,7
base,2024-06-11,naive_forecast,9844.915789473685,0.0,9844.915789473685,1.263157894736842,1.1400000000000001,6,6
base,2024-06-12,naive_forecast,7457.226315789471,0.0,7457.226315789471,1.2631578947368423,1.1400000000000001,6,6
base,2024-06-13,naive_forecast,6989.359868421053,0.0,6989.359868421053,1.5131578947368423,1.365625,7,7
base,2024-06-14,naive_forecast,8422.187500000004,0.0,8422.187500000004,1.763157894736842,1.59125,8,8
base,2024-06-15,naive_forecast,6564.922368421054,0.0,6564.922368421054,1.6710526315789473,1.508125,7,8
base,2024-06-16,naive_forecast,13751.931578947371,0.0,13751.931578947371,1.263157894736842,1.1400000000000001,6,6
base,2024-06-17,naive_forecast,6176.07894736842,0.0,6176.07894736842,1.2631578947368423,1.1400000000000001,6,6
base,2024-06-18,naive_forecast,5243.828947368419,0.0,5243.828947368419,1.6710526315789473,1.508125,7,8
base,2024-06-19,naive_forecast,6328.351523545708,0.0,6328.351523545708,1.6731301939058172,1.5100000000000002,8,7
base,2024-06-20,naive_forecast,3831.44511772853,0.0,3831.44511772853,1.7901662049861498,1.615625,9,8
base,2024-06-21,naive_forecast,900.587499999998,0.0,900.587499999998,1.5131578947368423,1.365625,7,7
base,2024-06-22,naive_forecast,1972.8975069252099,0.0,1972.8975069252099,1.1191135734072022,1.0100000000000002,5,5
base,2024-06-23,naive_forecast,1974.1575831024911,0.0,1974.1575831024911,1.9480609418282548,1.7581249999999997,9,9
base,2024-06-24,naive_forecast,3330.6157894736853,0.0,3330.6157894736853,1.263157894736842,1.1400000000000001,6,6
base,2024-06-25,naive_forecast,3585.7947368421064,0.0,3585.7947368421064,0.8421052631578948,0.7600000000000001,4,4
base,2024-06-26,naive_forecast,1087.494078947369,0.0,1087.494078947369,2.0131578947368425,1.816875,9,8
base,2024-06-27,naive_forecast,2334.5005540166194,0.0,2334.5005540166194,1.39612188365651,1.26,6,6
base,2024-06-28,naive_forecast,691.3118421052609,0.0,691.3118421052609,2.013157894736842,1.816875,9,9
base,2024-06-29,naive_forecast,-3922.582860110805,0.0,-3922.582860110805,1.6191135734072022,1.4612500000000002,7,6
base,2024-06-30,naive_forecast,2266.692520775624,0.0,2266.692520775624,1.1191135734072022,1.0100000000000002,6,5
base,2024-07-01,naive_forecast,741.347368421053,0.0,741.347368421053,1.2631578947368423,1.1400000000000001,6,6
base,2024-07-02,naive_forecast,-412.8480263157903,0.0,-412.8480263157903,1.5921052631578947,1.436875,7,7
base,2024-07-03,naive_forecast,5497.519078947372,0.0,5497.519078947372,1.513157894736842,1.365625,7,7
base,2024-07-04,naive_forecast,8149.7157894736865,0.0,8149.7157894736865,1.2631578947368423,1.1400000000000001,6,6
base,2024-07-05,naive_forecast,7046.627216066483,0.0,7046.627216066483,2.04016620498615,1.8412499999999998,10,9
base,2024-07-06,naive_forecast,2668.0163434903047,0.0,2668.0163434903047,2.371191135734072,2.1399999999999997,12,10
base,2024-07-07,naive_forecast,7725.6315789473665,0.0,7725.6315789473665,1.2631578947368423,1.1400000000000001,6,6
base,2024-07-08,naive_forecast,6041.9578947368445,0.0,6041.9578947368445,1.263157894736842,1.1400000000000001,6,6
base,2024-07-09,naive_forecast,10049.785318559558,0.0,10049.785318559558,1.6731301939058172,1.5100000000000002,9,7
base,2024-07-10,naive_forecast,10806.052493074796,0.0,10806.052493074796,1.6191135734072022,1.4612500000000002,7,7
base,2024-07-11,naive_forecast,3002.2849030470925,0.0,3002.2849030470925,1.6191135734072022,1.4612500000000002,7,7
base,2024-07-12,naive_forecast,1798.797039473687,0.0,1798.797039473687,1.5921052631578947,1.4368750000000001,7,7
base,2024-07-13,naive_forecast,835.936842105264,0.0,835.936842105264,0.8421052631578948,0.7600000000000001,4,4
base,2024-07-14,naive_forecast,2654.2210526315807,0.0,2654.2210526315807,1.263157894736842,1.1400000000000001,6,6
base,2024-07-15,naive_forecast,3128.9157894736845,0.0,3128.9157894736845,1.2631578947368423,1.1400000000000001,6,6
base,2024-07-16,naive_forecast,1364.171710526313,0.0,1364.171710526313,1.5131578947368423,1.365625,7,7
base,2024-07-17,naive_forecast,2719.0289473684197,0.0,2719.0289473684197,1.3421052631578947,1.21125,6,6
base,2024-07-18,naive_forecast,5860.692797783932,0.0,5860.692797783932,1.1191135734072022,1.01,5,5
base,2024-07-19,naive_forecast,5573.291447368421,0.0,5573.291447368421,1.6710526315789473,1.508125,7,8
base,2024-07-20,naive_forecast,3074.4005540166227,0.0,3074.4005540166227,1.3961218836565097,1.26,7,6
base,2024-07-21,naive_forecast,6738.605263157897,0.0,6738.605263157897,1.2631578947368423,1.1400000000000001,6,6
base,2024-07-22,naive_forecast,9694.342105263157,0.0,9694.342105263157,1.263157894736842,1.1400000000000001,6,6
base,2024-07-23,naive_forecast,10805.644009695287,0.0,10805.644009695287,1.1980609418282548,1.0812499999999998,6,6
base,2024-07-24,naive_forecast,6222.286842105264,0.0,6222.286842105264,2.2631578947368425,2.0425000000000004,10,10
base,2024-07-25,naive_forecast,4932.701523545704,0.0,4932.701523545704,2.0401662049861495,1.84125,10,9
base,2024-07-26,naive_forecast,5811.474999999997,0.0,5811.474999999997,1.0921052631578947,0.985625,5,5
base,2024-07-27,naive_forecast,4215.240114265926,0.0,4215.240114265926,2.369113573407202,2.1381249999999996,10,10
base,2024-07-28,naive_forecast,8189.736842105263,0.0,8189.736842105263,1.1191135734072022,1.0100000000000002,5,5
base,2024-07-29,naive_forecast,11253.363157894735,0.0,11253.363157894735,1.2631578947368423,1.1400000000000001,6,6
base,2024-07-30,naive_forecast,11529.53552631579,0.0,11529.53552631579,1.6710526315789473,1.5081249999999997,7,8
base,2024-07-31,naive_forecast,10623.657894736842,0.0,10623.657894736842,2.0131578947368425,1.816875,9,9
base,2024-08-01,naive_forecast,13706.234539473688,0.0,13706.234539473688,1.513157894736842,1.365625,7,6
base,2024-08-02,naive_forecast,5857.59134349031,0.0,5857.59134349031,1.3691135734072022,1.2356250000000002,6,5
base,2024-08-03,naive_forecast,4524.765131578945,0.0,4524.765131578945,1.1710526315789473,1.0568749999999998,5,6
base,2024-08-04,naive_forecast,5769.052631578948,0.0,5769.052631578948,1.2631578947368423,1.1400000000000001,6,6
base,2024-08-05,naive_forecast,4662.115789473688,0.0,4662.115789473688,1.263157894736842,1.1400000000000001,6,6
base,2024-08-06,naive_forecast,4851.300000000001,0.0,4851.300000000001,0.8421052631578948,0.7600000000000001,4,4
base,2024-08-07,naive_forecast,3465.894736842104,0.0,3465.894736842104,2.105263157894737,1.9000000000000001,10,10
base,2024-08-08,naive_forecast,5628.019667590025,0.0,5628.019667590025,1.6731301939058172,1.51,8,7
base,2024-08-09,naive_forecast,4958.4166204986195,0.0,4958.4166204986195,1.817174515235457,1.6400000000000001,8,8
base,2024-08-10,naive_forecast,4162.997264542936,0.0,4162.997264542936,1.4750692520775623,1.33125,7,7
base,2024-08-11,naive_forecast,5743.310526315791,0.0,5743.310526315791,1.263157894736842,1.1400000000000001,6,6
base,2024-08-12,naive_forecast,4317.4000000000015,0.0,4317.4000000000015,1.263157894736842,1.1400000000000001,6,6
base,2024-08-13,naive_forecast,5523.678947368425,0.0,5523.678947368425,1.263157894736842,1.1400000000000001,6,6
base,2024-08-14,naive_forecast,4362.16315789474,0.0,4362.16315789474,1.263157894736842,1.1400000000000001,6,6
base,2024-08-15,naive_forecast,4515.7631578947385,0.0,4515.7631578947385,1.263157894736842,1.1400000000000001,6,6
base,2024-08-16,naive_forecast,3745.1315789473683,0.0,3745.1315789473683,1.2631578947368423,1.1400000000000001,6,6
base,2024-08-17,naive_forecast,4784.297039473684,0.0,4784.297039473684,1.1710526315789473,1.0568749999999998,5,6
base,2024-08-18,naive_forecast,7004.494736842104,0.0,7004.494736842104,1.2631578947368423,1.1400000000000001,6,6
base,2024-08-19,naive_forecast,4185.315789473683,0.0,4185.315789473683,1.2631578947368423,1.1400000000000001,6,6
base,2024-08-20,naive_forecast,5103.592105263156,0.0,5103.592105263156,1.0921052631578947,0.985625,5,5
base,2024-08-21,naive_forecast,5205.231578947371,0.0,5205.231578947371,1.3421052631578947,1.2112500000000002,6,6
base,2024-08-22,naive_forecast,3739.231578947372,0.0,3739.231578947372,0.8421052631578947,0.7600000000000001,4,4
base,2024-08-23,naive_forecast,4173.821052631578,0.0,4173.821052631578,1.5921052631578947,1.436875,7,7
base,2024-08-24,naive_forecast,2519.7667763157874,0.0,2519.7667763157874,1.5921052631578947,1.4368750000000001,7,7
base,2024-08-25,naive_forecast,2655.717434210526,0.0,2655.717434210526,1.513157894736842,1.3656249999999999,7,7
base,2024-08-26,naive_forecast,4522.605263157897,0.0,4522.605263157897,1.2631578947368423,1.1400000000000001,6,6
base,2024-08-27,naive_forecast,5841.06677631579,0.0,5841.06677631579,1.1710526315789473,1.056875,5,6
base,2024-08-28,naive_forecast,5078.736184210525,0.0,5078.736184210525,1.3421052631578947,1.21125,6,6
base,2024-08-29,naive_forecast,4271.017105263157,0.0,4271.017105263157,1.0921052631578947,0.985625,5,5
base,2024-08-30,naive_forecast,16173.157894736847,0.0,16173.157894736847,0.8421052631578948,0.7600000000000001,4,4
base,2024-08-31,naive_forecast,254.34835526315692,0.0,254.34835526315692,1.8421052631578947,1.6625,8,7
base,2024-09-01,naive_forecast,4338.684210526316,0.0,4338.684210526316,0.8421052631578948,0.76,4,4
base,2024-09-02,naive_forecast,5779.257894736842,0.0,5779.257894736842,1.2631578947368423,1.1400000000000001,6,6
base,2024-09-03,naive_forecast,5088.7947368421055,0.0,5088.7947368421055,1.263157894736842,1.14,6,6
base,2024-09-04,naive_forecast,5275.9000000000015,0.0,5275.9000000000015,1.263157894736842,1.1400000000000001,6,6
base,2024-09-05,naive_forecast,6443.731578947371,0.0,6443.731578947371,1.263157894736842,1.1400000000000001,6,6
base,2024-09-06,naive_forecast,6033.363157894739,0.0,6033.363157894739,1.263157894736842,1.1400000000000001,6,6
base,2024-09-07,naive_forecast,3508.773684210527,0.0,3508.773684210527,1.263157894736842,1.1400000000000001,6,6
base,2024-09-08,naive_forecast,4826.763157894737,0.0,4826.763157894737,1.263157894736842,1.1400000000000001,6,6
base,2024-09-09,naive_forecast,11333.436842105264,0.0,11333.436842105264,1.263157894736842,1.1400000000000001,6,6
base,2024-09-10,naive_forecast,10771.324342105263,0.0,10771.324342105263,0.9210526315789473,0.8312499999999999,4,5
base,2024-09-11,naive_forecast,13915.315789473687,0.0,13915.315789473687,0.8421052631578948,0.76,4,4
base,2024-09-12,naive_forecast,8440.571052631576,0.0,8440.571052631576,1.3421052631578947,1.2112500000000002,6,6
base,2024-09-13,naive_forecast,9037.53947368421,0.0,9037.53947368421,1.3421052631578947,1.2112500000000002,6,6
base,2024-09-14,naive_forecast,5209.839265927979,0.0,5209.839265927979,1.1980609418282548,1.08125,6,6
base,2024-09-15,naive_forecast,2572.5789473684194,0.0,2572.5789473684194,1.2631578947368423,1.14,6,6
base,2024-09-16,naive_forecast,5192.291153047092,0.0,5192.291153047092,1.3691135734072022,1.2356250000000002,6,6
base,2024-09-17,naive_forecast,16014.789473684214,0.0,16014.789473684214,1.2631578947368423,1.1400000000000001,6,6
base,2024-09-18,naive_forecast,15880.9,0.0,15880.9,1.263157894736842,1.14,6,6
base,2024-09-19,naive_forecast,16041.692434210525,0.0,16041.692434210525,1.4210526315789473,1.2824999999999998,6,7
base,2024-09-20,naive_forecast,15874.639889196676,0.0,15874.639889196676,1.3961218836565097,1.26,7,6
base,2024-09-21,naive_forecast,3435.69835526316,0.0,3435.69835526316,1.6710526315789473,1.5081250000000002,7,8
base,2024-09-22,naive_forecast,2880.3631578947384,0.0,2880.3631578947384,0.8421052631578948,0.7600000000000001,4,4
base,2024-09-23,naive_forecast,3349.2894736842127,0.0,3349.2894736842127,1.263157894736842,1.1400000000000001,6,6
base,2024-09-24,naive_forecast,6188.700657894737,0.0,6188.700657894737,1.513157894736842,1.365625,7,7
base,2024-09-25,naive_forecast,3705.1368421052625,0.0,3705.1368421052625,1.961218836565097,1.77,9,9
base,2024-09-26,naive_forecast,6642.342105263159,0.0,6642.342105263159,1.513157894736842,1.365625,7,7
base,2024-09-27,naive_forecast,3695.42496537396,0.0,3695.42496537396,1.6461218836565097,1.485625,8,7
base,2024-09-28,naive_forecast,253.31907894736628,0.0,253.31907894736628,1.0921052631578947,0.985625,5,5
base,2024-09-29,naive_forecast,1929.9947368421062,0.0,1929.9947368421062,1.2631578947368423,1.1400000000000001,6,6
base,2024-09-30,naive_forecast,3897.778947368422,0.0,3897.778947368422,1.2631578947368423,1.1400000000000001,6,6
base,2024-10-01,naive_forecast,6560.363157894738,0.0,6560.363157894738,1.6842105263157896,1.52,8,8
base,2024-10-02,naive_forecast,6996.463815789473,0.0,6996.463815789473,1.513157894736842,1.365625,7,7
base,2024-10-03,naive_forecast,1324.7609418282557,0.0,1324.7609418282557,1.6731301939058172,1.51,8,7
base,2024-10-04,naive_forecast,6543.311184210528,0.0,6543.311184210528,1.4210526315789473,1.2825000000000002,6,7
base,2024-10-05,naive_forecast,115.52105263157664,0.0,115.52105263157664,1.3421052631578947,1.21125,6,6
base,2024-10-06,naive_forecast,6267.031578947369,0.0,6267.031578947369,1.2631578947368423,1.1400000000000001,6,6
base,2024-10-07,naive_forecast,1817.4263157894725,0.0,1817.4263157894725,1.2631578947368423,1.1400000000000001,6,6
base,2024-10-08,naive_forecast,4886.305263157895,0.0,4886.305263157895,1.3421052631578947,1.2112500000000002,6,6
base,2024-10-09,naive_forecast,5722.000051939055,0.0,5722.000051939055,1.64612188365651,1.485625,8,7
base,2024-10-10,naive_forecast,10625.473684210527,0.0,10625.473684210527,1.6842105263157898,1.52,8,8
base,2024-10-11,naive_forecast,13223.052631578948,0.0,13223.052631578948,1.6842105263157896,1.5200000000000002,8,8
base,2024-10-12,naive_forecast,9501.711357340722,0.0,9501.711357340722,1.6731301939058172,1.51,8,7
base,2024-10-13,naive_forecast,10186.796121883659,0.0,10186.796121883659,1.6731301939058172,1.51,8,7
base,2024-10-14,naive_forecast,5217.647368421052,0.0,5217.647368421052,1.6842105263157896,1.52,8,8
base,2024-10-15,naive_forecast,7889.917105263161,0.0,7889.917105263161,1.7631578947368423,1.59125,8,9
base,2024-10-16,naive_forecast,4865.599999999995,0.0,4865.599999999995,1.6842105263157898,1.52,8,8
base,2024-10-17,naive_forecast,6501.2052631579,0.0,6501.2052631579,0.8421052631578948,0.7600000000000001,4,4
base,2024-10-18,naive_forecast,8496.980609418286,0.0,8496.980609418286,1.3961218836565097,1.2600000000000002,7,6
base,2024-10-19,naive_forecast,3198.4163434903057,0.0,3198.4163434903057,1.6731301939058172,1.5100000000000002,8,7
base,2024-10-20,naive_forecast,9432.747368421053,0.0,9432.747368421053,1.263157894736842,1.1400000000000001,6,6
base,2024-10-21,naive_forecast,6720.238157894737,0.0,6720.238157894737,1.5131578947368423,1.365625,7,7
base,2024-10-22,naive_forecast,6067.226315789475,0.0,6067.226315789475,1.6842105263157896,1.5200000000000002,8,8
base,2024-10-23,naive_forecast,4516.325484764542,0.0,4516.325484764542,1.673130193905817,1.51,8,7
base,2024-10-24,naive_forecast,5462.319944598336,0.0,5462.319944598336,1.1191135734072022,1.01,6,5
base,2024-10-25,naive_forecast,5870.057894736845,0.0,5870.057894736845,1.6842105263157896,1.52,8,8
base,2024-10-26,naive_forecast,2189.2098684210537,0.0,2189.2098684210537,1.763157894736842,1.59125,8,9
base,2024-10-27,naive_forecast,3668.0157894736835,0.0,3668.0157894736835,1.2631578947368423,1.1400000000000001,6,6
base,2024-10-28,naive_forecast,4095.1631578947386,0.0,4095.1631578947386,1.2631578947368423,1.1400000000000001,6,6
base,2024-10-29,naive_forecast,4706.4,0.0,4706.4,1.6842105263157896,1.5200000000000002,8,8
base,2024-10-30,naive_forecast,5705.120221606647,0.0,5705.120221606647,1.961218836565097,1.77,9,9
base,2024-10-31,naive_forecast,4857.694736842104,0.0,4857.694736842104,1.6842105263157896,1.52,8,8
base,2024-11-01,naive_forecast,1980.0831024930776,0.0,1980.0831024930776,1.6731301939058172,1.5100000000000002,8,7
base,2024-11-02,naive_forecast,-932.9368421052661,0.0,-932.9368421052661,1.39612188365651,1.26,7,6
base,2024-11-03,naive_forecast,-4309.329605263159,0.0,-4309.329605263159,1.4210526315789473,1.2825000000000002,6,7
base,2024-11-04,naive_forecast,6572.44570637119,0.0,6572.44570637119,1.9612188365650973,1.77,9,9
base,2024-11-05,naive_forecast,6181.7240131578965,0.0,6181.7240131578965,1.513157894736842,1.365625,7,7
base,2024-11-06,naive_forecast,7733.6273026315785,0.0,7733.6273026315785,1.513157894736842,1.365625,7,7
base,2024-11-07,naive_forecast,9704.265460526316,0.0,9704.265460526316,1.9342105263157898,1.745625,9,9
base,2024-11-08,naive_forecast,8664.469529085874,0.0,8664.469529085874,1.6731301939058172,1.51,8,7
base,2024-11-09,naive_forecast,5505.768421052632,0.0,5505.768421052632,1.6842105263157896,1.52,8,8
base,2024-11-10,naive_forecast,4140.936842105264,0.0,4140.936842105264,1.6842105263157896,1.5200000000000002,8,8
base,2024-11-11,naive_forecast,5083.55540166205,0.0,5083.55540166205,1.6731301939058172,1.51,8,7
base,2024-11-12,naive_forecast,8799.825761772854,0.0,8799.825761772854,1.961218836565097,1.77,9,9
base,2024-11-13,naive_forecast,10666.147368421054,0.0,10666.147368421054,1.6842105263157898,1.52,8,8
base,2024-11-14,naive_forecast,7913.93684210526,0.0,7913.93684210526,1.6842105263157896,1.52,8,8
base,2024-11-15,naive_forecast,3431.4368421052636,0.0,3431.4368421052636,1.6842105263157898,1.52,8,8
base,2024-11-16,naive_forecast,783.641118421051,0.0,783.641118421051,1.5921052631578947,1.4368750000000001,7,7
base,2024-11-17,naive_forecast,4512.294736842105,0.0,4512.294736842105,1.2631578947368423,1.1400000000000001,6,6
base,2024-11-18,naive_forecast,6036.27894736842,0.0,6036.27894736842,1.6842105263157896,1.52,8,8
base,2024-11-19,naive_forecast,8397.573684210525,0.0,8397.573684210525,1.6842105263157898,1.52,8,8
base,2024-11-20,naive_forecast,8975.236842105263,0.0,8975.236842105263,1.6842105263157896,1.52,8,8
base,2024-11-21,naive_forecast,11147.710526315792,0.0,11147.710526315792,1.6842105263157898,1.5200000000000002,8,8
base,2024-11-22,naive_forecast,5989.299999999998,0.0,5989.299999999998,1.6842105263157896,1.52,8,8
base,2024-11-23,naive_forecast,3934.521052631577,0.0,3934.521052631577,1.6842105263157894,1.52,8,8
base,2024-11-24,naive_forecast,5306.695013850417,0.0,5306.695013850417,1.6731301939058172,1.51,8,7
base,2024-11-25,naive_forecast,11215.547368421054,0.0,11215.547368421054,1.263157894736842,1.1400000000000001,6,6
base,2024-11-26,naive_forecast,7252.761842105263,0.0,7252.761842105263,1.8421052631578947,1.6624999999999999,8,9
base,2024-11-27,naive_forecast,5321.605263157892,0.0,5321.605263157892,1.6842105263157896,1.52,8,8
base,2024-11-28,naive_forecast,8255.991447368417,0.0,8255.991447368417,1.7631578947368423,1.59125,8,9
base,2024-11-29,naive_forecast,5135.610526315791,0.0,5135.610526315791,1.6842105263157896,1.52,8,8
base,2024-11-30,naive_forecast,3166.067105263161,0.0,3166.067105263161,1.763157894736842,1.5912500000000005,8,9
base,2024-12-01,naive_forecast,10420.46011080333,0.0,10420.46011080333,1.6731301939058172,1.51,8,7
base,2024-12-02,naive_forecast,7709.5432132964,0.0,7709.5432132964,1.5401662049861498,1.3900000000000001,7,7
base,2024-12-03,naive_forecast,7466.527960526317,0.0,7466.527960526317,1.9342105263157896,1.745625,9,9
base,2024-12-04,naive_forecast,7943.663157894739,0.0,7943.663157894739,1.6842105263157894,1.52,8,8
base,2024-12-05,naive_forecast,6839.068421052632,0.0,6839.068421052632,1.6842105263157896,1.52,8,8
base,2024-12-06,naive_forecast,7862.663157894737,0.0,7862.663157894737,1.6842105263157894,1.52,8,8
base,2024-12-07,naive_forecast,3598.231578947367,0.0,3598.231578947367,1.6842105263157896,1.52,8,8
base,2024-12-08,naive_forecast,7442.994736842105,0.0,7442.994736842105,1.2631578947368423,1.1400000000000001,6,6
base,2024-12-09,naive_forecast,5361.063157894738,0.0,5361.063157894738,1.263157894736842,1.1400000000000001,6,6
base,2024-12-10,naive_forecast,7227.383379501384,0.0,7227.383379501384,1.9612188365650969,1.77,9,9
base,2024-12-11,naive_forecast,9219.163157894738,0.0,9219.163157894738,1.6842105263157894,1.52,8,8
base,2024-12-12,naive_forecast,9296.484210526318,0.0,9296.484210526318,1.6842105263157896,1.52,8,8
base,2024-12-13,naive_forecast,8419.589473684211,0.0,8419.589473684211,1.6842105263157896,1.52,8,8
base,2024-12-14,naive_forecast,5546.508864265925,0.0,5546.508864265925,1.961218836565097,1.77,9,9
base,2024-12-15,naive_forecast,4719.410803324101,0.0,4719.410803324101,1.673130193905817,1.51,8,7
base,2024-12-16,naive_forecast,4808.764144736841,0.0,4808.764144736841,1.5131578947368423,1.3656249999999999,7,7
base,2024-12-17,naive_forecast,7273.9894736842125,0.0,7273.9894736842125,1.6842105263157896,1.52,8,8
base,2024-12-18,naive_forecast,7549.510526315789,0.0,7549.510526315789,1.6842105263157896,1.52,8,8
base,2024-12-19,naive_forecast,12506.67894736842,0.0,12506.67894736842,1.6842105263157896,1.52,8,8
base,2024-12-20,naive_forecast,8263.636842105263,0.0,8263.636842105263,1.6842105263157898,1.52,8,8
base,2024-12-21,naive_forecast,1587.3019736842107,0.0,1587.3019736842107,1.9342105263157896,1.7456250000000002,9,9
base,2024-12-22,naive_forecast,5707.305263157892,0.0,5707.305263157892,1.2631578947368423,1.1400000000000001,6,6
base,2024-12-23,naive_forecast,4046.610526315789,0.0,4046.610526315789,1.2631578947368423,1.1400000000000001,6,6
base,2024-12-24,naive_forecast,9397.142105263158,0.0,9397.142105263158,1.6842105263157896,1.52,8,8
base,2024-12-25,naive_forecast,8778.621052631579,0.0,8778.621052631579,1.6842105263157898,1.5200000000000002,8,8
base,2024-12-26,naive_forecast,6136.484210526319,0.0,6136.484210526319,1.6842105263157898,1.5200000000000002,8,8
base,2024-12-27,naive_forecast,2838.4631578947337,0.0,2838.4631578947337,1.6842105263157896,1.52,8,8
base,2024-12-28,naive_forecast,3808.8526315789445,0.0,3808.8526315789445,1.9612188365650973,1.77,9,9
base,2024-12-29,naive_forecast,6357.577008310252,0.0,6357.577008310252,1.961218836565097,1.7700000000000002,9,9
base,2024-12-30,naive_forecast,7346.978185595569,0.0,7346.978185595569,2.211218836565097,1.995625,10,10
base,2024-12-31,naive_forecast,6502.530470914128,0.0,6502.530470914128,1.9501385041551245,1.76,9,8
base,2025-01-01,naive_forecast,9334.7625,0.0,9334.7625,1.5,1.3537499999999998,6,7
base,2025-01-02,naive_forecast,8870.332236842105,0.0,8870.332236842105,1.592105263157895,1.436875,7,7
base,2025-01-03,naive_forecast,6778.002493074793,0.0,6778.002493074793,1.9612188365650973,1.77,9,9
base,2025-01-04,naive_forecast,6324.463157894741,0.0,6324.463157894741,1.6842105263157894,1.5200000000000002,8,8
base,2025-01-05,naive_forecast,4219.219252077559,0.0,4219.219252077559,2.7112188365650973,2.446875,12,12
base,2025-01-06,naive_forecast,4464.0409972299185,0.0,4464.0409972299185,1.9612188365650969,1.7700000000000002,9,9
base,2025-01-07,naive_forecast,3398.3324792243775,0.0,3398.3324792243775,2.2901662049861495,2.066875,11,10
base,2025-01-08,naive_forecast,7236.489473684209,0.0,7236.489473684209,1.6842105263157894,1.52,8,8
base,2025-01-09,naive_forecast,9197.615789473686,0.0,9197.615789473686,1.6842105263157896,1.52,8,8
base,2025-01-10,naive_forecast,8140.100657894742,0.0,8140.100657894742,1.763157894736842,1.5912500000000005,8,9
base,2025-01-11,naive_forecast,4449.094736842104,0.0,4449.094736842104,1.6842105263157894,1.52,8,8
base,2025-01-12,naive_forecast,3153.250415512467,0.0,3153.250415512467,1.3961218836565097,1.26,7,6
base,2025-01-13,naive_forecast,6075.528808864265,0.0,6075.528808864265,1.3961218836565097,1.26,7,6
base,2025-01-14,naive_forecast,7285.694736842101,0.0,7285.694736842101,1.6842105263157896,1.52,8,8
base,2025-01-15,naive_forecast,6161.352631578949,0.0,6161.352631578949,1.6842105263157894,1.52,8,8
base,2025-01-16,naive_forecast,9381.542105263155,0.0,9381.542105263155,1.6842105263157894,1.52,8,8
base,2025-01-17,naive_forecast,7779.194736842106,0.0,7779.194736842106,1.6842105263157896,1.52,8,8
base,2025-01-18,naive_forecast,6425.251973684211,0.0,6425.251973684211,1.9342105263157894,1.745625,9,8
base,2025-01-19,naive_forecast,4282.279778393352,0.0,4282.279778393352,1.3961218836565097,1.26,7,6
base,2025-01-20,naive_forecast,5587.594736842106,0.0,5587.594736842106,1.263157894736842,1.1400000000000001,6,6
base,2025-01-21,naive_forecast,7161.047368421056,0.0,7161.047368421056,1.6842105263157894,1.52,8,8
base,2025-01-22,naive_forecast,8843.475623268698,0.0,8843.475623268698,1.9612188365650973,1.77,9,9
base,2025-01-23,naive_forecast,10860.94210526316,0.0,10860.94210526316,1.6842105263157894,1.52,8,8
base,2025-01-24,naive_forecast,6237.959556786703,0.0,6237.959556786703,1.9612188365650969,1.77,9,9
base,2025-01-25,naive_forecast,10237.803047091413,0.0,10237.803047091413,1.9612188365650969,1.77,9,9
base,2025-01-26,naive_forecast,8493.90361842105,0.0,8493.90361842105,2.2631578947368425,2.0425,10,10
base,2025-01-27,naive_forecast,2435.266776315787,0.0,2435.266776315787,2.0921052631578947,1.888125,9,9
base,2025-01-28,naive_forecast,5621.58531855956,0.0,5621.58531855956,1.9612188365650973,1.7700000000000005,9,9
base,2025-01-29,naive_forecast,6294.352631578948,0.0,6294.352631578948,1.6842105263157894,1.52,8,8
base,2025-01-30,naive_forecast,8988.257894736842,0.0,8988.257894736842,1.6842105263157896,1.52,8,8
base,2025-01-31,naive_forecast,6879.600000000001,0.0,6879.600000000001,1.6842105263157894,1.52,8,8
base,2025-02-01,naive_forecast,3870.4157894736854,0.0,3870.4157894736854,1.6842105263157896,1.5200000000000002,8,8
base,2025-02-02,naive_forecast,2120.8526315789463,0.0,2120.8526315789463,1.6842105263157896,1.52,8,8
base,2025-02-03,naive_forecast,3641.794736842104,0.0,3641.794736842104,1.3961218836565097,1.26,7,6
base,2025-02-04,naive_forecast,7363.357894736844,0.0,7363.357894736844,1.6842105263157894,1.52,8,8
base,2025-02-05,naive_forecast,9601.45263157895,0.0,9601.45263157895,1.6842105263157894,1.52,8,8
base,2025-02-06,naive_forecast,11421.5,0.0,11421.5,1.6842105263157896,1.5200000000000002,8,8
base,2025-02-07,naive_forecast,7231.7473684210545,0.0,7231.7473684210545,1.6842105263157896,1.5200000000000002,8,8
base,2025-02-08,naive_forecast,6645.9947368421035,0.0,6645.9947368421035,1.6842105263157896,1.52,8,8
base,2025-02-09,naive_forecast,4364.715789473686,0.0,4364.715789473686,2.0941828254847645,1.8900000000000001,10,9
base,2025-02-10,naive_forecast,6966.868421052631,0.0,6966.868421052631,1.513157894736842,1.365625,7,7
base,2025-02-11,naive_forecast,7161.231578947369,0.0,7161.231578947369,1.6842105263157896,1.52,8,8
base,2025-02-12,naive_forecast,6088.230747922437,0.0,6088.230747922437,1.673130193905817,1.51,8,7
base,2025-02-13,naive_forecast,7327.110526315794,0.0,7327.110526315794,1.6842105263157894,1.5200000000000002,8,8
base,2025-02-14,naive_forecast,10411.084210526315,0.0,10411.084210526315,1.6842105263157896,1.52,8,8
base,2025-02-15,naive_forecast,6373.699999999998,0.0,6373.699999999998,1.75,1.5793749999999998,7,9
base,2025-02-16,naive_forecast,5302.422801246537,0.0,5302.422801246537,1.6461218836565097,1.485625,8,7
base,2025-02-17,naive_forecast,6200.729276315789,0.0,6200.729276315789,1.513157894736842,1.365625,7,7
base,2025-02-18,naive_forecast,9590.763157894735,0.0,9590.763157894735,1.6842105263157894,1.52,8,8
base,2025-02-19,naive_forecast,11745.494736842104,0.0,11745.494736842104,1.6842105263157898,1.52,8,8
base,2025-02-20,naive_forecast,10544.105263157895,0.0,10544.105263157895,1.6842105263157896,1.52,8,8
base,2025-02-21,naive_forecast,9728.85263157895,0.0,9728.85263157895,1.6842105263157894,1.52,8,8
base,2025-02-22,naive_forecast,9348.115789473679,0.0,9348.115789473679,1.6842105263157898,1.52,8,8
base,2025-02-23,naive_forecast,7200.594736842107,0.0,7200.594736842107,1.6842105263157896,1.52,8,8
base,2025-02-24,naive_forecast,8997.731578947369,0.0,8997.731578947369,1.2631578947368423,1.1400000000000001,6,6
base,2025-02-25,naive_forecast,12388.214681440442,0.0,12388.214681440442,1.6731301939058172,1.51,8,7
base,2025-02-26,naive_forecast,9470.457894736845,0.0,9470.457894736845,1.8421052631578947,1.6624999999999999,8,9
base,2025-02-27,naive_forecast,9415.942659279779,0.0,9415.942659279779,1.961218836565097,1.7700000000000005,9,9
base,2025-02-28,naive_forecast,5184.004605263155,0.0,5184.004605263155,1.5131578947368423,1.365625,7,7
base,2025-03-01,naive_forecast,9765.67894736842,0.0,9765.67894736842,1.6842105263157896,1.52,8,8
base,2025-03-02,naive_forecast,8102.198891966757,0.0,8102.198891966757,1.3961218836565097,1.26,7,6
base,2025-03-03,naive_forecast,-2015.3578947368426,0.0,-2015.3578947368426,1.263157894736842,1.1400000000000001,6,6
base,2025-03-04,naive_forecast,4647.931250000002,0.0,4647.931250000002,1.0921052631578947,0.9856250000000001,5,5
base,2025-03-05,naive_forecast,6771.563157894738,0.0,6771.563157894738,1.6842105263157896,1.52,8,8
base,2025-03-06,naive_forecast,5841.181163434903,0.0,5841.181163434903,1.961218836565097,1.77,10,9
base,2025-03-07,naive_forecast,11335.494736842104,0.0,11335.494736842104,1.6842105263157894,1.52,8,8
base,2025-03-08,naive_forecast,6660.663157894735,0.0,6660.663157894735,1.6842105263157896,1.52,8,8
base,2025-03-09,naive_forecast,9108.50941828255,0.0,9108.50941828255,1.673130193905817,1.51,8,7
base,2025-03-10,naive_forecast,6808.980592105267,0.0,6808.980592105267,1.513157894736842,1.365625,7,7
base,2025-03-11,naive_forecast,7204.226315789475,0.0,7204.226315789475,1.6842105263157896,1.52,8,8
base,2025-03-12,naive_forecast,6371.726315789473,0.0,6371.726315789473,1.6842105263157896,1.5200000000000002,8,8
base,2025-03-13,naive_forecast,5381.7947368421055,0.0,5381.7947368421055,1.6842105263157896,1.52,8,8
base,2025-03-14,naive_forecast,11320.72105263158,0.0,11320.72105263158,1.6842105263157896,1.52,8,8
base,2025-03-15,naive_forecast,3052.7526315789455,0.0,3052.7526315789455,1.6842105263157896,1.52,8,8
base,2025-03-16,naive_forecast,470.42105263157663,0.0,470.42105263157663,1.6842105263157896,1.52,8,8
base,2025-03-17,naive_forecast,4534.654847645428,0.0,4534.654847645428,1.6731301939058172,1.51,8,7
base,2025-03-18,naive_forecast,9116.789473684212,0.0,9116.789473684212,1.6842105263157896,1.52,8,8
base,2025-03-19,naive_forecast,8714.105263157897,0.0,8714.105263157897,1.6842105263157896,1.5200000000000005,8,8
base,2025-03-20,naive_forecast,9067.710526315792,0.0,9067.710526315792,1.6842105263157894,1.5200000000000002,8,8
base,2025-03-21,naive_forecast,9275.41480263158,0.0,9275.41480263158,1.5131578947368423,1.365625,7,7
base,2025-03-22,naive_forecast,9007.430747922437,0.0,9007.430747922437,1.2250692520775623,1.105625,6,5
base,2025-03-23,naive_forecast,8037.452631578947,0.0,8037.452631578947,1.2631578947368423,1.1400000000000001,6,6
base,2025-03-24,naive_forecast,1303.9210526315767,0.0,1303.9210526315767,1.2631578947368423,1.1400000000000001,6,6
base,2025-03-25,naive_forecast,3982.484210526317,0.0,3982.484210526317,1.6842105263157898,1.52,8,8
base,2025-03-26,naive_forecast,9221.084210526318,0.0,9221.084210526318,1.6842105263157898,1.52,8,8
base,2025-03-27,naive_forecast,3195.8654605263177,0.0,3195.8654605263177,1.9342105263157896,1.7456250000000004,9,9
base,2025-03-28,naive_forecast,2437.6513157894733,0.0,2437.6513157894733,1.9342105263157896,1.7456250000000002,9,9
base,2025-03-29,naive_forecast,5406.09440789474,0.0,5406.09440789474,1.9342105263157896,1.7456250000000004,9,8
base,2025-03-30,naive_forecast,9321.23289473684,0.0,9321.23289473684,1.5131578947368423,1.365625,7,7
base,2025-03-31,naive_forecast,3188.14626038781,0.0,3188.14626038781,1.6731301939058172,1.51,8,7
base,2024-04-01,lear_forecast,10649.131578947372,0.0,10649.131578947372,1.6842105263157894,1.5200000000000002,8,8
base,2024-04-02,lear_forecast,12016.978947368423,0.0,12016.978947368423,1.6842105263157894,1.52,8,8
base,2024-04-03,lear_forecast,1844.0526315789486,0.0,1844.0526315789486,1.6842105263157894,1.52,8,8
base,2024-04-04,lear_forecast,4917.659279778396,0.0,4917.659279778396,1.6731301939058172,1.5100000000000002,8,7
base,2024-04-05,lear_forecast,4951.836842105262,0.0,4951.836842105262,1.6842105263157896,1.52,8,8
base,2024-04-06,lear_forecast,7427.221052631579,0.0,7427.221052631579,1.2631578947368423,1.1400000000000001,6,6
base,2024-04-07,lear_forecast,9315.593092105266,0.0,9315.593092105266,1.9342105263157898,1.7456250000000002,9,9
base,2024-04-08,lear_forecast,2547.010526315791,0.0,2547.010526315791,1.6731301939058172,1.51,8,7
base,2024-04-09,lear_forecast,4199.168421052629,0.0,4199.168421052629,1.6842105263157898,1.52,8,8
base,2024-04-10,lear_forecast,11977.236011080333,0.0,11977.236011080333,1.3961218836565097,1.26,7,6
base,2024-04-11,lear_forecast,9253.773684210526,0.0,9253.773684210526,1.6842105263157898,1.52,8,8
base,2024-04-12,lear_forecast,9474.405263157896,0.0,9474.405263157896,1.6842105263157898,1.5200000000000002,8,8
base,2024-04-13,lear_forecast,9667.226315789474,0.0,9667.226315789474,1.263157894736842,1.1400000000000001,6,6
base,2024-04-14,lear_forecast,8213.814127423826,0.0,8213.814127423826,1.9612188365650969,1.77,10,9
base,2024-04-15,lear_forecast,9697.693905817177,0.0,9697.693905817177,1.673130193905817,1.51,8,7
base,2024-04-16,lear_forecast,3848.1055401662065,0.0,3848.1055401662065,1.3961218836565097,1.2600000000000002,7,6
base,2024-04-17,lear_forecast,9808.184210526315,0.0,9808.184210526315,1.2631578947368423,1.14,6,6
base,2024-04-18,lear_forecast,6655.2,0.0,6655.2,1.263157894736842,1.1400000000000001,6,6
base,2024-04-19,lear_forecast,8839.263157894738,0.0,8839.263157894738,1.263157894736842,1.1400000000000001,6,6
base,2024-04-20,lear_forecast,7821.28519736842,0.0,7821.28519736842,1.592105263157895,1.4368750000000001,7,7
base,2024-04-21,lear_forecast,2987.8921052631595,0.0,2987.8921052631595,1.4210526315789473,1.2825000000000002,6,7
base,2024-04-22,lear_forecast,2040.1157894736834,0.0,2040.1157894736834,1.2631578947368423,1.1400000000000001,6,6
base,2024-04-23,lear_forecast,2039.2000000000019,0.0,2039.2000000000019,1.263157894736842,1.1400000000000001,6,6
base,2024-04-24,lear_forecast,2575.547368421054,0.0,2575.547368421054,1.263157894736842,1.1400000000000001,6,6
base,2024-04-25,lear_forecast,10336.373684210528,0.0,10336.373684210528,1.2631578947368423,1.1400000000000001,6,6
base,2024-04-26,lear_forecast,5302.5,0.0,5302.5,1.2631578947368423,1.1400000000000001,6,6
base,2024-04-27,lear_forecast,6392.151246537395,0.0,6392.151246537395,1.5020775623268698,1.3556249999999999,7,6
base,2024-04-28,lear_forecast,9267.29974030471,0.0,9267.29974030471,1.6461218836565097,1.485625,8,7
base,2024-04-29,lear_forecast,6733.801662049865,0.0,6733.801662049865,1.6731301939058172,1.5100000000000002,9,7
base,2024-04-30,lear_forecast,2499.2975069252057,0.0,2499.2975069252057,1.5401662049861495,1.3900000000000001,8,7
base,2024-05-01,lear_forecast,282.473684210526,0.0,282.473684210526,1.2631578947368423,1.1400000000000001,6,6
base,2024-05-02,lear_forecast,7421.176315789473,0.0,7421.176315789473,1.7631578947368423,1.59125,8,8
base,2024-05-03,lear_forecast,9276.405263157894,0.0,9276.405263157894,1.2631578947368423,1.1400000000000001,6,6
base,2024-05-04,lear_forecast,8727.116447368422,0.0,8727.116447368422,1.5921052631578947,1.4368750000000001,7,7
base,2024-05-05,lear_forecast,9014.27759695291,0.0,9014.27759695291,2.317174515235457,2.09125,10,10
base,2024-05-06,lear_forecast,2367.9966759002778,0.0,2367.9966759002778,1.3961218836565097,1.2600000000000002,7,6
base,2024-05-07,lear_forecast,3958.724376731302,0.0,3958.724376731302,1.5401662049861498,1.3900000000000001,8,7
base,2024-05-08,lear_forecast,4805.302493074793,0.0,4805.302493074793,1.5401662049861498,1.3900000000000001,8,7
base,2024-05-09,lear_forecast,10724.17368421053,0.0,10724.17368421053,1.2631578947368423,1.1400000000000001,6,6
base,2024-05-10,lear_forecast,10110.794736842106,0.0,10110.794736842106,1.2631578947368423,1.1400000000000001,6,6
base,2024-05-11,lear_forecast,10610.197039473685,0.0,10610.197039473685,1.7631578947368423,1.59125,8,8
base,2024-05-12,lear_forecast,4921.082219529087,0.0,4921.082219529087,2.0810249307479225,1.878125,10,9
base,2024-05-13,lear_forecast,4369.580921052632,0.0,4369.580921052632,1.6710526315789473,1.5081250000000002,7,8
base,2024-05-14,lear_forecast,9941.282894736842,0.0,9941.282894736842,1.5131578947368423,1.365625,7,7
base,2024-05-15,lear_forecast,11086.48585526316,0.0,11086.48585526316,1.5131578947368423,1.365625,7,7
base,2024-05-16,lear_forecast,9925.194736842104,0.0,9925.194736842104,1.2631578947368423,1.1400000000000001,6,6
base,2024-05-17,lear_forecast,12120.805263157894,0.0,12120.805263157894,1.2631578947368423,1.1400000000000001,6,6
base,2024-05-18,lear_forecast,7284.98782894737,0.0,7284.98782894737,1.5131578947368423,1.365625,7,7
base,2024-05-19,lear_forecast,7386.150346260386,0.0,7386.150346260386,1.804016620498615,1.6281249999999998,8,8
base,2024-05-20,lear_forecast,8193.538815789474,0.0,8193.538815789474,1.7631578947368423,1.59125,8,8
base,2024-05-21,lear_forecast,11874.736842105265,0.0,11874.736842105265,1.2631578947368423,1.1400000000000001,6,6
base,2024-05-22,lear_forecast,10118.52105263158,0.0,10118.52105263158,1.2631578947368423,1.1400000000000001,6,6
base,2024-05-23,lear_forecast,5846.452631578949,0.0,5846.452631578949,1.2631578947368423,1.1400000000000001,6,6
base,2024-05-24,lear_forecast,8595.757565789472,0.0,8595.757565789472,1.7631578947368423,1.59125,8,8
base,2024-05-25,lear_forecast,8916.026315789473,0.0,8916.026315789473,1.2631578947368423,1.1400000000000001,6,6
base,2024-05-26,lear_forecast,10255.412499999999,0.0,10255.412499999999,1.7631578947368423,1.59125,8,8
base,2024-05-27,lear_forecast,4367.979778393354,0.0,4367.979778393354,1.5401662049861495,1.3900000000000001,7,7
base,2024-05-28,lear_forecast,2689.378947368418,0.0,2689.378947368418,1.7631578947368423,1.59125,8,8
base,2024-05-29,lear_forecast,8674.546710526318,0.0,8674.546710526318,1.7631578947368423,1.5912500000000003,8,8
base,2024-05-30,lear_forecast,3981.7470394736843,0.0,3981.7470394736843,1.5131578947368423,1.365625,7,7
base,2024-05-31,lear_forecast,-160.61842105263247,0.0,-160.61842105263247,1.7631578947368423,1.59125,8,8
base,2024-06-01,lear_forecast,7270.847697368421,0.0,7270.847697368421,1.342105263157895,1.21125,6,6
base,2024-06-02,lear_forecast,8943.968421052634,0.0,8943.968421052634,1.2631578947368423,1.1400000000000001,6,6
base,2024-06-03,lear_forecast,8764.634210526317,0.0,8764.634210526317,1.5131578947368423,1.365625,7,7
base,2024-06-04,lear_forecast,8668.778947368424,0.0,8668.778947368424,1.2631578947368423,1.1400000000000001,6,6
base,2024-06-05,lear_forecast,10264.078947368422,0.0,10264.078947368422,1.2631578947368423,1.1400000000000001,6,6
base,2024-06-06,lear_forecast,3656.6105263157897,0.0,3656.6105263157897,1.2631578947368423,1.1400000000000001,6,6
base,2024-06-07,lear_forecast,3534.142105263159,0.0,3534.142105263159,1.2631578947368423,1.1400000000000001,6,6
base,2024-06-08,lear_forecast,9335.20394736842,0.0,9335.20394736842,1.092105263157895,0.985625,5,5
base,2024-06-09,lear_forecast,1739.5881578947378,0.0,1739.5881578947378,1.4210526315789473,1.2825000000000002,6,7
base,2024-06-10,lear_forecast,5156.184210526314,0.0,5156.184210526314,1.2631578947368423,1.1400000000000001,6,6
base,2024-06-11,lear_forecast,10016.821052631582,0.0,10016.821052631582,1.2631578947368423,1.1400000000000001,6,6
base,2024-06-12,lear_forecast,7345.626315789473,0.0,7345.626315789473,1.2631578947368423,1.1400000000000001,6,6
base,2024-06-13,lear_forecast,7717.563157894739,0.0,7717.563157894739,1.263157894736842,1.1400000000000001,6,6
base,2024-06-14,lear_forecast,8443.693750000004,0.0,8443.693750000004,1.5131578947368423,1.365625,7,7
base,2024-06-15,lear_forecast,6071.852631578949,0.0,6071.852631578949,1.2631578947368423,1.1400000000000001,6,6
base,2024-06-16,lear_forecast,13869.661842105263,0.0,13869.661842105263,1.5131578947368423,1.365625,7,7
base,2024-06-17,lear_forecast,7130.078947368422,0.0,7130.078947368422,1.2631578947368423,1.1400000000000001,6,6
base,2024-06-18,lear_forecast,4408.9174515235445,0.0,4408.9174515235445,1.3961218836565097,1.26,7,6
base,2024-06-19,lear_forecast,8821.989473684212,0.0,8821.989473684212,1.263157894736842,1.1400000000000001,6,6
base,2024-06-20,lear_forecast,4347.08836565097,0.0,4347.08836565097,1.5401662049861495,1.3900000000000001,8,7
base,2024-06-21,lear_forecast,1314.1684210526291,0.0,1314.1684210526291,1.2631578947368423,1.14,6,6
base,2024-06-22,lear_forecast,2209.2157894736843,0.0,2209.2157894736843,1.2631578947368423,1.1400000000000001,6,6
base,2024-06-23,lear_forecast,2747.0690789473683,0.0,2747.0690789473683,1.5131578947368423,1.365625,7,7
base,2024-06-24,lear_forecast,4437.077285318558,0.0,4437.077285318558,1.3961218836565097,1.26,7,6
base,2024-06-25,lear_forecast,4491.819667590027,0.0,4491.819667590027,1.9501385041551247,1.7600000000000002,9,8
base,2024-06-26,lear_forecast,1900.0947368421066,0.0,1900.0947368421066,1.2631578947368423,1.1400000000000001,6,6
base,2024-06-27,lear_forecast,1514.5421052631568,0.0,1514.5421052631568,1.2631578947368423,1.1400000000000001,6,6
base,2024-06-28,lear_forecast,221.78421052631592,0.0,221.78421052631592,1.2631578947368423,1.1400000000000001,6,6
base,2024-06-29,lear_forecast,8277.594736842106,0.0,8277.594736842106,1.2631578947368423,1.1400000000000001,6,6
base,2024-06-30,lear_forecast,2152.268421052631,0.0,2152.268421052631,1.2631578947368423,1.1400000000000001,6,6
base,2024-07-01,lear_forecast,2245.118092105262,0.0,2245.118092105262,1.6710526315789473,1.508125,7,8
base,2024-07-02,lear_forecast,1573.675346260389,0.0,1573.675346260389,1.6731301939058174,1.5100000000000002,8,7
base,2024-07-03,lear_forecast,5725.331578947371,0.0,5725.331578947371,1.2631578947368423,1.1400000000000001,6,6
base,2024-07-04,lear_forecast,7678.700831024931,0.0,7678.700831024931,1.5401662049861498,1.3900000000000001,7,7
base,2024-07-05,lear_forecast,7507.416031855958,0.0,7507.416031855958,1.6191135734072022,1.4612500000000002,7,7
base,2024-07-06,lear_forecast,4819.584210526315,0.0,4819.584210526315,1.263157894736842,1.1400000000000001,6,6
base,2024-07-07,lear_forecast,9032.984210526316,0.0,9032.984210526316,1.5131578947368423,1.3656249999999999,7,7
base,2024-07-08,lear_forecast,8175.658587257621,0.0,8175.658587257621,1.6191135734072022,1.4612500000000002,7,7
base,2024-07-09,lear_forecast,10517.098511080332,0.0,10517.098511080332,1.6191135734072022,1.4612500000000002,7,7
base,2024-07-10,lear_forecast,10924.34674515236,0.0,10924.34674515236,1.6191135734072022,1.4612500000000002,7,7
base,2024-07-11,lear_forecast,6956.45990304709,0.0,6956.45990304709,1.6191135734072022,1.46125,7,7
base,2024-07-12,lear_forecast,1110.3421052631575,0.0,1110.3421052631575,1.2631578947368423,1.1400000000000001,6,6
base,2024-07-13,lear_forecast,3925.56842105263,0.0,3925.56842105263,1.2631578947368423,1.1400000000000001,6,6
base,2024-07-14,lear_forecast,2179.4421052631574,0.0,2179.4421052631574,1.2631578947368423,1.1400000000000001,6,6
base,2024-07-15,lear_forecast,2381.2407894736866,0.0,2381.2407894736866,1.3421052631578947,1.2112500000000002,6,6
base,2024-07-16,lear_forecast,1113.895775623268,0.0,1113.895775623268,1.6191135734072022,1.46125,7,7
base,2024-07-17,lear_forecast,1408.5059210526297,0.0,1408.5059210526297,1.5921052631578947,1.436875,7,7
base,2024-07-18,lear_forecast,6290.597229916896,0.0,6290.597229916896,1.39612188365651,1.26,7,6
base,2024-07-19,lear_forecast,6373.637742382273,0.0,6373.637742382273,1.6191135734072022,1.4612500000000002,7,7
base,2024-07-20,lear_forecast,5018.62105263158,0.0,5018.62105263158,1.2631578947368423,1.1400000000000001,6,6
base,2024-07-21,lear_forecast,8173.55460526316,0.0,8173.55460526316,1.513157894736842,1.365625,7,7
base,2024-07-22,lear_forecast,11645.752977839331,0.0,11645.752977839331,1.6191135734072022,1.46125,7,7
base,2024-07-23,lear_forecast,12319.185526315794,0.0,12319.185526315794,1.513157894736842,1.365625,7,7
base,2024-07-24,lear_forecast,8718.494182825489,0.0,8718.494182825489,1.6191135734072022,1.4612500000000002,7,7
base,2024-07-25,lear_forecast,5398.081752077563,0.0,5398.081752077563,1.6191135734072022,1.4612500000000002,7,7
base,2024-07-26,lear_forecast,6618.167867036009,0.0,6618.167867036009,1.6191135734072022,1.46125,7,7
base,2024-07-27,lear_forecast,6409.052631578948,0.0,6409.052631578948,1.2631578947368423,1.1400000000000001,6,6
base,2024-07-28,lear_forecast,8107.478947368422,0.0,8107.478947368422,1.263157894736842,1.1400000000000001,6,6
base,2024-07-29,lear_forecast,9194.645810249305,0.0,9194.645810249305,1.6191135734072022,1.46125,7,7
base,2024-07-30,lear_forecast,11561.530470914131,0.0,11561.530470914131,1.1191135734072022,1.0100000000000002,5,5
base,2024-07-31,lear_forecast,10906.374965373961,0.0,10906.374965373961,1.6191135734072022,1.46125,7,7
base,2024-08-01,lear_forecast,13128.789196675903,0.0,13128.789196675903,1.3961218836565097,1.2600000000000002,7,6
base,2024-08-02,lear_forecast,5923.701315789474,0.0,5923.701315789474,1.0921052631578947,0.9856250000000001,5,5
base,2024-08-03,lear_forecast,4606.2,0.0,4606.2,1.2631578947368423,1.1400000000000001,6,6
base,2024-08-04,lear_forecast,5739.05789473684,0.0,5739.05789473684,1.2631578947368423,1.1400000000000001,6,6
base,2024-08-05,lear_forecast,5036.292763157894,0.0,5036.292763157894,1.3421052631578947,1.21125,6,6
base,2024-08-06,lear_forecast,7209.205124653742,0.0,7209.205124653742,1.6191135734072022,1.4612500000000002,7,7
base,2024-08-07,lear_forecast,4445.196710526315,0.0,4445.196710526315,1.3421052631578947,1.21125,6,6
base,2024-08-08,lear_forecast,5983.944736842103,0.0,5983.944736842103,1.3421052631578947,1.21125,6,6
base,2024-08-09,lear_forecast,5652.776973684213,0.0,5652.776973684213,1.3421052631578947,1.2112500000000002,6,6
base,2024-08-10,lear_forecast,5265.7526315789455,0.0,5265.7526315789455,1.2631578947368423,1.1400000000000001,6,6
base,2024-08-11,lear_forecast,5377.0842105263155,0.0,5377.0842105263155,1.263157894736842,1.1400000000000001,6,6
base,2024-08-12,lear_forecast,3639.0546745152355,0.0,3639.0546745152355,1.6191135734072022,1.4612500000000002,7,7
base,2024-08-13,lear_forecast,3685.547645429361,0.0,3685.547645429361,1.3961218836565097,1.26,6,6
base,2024-08-14,lear_forecast,3771.1800554016622,0.0,3771.1800554016622,1.3961218836565097,1.26,6,6
base,2024-08-15,lear_forecast,3634.3387811634366,0.0,3634.3387811634366,1.1191135734072022,1.0100000000000002,5,5
base,2024-08-16,lear_forecast,3717.889750692521,0.0,3717.889750692521,1.1191135734072022,1.01,5,5
base,2024-08-17,lear_forecast,6943.2947368421055,0.0,6943.2947368421055,1.263157894736842,1.1400000000000001,6,6
base,2024-08-18,lear_forecast,7255.021052631579,0.0,7255.021052631579,1.263157894736842,1.1400000000000001,6,6
base,2024-08-19,lear_forecast,5396.723060941825,0.0,5396.723060941825,1.6191135734072022,1.46125,7,7
base,2024-08-20,lear_forecast,5720.357825484761,0.0,5720.357825484761,1.6191135734072022,1.46125,7,7
base,2024-08-21,lear_forecast,5184.052631578947,0.0,5184.052631578947,1.3421052631578947,1.21125,6,6
base,2024-08-22,lear_forecast,5354.365131578947,0.0,5354.365131578947,1.3421052631578947,1.21125,6,6
base,2024-08-23,lear_forecast,5124.094078947369,0.0,5124.094078947369,1.3421052631578947,1.2112500000000002,6,6
base,2024-08-24,lear_forecast,5028.399999999998,0.0,5028.399999999998,1.263157894736842,1.1400000000000001,6,6
base,2024-08-25,lear_forecast,3125.9736842105267,0.0,3125.9736842105267,1.263157894736842,1.1400000000000001,6,6
base,2024-08-26,lear_forecast,5141.742105263159,0.0,5141.742105263159,1.3421052631578947,1.21125,6,6
base,2024-08-27,lear_forecast,6469.254605263156,0.0,6469.254605263156,1.3421052631578947,1.21125,6,6
base,2024-08-28,lear_forecast,4896.492105263156,0.0,4896.492105263156,1.3421052631578947,1.21125,6,6
base,2024-08-29,lear_forecast,3583.49210526316,0.0,3583.49210526316,1.3421052631578947,1.2112500000000002,6,6
base,2024-08-30,lear_forecast,10666.707236842101,0.0,10666.707236842101,1.3421052631578947,1.21125,6,6
base,2024-08-31,lear_forecast,1682.371710526313,0.0,1682.371710526313,1.513157894736842,1.365625,7,7
base,2024-09-01,lear_forecast,5722.413157894737,0.0,5722.413157894737,1.5131578947368423,1.365625,7,7
base,2024-09-02,lear_forecast,5614.813815789472,0.0,5614.813815789472,1.3421052631578947,1.21125,6,6
base,2024-09-03,lear_forecast,4149.086184210527,0.0,4149.086184210527,1.3421052631578947,1.21125,6,6
base,2024-09-04,lear_forecast,5038.143213296397,0.0,5038.143213296397,1.1191135734072022,1.01,5,5
base,2024-09-05,lear_forecast,6449.242105263158,0.0,6449.242105263158,1.263157894736842,1.1400000000000001,6,6
base,2024-09-06,lear_forecast,5475.998684210526,0.0,5475.998684210526,1.4210526315789473,1.2825,6,7
base,2024-09-07,lear_forecast,3972.3736842105245,0.0,3972.3736842105245,1.2631578947368423,1.1400000000000001,6,6
base,2024-09-08,lear_forecast,5950.499999999998,0.0,5950.499999999998,1.2631578947368423,1.1400000000000001,6,6
base,2024-09-09,lear_forecast,13347.274342105262,0.0,13347.274342105262,1.3421052631578947,1.21125,6,6
base,2024-09-10,lear_forecast,10461.540789473684,0.0,10461.540789473684,1.3421052631578947,1.21125,6,6
base,2024-09-11,lear_forecast,13643.357236842103,0.0,13643.357236842103,1.3421052631578947,1.21125,6,6
base,2024-09-12,lear_forecast,8978.542105263155,0.0,8978.542105263155,1.3421052631578947,1.21125,6,6
base,2024-09-13,lear_forecast,9094.339473684207,0.0,9094.339473684207,1.3421052631578947,1.21125,6,6
base,2024-09-14,lear_forecast,6129.057894736842,0.0,6129.057894736842,1.2631578947368423,1.1400000000000001,6,6
base,2024-09-15,lear_forecast,2679.1789473684207,0.0,2679.1789473684207,1.2631578947368423,1.1400000000000001,6,6
base,2024-09-16,lear_forecast,3626.438157894734,0.0,3626.438157894734,1.3421052631578947,1.21125,6,6
base,2024-09-17,lear_forecast,15619.159210526317,0.0,15619.159210526317,1.3421052631578947,1.2112500000000002,6,6
base,2024-09-18,lear_forecast,15324.203289473682,0.0,15324.203289473682,1.3421052631578947,1.21125,6,6
base,2024-09-19,lear_forecast,17769.45657894737,0.0,17769.45657894737,1.3421052631578947,1.21125,6,6
base,2024-09-20,lear_forecast,16065.010907202215,0.0,16065.010907202215,1.6191135734072022,1.46125,7,7
base,2024-09-21,lear_forecast,1837.5052631578942,0.0,1837.5052631578942,1.2631578947368423,1.1400000000000001,6,6
base,2024-09-22,lear_forecast,2684.5578947368435,0.0,2684.5578947368435,1.263157894736842,1.1400000000000001,6,6
base,2024-09-23,lear_forecast,2112.5499999999997,0.0,2112.5499999999997,1.3421052631578947,1.21125,6,6
base,2024-09-24,lear_forecast,6507.186842105261,0.0,6507.186842105261,1.4210526315789473,1.2825,6,7
base,2024-09-25,lear_forecast,4315.001315789475,0.0,4315.001315789475,1.4210526315789473,1.2825000000000002,6,7
base,2024-09-26,lear_forecast,6070.546052631577,0.0,6070.546052631577,1.4210526315789473,1.2824999999999998,6,7
base,2024-09-27,lear_forecast,3828.353618421052,0.0,3828.353618421052,1.5131578947368423,1.365625,7,7
base,2024-09-28,lear_forecast,2319.7947368421055,0.0,2319.7947368421055,1.263157894736842,1.1400000000000001,6,6
base,2024-09-29,lear_forecast,1974.1210526315788,0.0,1974.1210526315788,1.4210526315789473,1.2825,6,7
base,2024-09-30,lear_forecast,3981.707236842105,0.0,3981.707236842105,1.3421052631578947,1.21125,6,6
base,2024-10-01,lear_forecast,6170.125761772853,0.0,6170.125761772853,1.3961218836565097,1.26,6,6
base,2024-10-02,lear_forecast,6166.049792243768,0.0,6166.049792243768,1.6191135734072022,1.46125,7,7
base,2024-10-03,lear_forecast,6350.413815789472,0.0,6350.413815789472,1.3421052631578947,1.21125,6,6
base,2024-10-04,lear_forecast,6020.945152354571,0.0,6020.945152354571,1.3961218836565097,1.26,7,6
base,2024-10-05,lear_forecast,3518.452631578947,0.0,3518.452631578947,1.2631578947368423,1.1400000000000001,6,6
base,2024-10-06,lear_forecast,7482.131578947368,0.0,7482.131578947368,1.2631578947368423,1.1400000000000001,6,6
base,2024-10-07,lear_forecast,5826.816897506932,0.0,5826.816897506932,1.3961218836565097,1.2600000000000002,7,6
base,2024-10-08,lear_forecast,5125.682236842105,0.0,5125.682236842105,1.3421052631578947,1.2112500000000002,6,6
base,2024-10-09,lear_forecast,6565.005592105266,0.0,6565.005592105266,1.513157894736842,1.365625,7,7
base,2024-10-10,lear_forecast,9994.164144736844,0.0,9994.164144736844,1.513157894736842,1.365625,7,7
base,2024-10-11,lear_forecast,13236.238227146816,0.0,13236.238227146816,1.3961218836565097,1.26,7,6
base,2024-10-12,lear_forecast,9642.500000000002,0.0,9642.500000000002,1.263157894736842,1.1400000000000001,6,6
base,2024-10-13,lear_forecast,10014.656250000002,0.0,10014.656250000002,1.513157894736842,1.3656249999999999,7,7
base,2024-10-14,lear_forecast,7380.5,0.0,7380.5,1.6842105263157898,1.52,8,8
base,2024-10-15,lear_forecast,8426.845429362882,0.0,8426.845429362882,1.6731301939058172,1.51,8,7
base,2024-10-16,lear_forecast,4970.5,0.0,4970.5,1.6842105263157898,1.5200000000000002,8,8
base,2024-10-17,lear_forecast,8795.858448753468,0.0,8795.858448753468,1.3961218836565097,1.2600000000000002,7,6
base,2024-10-18,lear_forecast,8052.840789473683,0.0,8052.840789473683,1.5131578947368423,1.365625,7,7
base,2024-10-19,lear_forecast,3369.615789473684,0.0,3369.615789473684,1.2631578947368423,1.1400000000000001,6,6
base,2024-10-20,lear_forecast,10796.315789473685,0.0,10796.315789473685,1.2631578947368423,1.1400000000000001,6,6
base,2024-10-21,lear_forecast,7791.410526315793,0.0,7791.410526315793,1.6842105263157898,1.5200000000000002,8,8
base,2024-10-22,lear_forecast,5883.37368421053,0.0,5883.37368421053,1.6842105263157896,1.52,8,8
base,2024-10-23,lear_forecast,4682.194736842104,0.0,4682.194736842104,1.6842105263157898,1.5200000000000002,8,8
base,2024-10-24,lear_forecast,5711.073684210525,0.0,5711.073684210525,1.6842105263157896,1.5200000000000002,8,8
base,2024-10-25,lear_forecast,6094.4459833795045,0.0,6094.4459833795045,1.6731301939058172,1.51,8,7
base,2024-10-26,lear_forecast,3315.9878116343475,0.0,3315.9878116343475,1.3961218836565097,1.26,7,6
base,2024-10-27,lear_forecast,3152.752631578948,0.0,3152.752631578948,1.263157894736842,1.1400000000000001,6,6
base,2024-10-28,lear_forecast,8157.5999999999985,0.0,8157.5999999999985,1.6842105263157898,1.52,8,8
base,2024-10-29,lear_forecast,5446.310526315789,0.0,5446.310526315789,1.6842105263157896,1.52,8,8
base,2024-10-30,lear_forecast,5778.347645429361,0.0,5778.347645429361,1.6731301939058172,1.51,8,7
base,2024-10-31,lear_forecast,5116.294736842104,0.0,5116.294736842104,1.6842105263157898,1.52,8,8
base,2024-11-01,lear_forecast,2100.2631578947376,0.0,2100.2631578947376,1.6842105263157896,1.5200000000000002,8,8
base,2024-11-02,lear_forecast,-957.6315789473662,0.0,-957.6315789473662,1.263157894736842,1.1400000000000001,6,6
base,2024-11-03,lear_forecast,9457.636842105265,0.0,9457.636842105265,1.2631578947368423,1.1400000000000001,6,6
base,2024-11-04,lear_forecast,10085.505263157895,0.0,10085.505263157895,1.6842105263157896,1.52,8,8
base,2024-11-05,lear_forecast,6605.017763157895,0.0,6605.017763157895,1.5131578947368423,1.365625,7,7
base,2024-11-06,lear_forecast,7944.483379501384,0.0,7944.483379501384,1.3961218836565097,1.26,7,6
base,2024-11-07,lear_forecast,9705.63296398892,0.0,9705.63296398892,1.3961218836565097,1.26,7,6
base,2024-11-08,lear_forecast,8243.320394736846,0.0,8243.320394736846,1.5131578947368423,1.365625,7,7
base,2024-11-09,lear_forecast,5794.942105263157,0.0,5794.942105263157,1.2631578947368423,1.1400000000000001,6,6
base,2024-11-10,lear_forecast,4525.0911184210545,0.0,4525.0911184210545,1.513157894736842,1.365625,7,7
base,2024-11-11,lear_forecast,9657.410526315787,0.0,9657.410526315787,1.6842105263157898,1.52,8,8
base,2024-11-12,lear_forecast,10445.784210526312,0.0,10445.784210526312,1.6842105263157898,1.52,8,8
base,2024-11-13,lear_forecast,10483.889473684212,0.0,10483.889473684212,1.6842105263157894,1.52,8,8
base,2024-11-14,lear_forecast,7740.709972299169,0.0,7740.709972299169,1.673130193905817,1.51,8,7
base,2024-11-15,lear_forecast,3692.036842105263,0.0,3692.036842105263,1.6842105263157898,1.52,8,8
base,2024-11-16,lear_forecast,2455.536842105264,0.0,2455.536842105264,1.263157894736842,1.1400000000000001,6,6
base,2024-11-17,lear_forecast,4157.710526315789,0.0,4157.710526315789,1.2631578947368423,1.1400000000000001,6,6
base,2024-11-18,lear_forecast,6936.278947368421,0.0,6936.278947368421,1.6842105263157896,1.5200000000000002,8,8
base,2024-11-19,lear_forecast,9270.80083102493,0.0,9270.80083102493,1.6731301939058172,1.51,8,7
base,2024-11-20,lear_forecast,9133.52299168975,0.0,9133.52299168975,1.6731301939058172,1.51,8,7
base,2024-11-21,lear_forecast,11219.931578947371,0.0,11219.931578947371,1.6842105263157896,1.52,8,8
base,2024-11-22,lear_forecast,6423.642105263157,0.0,6423.642105263157,1.6842105263157896,1.52,8,8
base,2024-11-23,lear_forecast,4937.689473684212,0.0,4937.689473684212,1.2631578947368423,1.1400000000000001,6,6
base,2024-11-24,lear_forecast,5282.094736842104,0.0,5282.094736842104,1.2631578947368423,1.1400000000000001,6,6
base,2024-11-25,lear_forecast,12619.189473684211,0.0,12619.189473684211,1.6842105263157896,1.52,8,8
base,2024-11-26,lear_forecast,9255.647368421054,0.0,9255.647368421054,1.6842105263157898,1.52,8,8
base,2024-11-27,lear_forecast,7972.757894736842,0.0,7972.757894736842,1.6842105263157896,1.52,8,8
base,2024-11-28,lear_forecast,8084.2789473684215,0.0,8084.2789473684215,1.6842105263157896,1.52,8,8
base,2024-11-29,lear_forecast,5013.889473684211,0.0,5013.889473684211,1.6842105263157898,1.52,8,8
base,2024-11-30,lear_forecast,2888.647368421052,0.0,2888.647368421052,1.2631578947368423,1.14,6,6
base,2024-12-01,lear_forecast,10022.315789473683,0.0,10022.315789473683,1.2631578947368423,1.1400000000000001,6,6
base,2024-12-02,lear_forecast,10395.97894736842,0.0,10395.97894736842,1.6842105263157898,1.52,8,8
base,2024-12-03,lear_forecast,7492.573684210527,0.0,7492.573684210527,1.6842105263157896,1.52,8,8
base,2024-12-04,lear_forecast,8037.873684210525,0.0,8037.873684210525,1.6842105263157896,1.52,8,8
base,2024-12-05,lear_forecast,6947.068421052629,0.0,6947.068421052629,1.6842105263157898,1.52,8,8
base,2024-12-06,lear_forecast,7498.205263157896,0.0,7498.205263157896,1.6842105263157896,1.5200000000000002,8,8
base,2024-12-07,lear_forecast,4174.731578947369,0.0,4174.731578947369,1.6842105263157896,1.5200000000000002,8,8
base,2024-12-08,lear_forecast,7205.694736842104,0.0,7205.694736842104,1.263157894736842,1.1400000000000001,6,6
base,2024-12-09,lear_forecast,7273.368421052634,0.0,7273.368421052634,1.6842105263157896,1.52,8,8
base,2024-12-10,lear_forecast,7707.552631578948,0.0,7707.552631578948,1.6842105263157896,1.5200000000000002,8,8
base,2024-12-11,lear_forecast,9151.663157894738,0.0,9151.663157894738,1.6842105263157894,1.52,8,8
base,2024-12-12,lear_forecast,9602.226315789474,0.0,9602.226315789474,1.6842105263157896,1.52,8,8
base,2024-12-13,lear_forecast,8425.989473684214,0.0,8425.989473684214,1.6842105263157894,1.52,8,8
base,2024-12-14,lear_forecast,8148.715789473687,0.0,8148.715789473687,1.6842105263157896,1.5200000000000002,8,8
base,2024-12-15,lear_forecast,5764.715789473684,0.0,5764.715789473684,1.263157894736842,1.1400000000000001,6,6
base,2024-12-16,lear_forecast,8513.531578947372,0.0,8513.531578947372,1.6842105263157896,1.5200000000000005,8,8
base,2024-12-17,lear_forecast,7229.152631578951,0.0,7229.152631578951,1.6842105263157894,1.52,8,8
base,2024-12-18,lear_forecast,7601.068421052635,0.0,7601.068421052635,1.6842105263157894,1.5200000000000002,8,8
base,2024-12-19,lear_forecast,13216.226315789476,0.0,13216.226315789476,1.6842105263157894,1.52,8,8
base,2024-12-20,lear_forecast,8271.300000000001,0.0,8271.300000000001,1.6842105263157896,1.52,8,8
base,2024-12-21,lear_forecast,2185.1999999999985,0.0,2185.1999999999985,1.6842105263157898,1.52,8,8
base,2024-12-22,lear_forecast,5295.386028393351,0.0,5295.386028393351,1.7901662049861498,1.615625,8,8
base,2024-12-23,lear_forecast,8982.210526315788,0.0,8982.210526315788,1.6842105263157894,1.52,8,8
base,2024-12-24,lear_forecast,9389.247368421053,0.0,9389.247368421053,1.6842105263157896,1.52,8,8
base,2024-12-25,lear_forecast,9288.44210526316,0.0,9288.44210526316,1.6842105263157896,1.52,8,8
base,2024-12-26,lear_forecast,6451.589473684212,0.0,6451.589473684212,1.6842105263157896,1.52,8,8
base,2024-12-27,lear_forecast,4049.294736842103,0.0,4049.294736842103,1.6842105263157894,1.52,8,8
base,2024-12-28,lear_forecast,6818.725484764547,0.0,6818.725484764547,1.6731301939058172,1.5100000000000002,8,7
base,2024-12-29,lear_forecast,3805.156786703603,0.0,3805.156786703603,1.5401662049861498,1.3900000000000001,7,7
base,2024-12-30,lear_forecast,7333.500000000001,0.0,7333.500000000001,1.6842105263157896,1.52,8,8
base,2024-12-31,lear_forecast,8076.994736842106,0.0,8076.994736842106,1.6842105263157896,1.52,8,8
base,2025-01-01,lear_forecast,8525.45346260388,0.0,8525.45346260388,1.673130193905817,1.51,8,7
base,2025-01-02,lear_forecast,10643.14432132964,0.0,10643.14432132964,1.6731301939058172,1.51,8,7
base,2025-01-03,lear_forecast,7181.057894736843,0.0,7181.057894736843,1.6842105263157898,1.5200000000000002,8,8
base,2025-01-04,lear_forecast,5499.284210526319,0.0,5499.284210526319,1.263157894736842,1.1400000000000001,6,6
base,2025-01-05,lear_forecast,3930.184210526316,0.0,3930.184210526316,1.2631578947368423,1.1400000000000001,6,6
base,2025-01-06,lear_forecast,4669.984210526319,0.0,4669.984210526319,1.6842105263157896,1.5200000000000002,8,8
base,2025-01-07,lear_forecast,6729.378947368425,0.0,6729.378947368425,1.6842105263157896,1.5200000000000005,8,8
base,2025-01-08,lear_forecast,6794.036842105259,0.0,6794.036842105259,1.6842105263157896,1.52,8,8
base,2025-01-09,lear_forecast,9389.367105263154,0.0,9389.367105263154,1.7631578947368423,1.59125,8,9
base,2025-01-10,lear_forecast,8706.142105263161,0.0,8706.142105263161,1.6842105263157896,1.5200000000000005,8,8
base,2025-01-11,lear_forecast,4908.163157894734,0.0,4908.163157894734,1.6842105263157896,1.52,8,8
base,2025-01-12,lear_forecast,3236.589473684211,0.0,3236.589473684211,1.263157894736842,1.1400000000000001,6,6
base,2025-01-13,lear_forecast,6075.47894736842,0.0,6075.47894736842,1.6842105263157896,1.52,8,8
base,2025-01-14,lear_forecast,7302.847368421056,0.0,7302.847368421056,1.6842105263157896,1.5200000000000005,8,8
base,2025-01-15,lear_forecast,5946.499999999999,0.0,5946.499999999999,1.6842105263157896,1.52,8,8
base,2025-01-16,lear_forecast,9774.942105263153,0.0,9774.942105263153,1.6842105263157896,1.52,8,8
base,2025-01-17,lear_forecast,7847.047368421054,0.0,7847.047368421054,1.6842105263157896,1.52,8,8
base,2025-01-18,lear_forecast,7041.966759002775,0.0,7041.966759002775,1.6731301939058172,1.5100000000000002,8,7
base,2025-01-19,lear_forecast,4062.8526315789495,0.0,4062.8526315789495,1.263157894736842,1.1400000000000001,6,6
base,2025-01-20,lear_forecast,7439.247368421056,0.0,7439.247368421056,1.6842105263157896,1.5200000000000005,8,8
base,2025-01-21,lear_forecast,7190.110526315788,0.0,7190.110526315788,1.6842105263157896,1.52,8,8
base,2025-01-22,lear_forecast,9731.084210526318,0.0,9731.084210526318,1.6842105263157896,1.5200000000000005,8,8
base,2025-01-23,lear_forecast,10280.93157894737,0.0,10280.93157894737,1.6842105263157894,1.52,8,8
base,2025-01-24,lear_forecast,6254.8421052631575,0.0,6254.8421052631575,1.6842105263157894,1.52,8,8
base,2025-01-25,lear_forecast,10105.873684210528,0.0,10105.873684210528,1.6842105263157896,1.5200000000000002,8,8
base,2025-01-26,lear_forecast,9233.057894736841,0.0,9233.057894736841,1.2631578947368423,1.14,6,6
base,2025-01-27,lear_forecast,7642.66842105263,0.0,7642.66842105263,1.6842105263157898,1.52,8,8
base,2025-01-28,lear_forecast,5826.6,0.0,5826.6,1.6842105263157896,1.52,8,8
base,2025-01-29,lear_forecast,6328.9052631578925,0.0,6328.9052631578925,1.6842105263157896,1.52,8,8
base,2025-01-30,lear_forecast,9298.121052631575,0.0,9298.121052631575,1.6842105263157896,1.52,8,8
base,2025-01-31,lear_forecast,7327.200000000002,0.0,7327.200000000002,1.6842105263157896,1.52,8,8
base,2025-02-01,lear_forecast,3378.4315789473703,0.0,3378.4315789473703,1.6842105263157896,1.52,8,8
base,2025-02-02,lear_forecast,1684.8473684210528,0.0,1684.8473684210528,1.263157894736842,1.14,6,6
base,2025-02-03,lear_forecast,5787.868421052635,0.0,5787.868421052635,1.6842105263157896,1.52,8,8
base,2025-02-04,lear_forecast,7537.994736842108,0.0,7537.994736842108,1.6842105263157894,1.52,8,8
base,2025-02-05,lear_forecast,9662.207894736845,0.0,9662.207894736845,1.763157894736842,1.59125,8,9
base,2025-02-06,lear_forecast,11396.32105263158,0.0,11396.32105263158,1.6842105263157896,1.52,8,8
base,2025-02-07,lear_forecast,7196.015789473686,0.0,7196.015789473686,1.6842105263157894,1.52,8,8
base,2025-02-08,lear_forecast,6066.528254847647,0.0,6066.528254847647,1.6731301939058172,1.51,8,7
base,2025-02-09,lear_forecast,5321.178947368424,0.0,5321.178947368424,1.263157894736842,1.1400000000000001,6,6
base,2025-02-10,lear_forecast,9984.35263157895,0.0,9984.35263157895,1.6842105263157896,1.52,8,8
base,2025-02-11,lear_forecast,7936.078947368422,0.0,7936.078947368422,1.6842105263157894,1.52,8,8
base,2025-02-12,lear_forecast,6823.826315789472,0.0,6823.826315789472,1.6842105263157896,1.52,8,8
base,2025-02-13,lear_forecast,7965.568421052631,0.0,7965.568421052631,1.6842105263157894,1.52,8,8
base,2025-02-14,lear_forecast,9889.505263157895,0.0,9889.505263157895,1.6842105263157896,1.52,8,8
base,2025-02-15,lear_forecast,6602.1963815789495,0.0,6602.1963815789495,1.342105263157895,1.2112500000000002,6,6
base,2025-02-16,lear_forecast,6590.563157894737,0.0,6590.563157894737,1.263157894736842,1.14,6,6
base,2025-02-17,lear_forecast,9231.884210526316,0.0,9231.884210526316,1.6842105263157894,1.52,8,8
base,2025-02-18,lear_forecast,9564.57894736842,0.0,9564.57894736842,1.6842105263157896,1.52,8,8
base,2025-02-19,lear_forecast,12215.494736842105,0.0,12215.494736842105,1.6842105263157896,1.52,8,8
base,2025-02-20,lear_forecast,10950.378947368421,0.0,10950.378947368421,1.6842105263157894,1.52,8,8
base,2025-02-21,lear_forecast,9742.668421052636,0.0,9742.668421052636,1.6842105263157894,1.52,8,8
base,2025-02-22,lear_forecast,9402.239612188367,0.0,9402.239612188367,1.673130193905817,1.51,8,7
base,2025-02-23,lear_forecast,7238.07396121884,0.0,7238.07396121884,1.3961218836565097,1.2600000000000002,7,6
base,2025-02-24,lear_forecast,8807.563157894741,0.0,8807.563157894741,1.6842105263157896,1.5200000000000005,8,8
base,2025-02-25,lear_forecast,13324.321052631578,0.0,13324.321052631578,1.6842105263157894,1.52,8,8
base,2025-02-26,lear_forecast,9716.326315789473,0.0,9716.326315789473,1.6842105263157896,1.52,8,8
base,2025-02-27,lear_forecast,10514.978947368425,0.0,10514.978947368425,1.6842105263157896,1.52,8,8
base,2025-02-28,lear_forecast,5154.126315789476,0.0,5154.126315789476,1.6842105263157894,1.5200000000000002,8,8
base,2025-03-01,lear_forecast,9797.90886426593,0.0,9797.90886426593,1.6731301939058172,1.51,8,7
base,2025-03-02,lear_forecast,8326.03157894737,0.0,8326.03157894737,1.263157894736842,1.1400000000000001,6,6
base,2025-03-03,lear_forecast,996.6684210526329,0.0,996.6684210526329,1.6842105263157894,1.52,8,8
base,2025-03-04,lear_forecast,12490.289473684215,0.0,12490.289473684215,1.6842105263157896,1.5200000000000002,8,8
base,2025-03-05,lear_forecast,5938.789473684207,0.0,5938.789473684207,1.6842105263157896,1.52,8,8
base,2025-03-06,lear_forecast,8138.378947368418,0.0,8138.378947368418,1.6842105263157896,1.52,8,8
base,2025-03-07,lear_forecast,12654.873684210526,0.0,12654.873684210526,1.6842105263157896,1.52,8,8
base,2025-03-08,lear_forecast,6112.661218836567,0.0,6112.661218836567,1.3961218836565097,1.2600000000000002,7,6
base,2025-03-09,lear_forecast,11447.63388157895,0.0,11447.63388157895,1.6710526315789473,1.508125,7,8
base,2025-03-10,lear_forecast,10508.42105263158,0.0,10508.42105263158,1.6842105263157896,1.52,8,8
base,2025-03-11,lear_forecast,6841.252631578946,0.0,6841.252631578946,1.6842105263157896,1.52,8,8
base,2025-03-12,lear_forecast,6158.642105263159,0.0,6158.642105263159,1.6842105263157896,1.52,8,8
base,2025-03-13,lear_forecast,5444.657894736842,0.0,5444.657894736842,1.6842105263157896,1.52,8,8
base,2025-03-14,lear_forecast,12181.221052631581,0.0,12181.221052631581,1.6842105263157894,1.5200000000000002,8,8
base,2025-03-15,lear_forecast,4028.673684210527,0.0,4028.673684210527,1.6842105263157894,1.52,8,8
base,2025-03-16,lear_forecast,931.5263157894722,0.0,931.5263157894722,1.263157894736842,1.1400000000000001,6,6
base,2025-03-17,lear_forecast,7649.763157894738,0.0,7649.763157894738,1.6842105263157894,1.52,8,8
base,2025-03-18,lear_forecast,9249.07236842105,0.0,9249.07236842105,1.7631578947368423,1.59125,8,8
base,2025-03-19,lear_forecast,9073.066481994463,0.0,9073.066481994463,1.6731301939058172,1.5100000000000002,8,7
base,2025-03-20,lear_forecast,11893.115789473684,0.0,11893.115789473684,1.6842105263157894,1.5200000000000002,8,8
base,2025-03-21,lear_forecast,9222.115789473686,0.0,9222.115789473686,1.6842105263157896,1.5200000000000005,8,8
base,2025-03-22,lear_forecast,8535.817174515236,0.0,8535.817174515236,1.10803324099723,1.0,6,4
base,2025-03-23,lear_forecast,8007.160197368421,0.0,8007.160197368421,2.0921052631578947,1.888125,9,10
base,2025-03-24,lear_forecast,2634.352631578951,0.0,2634.352631578951,1.6842105263157896,1.5200000000000005,8,8
base,2025-03-25,lear_forecast,8216.794736842108,0.0,8216.794736842108,1.6842105263157898,1.5200000000000005,8,8
base,2025-03-26,lear_forecast,9080.384210526317,0.0,9080.384210526317,1.6842105263157898,1.52,8,8
base,2025-03-27,lear_forecast,4928.147368421053,0.0,4928.147368421053,1.6842105263157894,1.52,8,8
base,2025-03-28,lear_forecast,2832.6052631578937,0.0,2832.6052631578937,1.6842105263157896,1.52,8,8
base,2025-03-29,lear_forecast,5092.764802631577,0.0,5092.764802631577,1.3421052631578947,1.21125,6,6
base,2025-03-30,lear_forecast,9337.63351800554,0.0,9337.63351800554,1.8171745152354573,1.6400000000000001,9,8
base,2025-03-31,lear_forecast,6262.815789473685,0.0,6262.815789473685,1.2631578947368423,1.1400000000000001,6,6
base,2024-04-01,perfect_foresight_upper_bound,10840.215789473683,0.0,10840.215789473683,1.6842105263157896,1.52,8,8
base,2024-04-02,perfect_foresight_upper_bound,12225.515789473686,0.0,12225.515789473686,1.6842105263157896,1.52,8,8
base,2024-04-03,perfect_foresight_upper_bound,5731.828289473688,0.0,5731.828289473688,1.3421052631578947,1.2112500000000002,6,6
base,2024-04-04,perfect_foresight_upper_bound,5229.631578947369,0.0,5229.631578947369,1.6842105263157894,1.52,8,8
base,2024-04-05,perfect_foresight_upper_bound,5213.4578947368445,0.0,5213.4578947368445,1.6842105263157894,1.5200000000000002,8,8
base,2024-04-06,perfect_foresight_upper_bound,8420.184210526317,0.0,8420.184210526317,1.6842105263157896,1.52,8,8
base,2024-04-07,perfect_foresight_upper_bound,10032.405263157894,0.0,10032.405263157894,1.263157894736842,1.14,6,6
base,2024-04-08,perfect_foresight_upper_bound,3767.213850415515,0.0,3767.213850415515,1.6731301939058172,1.5100000000000002,8,7
base,2024-04-09,perfect_foresight_upper_bound,6882.936842105266,0.0,6882.936842105266,1.6842105263157896,1.5200000000000002,8,8
base,2024-04-10,perfect_foresight_upper_bound,13928.16315789474,0.0,13928.16315789474,1.6842105263157898,1.5200000000000002,8,8
base,2024-04-11,perfect_foresight_upper_bound,9594.247368421053,0.0,9594.247368421053,1.6842105263157898,1.52,8,8
base,2024-04-12,perfect_foresight_upper_bound,9765.905263157892,0.0,9765.905263157892,1.6842105263157896,1.52,8,8
base,2024-04-13,perfect_foresight_upper_bound,10001.500000000004,0.0,10001.500000000004,1.6842105263157894,1.5200000000000002,8,8
base,2024-04-14,perfect_foresight_upper_bound,8776.75263157895,0.0,8776.75263157895,1.2631578947368423,1.1400000000000001,6,6
base,2024-04-15,perfect_foresight_upper_bound,10455.883379501389,0.0,10455.883379501389,1.6731301939058172,1.5100000000000002,8,7
base,2024-04-16,perfect_foresight_upper_bound,3927.18947368421,0.0,3927.18947368421,1.2631578947368423,1.1400000000000001,6,6
base,2024-04-17,perfect_foresight_upper_bound,10240.818975069256,0.0,10240.818975069256,1.554016620498615,1.4025,7,7
base,2024-04-18,perfect_foresight_upper_bound,8184.852631578947,0.0,8184.852631578947,1.263157894736842,1.1400000000000001,6,6
base,2024-04-19,perfect_foresight_upper_bound,9128.212188365651,0.0,9128.212188365651,1.3961218836565097,1.26,7,6
base,2024-04-20,perfect_foresight_upper_bound,9209.595637119113,0.0,9209.595637119113,1.8691135734072022,1.686875,9,8
base,2024-04-21,perfect_foresight_upper_bound,3984.5605263157895,0.0,3984.5605263157895,1.4210526315789473,1.2825000000000002,6,7
base,2024-04-22,perfect_foresight_upper_bound,3069.863157894738,0.0,3069.863157894738,1.3421052631578947,1.2112500000000002,6,6
base,2024-04-23,perfect_foresight_upper_bound,2964.2980609418278,0.0,2964.2980609418278,1.3961218836565097,1.2600000000000002,7,6
base,2024-04-24,perfect_foresight_upper_bound,4727.895013850414,0.0,4727.895013850414,1.39612188365651,1.2600000000000002,7,6
base,2024-04-25,perfect_foresight_upper_bound,11345.453947368424,0.0,11345.453947368424,1.513157894736842,1.365625,7,7
base,2024-04-26,perfect_foresight_upper_bound,6640.703947368419,0.0,6640.703947368419,2.1710526315789473,1.9593749999999996,9,10
base,2024-04-27,perfect_foresight_upper_bound,10550.331578947369,0.0,10550.331578947369,1.6842105263157896,1.52,8,8
base,2024-04-28,perfect_foresight_upper_bound,9457.818559556788,0.0,9457.818559556788,1.3850415512465375,1.25,7,5
base,2024-04-29,perfect_foresight_upper_bound,8329.782236842108,0.0,8329.782236842108,1.763157894736842,1.59125,8,8
base,2024-04-30,perfect_foresight_upper_bound,3277.778947368422,0.0,3277.778947368422,1.263157894736842,1.1400000000000001,6,6
base,2024-05-01,perfect_foresight_upper_bound,1946.8279432132972,0.0,1946.8279432132972,1.3691135734072022,1.2356250000000002,7,5
base,2024-05-02,perfect_foresight_upper_bound,11136.505263157893,0.0,11136.505263157893,1.263157894736842,1.1400000000000001,6,6
base,2024-05-03,perfect_foresight_upper_bound,9888.826315789473,0.0,9888.826315789473,1.6842105263157898,1.52,8,8
base,2024-05-04,perfect_foresight_upper_bound,8797.603947368421,0.0,8797.603947368421,1.0921052631578947,0.985625,5,5
base,2024-05-05,perfect_foresight_upper_bound,9054.705263157895,0.0,9054.705263157895,1.2631578947368423,1.1400000000000001,6,6
base,2024-05-06,perfect_foresight_upper_bound,3405.984210526315,0.0,3405.984210526315,1.263157894736842,1.1400000000000001,6,6
base,2024-05-07,perfect_foresight_upper_bound,4557.601939058171,0.0,4557.601939058171,1.3961218836565097,1.26,7,6
base,2024-05-08,perfect_foresight_upper_bound,5458.471381578947,0.0,5458.471381578947,1.513157894736842,1.365625,7,6
base,2024-05-09,perfect_foresight_upper_bound,12468.402856648201,0.0,12468.402856648201,2.4501385041551247,2.2112499999999997,12,10
base,2024-05-10,perfect_foresight_upper_bound,10110.794736842106,0.0,10110.794736842106,1.2631578947368423,1.1400000000000001,6,6
base,2024-05-11,perfect_foresight_upper_bound,11635.890650969528,0.0,11635.890650969528,1.9231301939058172,1.735625,9,8
base,2024-05-12,perfect_foresight_upper_bound,8100.614958448758,0.0,8100.614958448758,1.6731301939058167,1.5100000000000002,9,7
base,2024-05-13,perfect_foresight_upper_bound,5835.359833795015,0.0,5835.359833795015,1.6731301939058172,1.5100000000000002,8,7
base,2024-05-14,perfect_foresight_upper_bound,13777.231578947367,0.0,13777.231578947367,1.6842105263157896,1.52,8,8
base,2024-05-15,perfect_foresight_upper_bound,12369.615789473684,0.0,12369.615789473684,1.6842105263157898,1.52,8,8
base,2024-05-16,perfect_foresight_upper_bound,11270.442105263159,0.0,11270.442105263159,1.263157894736842,1.1400000000000001,6,6
base,2024-05-17,perfect_foresight_upper_bound,12439.858206371191,0.0,12439.858206371191,1.4750692520775626,1.3312500000000003,7,7
base,2024-05-18,perfect_foresight_upper_bound,9201.615512465374,0.0,9201.615512465374,0.9750692520775625,0.88,5,4
base,2024-05-19,perfect_foresight_upper_bound,8569.380332409972,0.0,8569.380332409972,0.9750692520775625,0.88,5,4
base,2024-05-20,perfect_foresight_upper_bound,9516.094736842106,0.0,9516.094736842106,1.263157894736842,1.1400000000000001,6,6
base,2024-05-21,perfect_foresight_upper_bound,12602.484072022165,0.0,12602.484072022165,1.554016620498615,1.4025,7,7
base,2024-05-22,perfect_foresight_upper_bound,10740.549030470916,0.0,10740.549030470916,1.673130193905817,1.51,8,7
base,2024-05-23,perfect_foresight_upper_bound,6870.153185595567,0.0,6870.153185595567,1.3961218836565097,1.26,7,6
base,2024-05-24,perfect_foresight_upper_bound,10077.643421052631,0.0,10077.643421052631,1.4210526315789473,1.2825,6,7
base,2024-05-25,perfect_foresight_upper_bound,8980.16644736842,0.0,8980.16644736842,1.0921052631578951,0.985625,5,5
base,2024-05-26,perfect_foresight_upper_bound,10255.9,0.0,10255.9,1.2631578947368418,1.1400000000000001,6,6
base,2024-05-27,perfect_foresight_upper_bound,6030.892105263157,0.0,6030.892105263157,1.3421052631578947,1.21125,6,6
base,2024-05-28,perfect_foresight_upper_bound,8708.005540166203,0.0,8708.005540166203,1.6191135734072022,1.46125,8,6
base,2024-05-29,perfect_foresight_upper_bound,12081.715460526319,0.0,12081.715460526319,1.513157894736842,1.365625,7,7
base,2024-05-30,perfect_foresight_upper_bound,4986.425000000001,0.0,4986.425000000001,1.763157894736842,1.59125,8,8
base,2024-05-31,perfect_foresight_upper_bound,605.8351973684202,0.0,605.8351973684202,1.5131578947368425,1.365625,7,7
base,2024-06-01,perfect_foresight_upper_bound,9200.578947368422,0.0,9200.578947368422,1.0921052631578947,0.985625,5,5
base,2024-06-02,perfect_foresight_upper_bound,9595.290027700832,0.0,9595.290027700832,2.0941828254847645,1.8900000000000001,10,9
base,2024-06-03,perfect_foresight_upper_bound,9877.984210526316,0.0,9877.984210526316,1.263157894736842,1.1400000000000001,6,6
base,2024-06-04,perfect_foresight_upper_bound,8887.191447368421,0.0,8887.191447368421,1.7631578947368423,1.59125,8,8
base,2024-06-05,perfect_foresight_upper_bound,10351.078947368422,0.0,10351.078947368422,1.2631578947368423,1.1400000000000001,6,6
base,2024-06-06,perfect_foresight_upper_bound,4804.913157894735,0.0,4804.913157894735,1.513157894736842,1.365625,7,7
base,2024-06-07,perfect_foresight_upper_bound,3830.614335180053,0.0,3830.614335180053,1.7901662049861495,1.615625,9,8
base,2024-06-08,perfect_foresight_upper_bound,9548.12641966759,0.0,9548.12641966759,1.5020775623268698,1.355625,7,6
base,2024-06-09,perfect_foresight_upper_bound,2137.5842105263164,0.0,2137.5842105263164,1.513157894736842,1.365625,7,7
base,2024-06-10,perfect_foresight_upper_bound,5888.984210526315,0.0,5888.984210526315,1.263157894736842,1.1400000000000001,6,6
base,2024-06-11,perfect_foresight_upper_bound,10027.021052631579,0.0,10027.021052631579,1.2631578947368423,1.1400000000000001,6,6
base,2024-06-12,perfect_foresight_upper_bound,7838.172368421051,0.0,7838.172368421051,1.5131578947368423,1.365625,7,7
base,2024-06-13,perfect_foresight_upper_bound,7958.272368421056,0.0,7958.272368421056,1.763157894736842,1.59125,8,8
base,2024-06-14,perfect_foresight_upper_bound,9539.88815789474,0.0,9539.88815789474,1.6710526315789473,1.508125,7,8
base,2024-06-15,perfect_foresight_upper_bound,7599.752631578951,0.0,7599.752631578951,1.263157894736842,1.1400000000000001,6,6
base,2024-06-16,perfect_foresight_upper_bound,13917.036842105263,0.0,13917.036842105263,1.2631578947368423,1.1400000000000001,6,6
base,2024-06-17,perfect_foresight_upper_bound,8405.259868421052,0.0,8405.259868421052,1.6710526315789473,1.508125,7,8
base,2024-06-18,perfect_foresight_upper_bound,5954.300554016621,0.0,5954.300554016621,1.6731301939058172,1.5100000000000002,8,7
base,2024-06-19,perfect_foresight_upper_bound,11657.570238919665,0.0,11657.570238919665,1.7901662049861498,1.615625,9,8
base,2024-06-20,perfect_foresight_upper_bound,4865.581578947365,0.0,4865.581578947365,1.5131578947368423,1.365625,7,7
base,2024-06-21,perfect_foresight_upper_bound,2457.3088642659286,0.0,2457.3088642659286,1.1191135734072022,1.0100000000000002,5,5
base,2024-06-22,perfect_foresight_upper_bound,6011.263400277007,0.0,6011.263400277007,1.9480609418282548,1.7581249999999997,9,9
base,2024-06-23,perfect_foresight_upper_bound,3233.0263157894738,0.0,3233.0263157894738,1.263157894736842,1.1400000000000001,6,6
base,2024-06-24,perfect_foresight_upper_bound,4674.847368421053,0.0,4674.847368421053,0.8421052631578948,0.7600000000000001,4,4
base,2024-06-25,perfect_foresight_upper_bound,5591.033552631579,0.0,5591.033552631579,2.0131578947368425,1.816875,9,8
base,2024-06-26,perfect_foresight_upper_bound,2502.0060941828237,0.0,2502.0060941828237,1.39612188365651,1.26,6,6
base,2024-06-27,perfect_foresight_upper_bound,2857.3861842105225,0.0,2857.3861842105225,2.013157894736842,1.816875,9,9
base,2024-06-28,perfect_foresight_upper_bound,1593.4207756232688,0.0,1593.4207756232688,1.6191135734072022,1.4612500000000002,7,6
base,2024-06-29,perfect_foresight_upper_bound,9365.769806094186,0.0,9365.769806094186,1.1191135734072022,1.0100000000000002,6,5
base,2024-06-30,perfect_foresight_upper_bound,3609.663157894738,0.0,3609.663157894738,1.2631578947368423,1.1400000000000001,6,6
base,2024-07-01,perfect_foresight_upper_bound,4365.504605263155,0.0,4365.504605263155,1.5921052631578947,1.436875,7,7
base,2024-07-02,perfect_foresight_upper_bound,4029.503947368423,0.0,4029.503947368423,1.513157894736842,1.365625,7,7
base,2024-07-03,perfect_foresight_upper_bound,5767.731578947372,0.0,5767.731578947372,1.2631578947368423,1.1400000000000001,6,6
base,2024-07-04,perfect_foresight_upper_bound,8510.689092797784,0.0,8510.689092797784,2.04016620498615,1.8412499999999998,10,9
base,2024-07-05,perfect_foresight_upper_bound,8065.027146814403,0.0,8065.027146814403,2.371191135734072,2.1399999999999997,12,10
base,2024-07-06,perfect_foresight_upper_bound,5348.399999999998,0.0,5348.399999999998,1.2631578947368423,1.1400000000000001,6,6
base,2024-07-07,perfect_foresight_upper_bound,11769.710526315792,0.0,11769.710526315792,1.263157894736842,1.1400000000000001,6,6
base,2024-07-08,perfect_foresight_upper_bound,9119.35318559557,0.0,9119.35318559557,1.6731301939058172,1.5100000000000002,9,7
base,2024-07-09,perfect_foresight_upper_bound,11995.753324099722,0.0,11995.753324099722,1.6191135734072022,1.4612500000000002,7,7
base,2024-07-10,perfect_foresight_upper_bound,12995.046745152356,0.0,12995.046745152356,1.6191135734072022,1.4612500000000002,7,7
base,2024-07-11,perfect_foresight_upper_bound,7725.238815789474,0.0,7725.238815789474,1.5921052631578947,1.4368750000000001,7,7
base,2024-07-12,perfect_foresight_upper_bound,2708.1578947368425,0.0,2708.1578947368425,0.8421052631578948,0.7600000000000001,4,4
base,2024-07-13,perfect_foresight_upper_bound,4715.05263157895,0.0,4715.05263157895,1.263157894736842,1.1400000000000001,6,6
base,2024-07-14,perfect_foresight_upper_bound,4041.8526315789477,0.0,4041.8526315789477,1.2631578947368423,1.1400000000000001,6,6
base,2024-07-15,perfect_foresight_upper_bound,3590.2588815789454,0.0,3590.2588815789454,1.5131578947368423,1.365625,7,7
base,2024-07-16,perfect_foresight_upper_bound,2035.2453947368404,0.0,2035.2453947368404,1.3421052631578947,1.21125,6,6
base,2024-07-17,perfect_foresight_upper_bound,3666.8576177285317,0.0,3666.8576177285317,1.1191135734072022,1.01,5,5
base,2024-07-18,perfect_foresight_upper_bound,6678.788815789474,0.0,6678.788815789474,1.6710526315789473,1.508125,7,8
base,2024-07-19,perfect_foresight_upper_bound,6811.032132963991,0.0,6811.032132963991,1.3961218836565097,1.26,7,6
base,2024-07-20,perfect_foresight_upper_bound,5649.368421052629,0.0,5649.368421052629,1.2631578947368423,1.1400000000000001,6,6
base,2024-07-21,perfect_foresight_upper_bound,9277.178947368422,0.0,9277.178947368422,1.263157894736842,1.1400000000000001,6,6
base,2024-07-22,perfect_foresight_upper_bound,13573.744875346258,0.0,13573.744875346258,1.1980609418282548,1.0812499999999998,6,6
base,2024-07-23,perfect_foresight_upper_bound,14662.811842105262,0.0,14662.811842105262,2.2631578947368425,2.0425000000000004,10,10
base,2024-07-24,perfect_foresight_upper_bound,9551.538469529087,0.0,9551.538469529087,2.0401662049861495,1.84125,10,9
base,2024-07-25,perfect_foresight_upper_bound,6775.670394736839,0.0,6775.670394736839,1.0921052631578947,0.985625,5,5
base,2024-07-26,perfect_foresight_upper_bound,7768.821312326867,0.0,7768.821312326867,2.369113573407202,2.1381249999999996,10,10
base,2024-07-27,perfect_foresight_upper_bound,6852.689196675902,0.0,6852.689196675902,1.1191135734072022,1.0100000000000002,5,5
base,2024-07-28,perfect_foresight_upper_bound,8424.410526315785,0.0,8424.410526315785,1.2631578947368423,1.1400000000000001,6,6
base,2024-07-29,perfect_foresight_upper_bound,13689.224999999997,0.0,13689.224999999997,1.6710526315789473,1.5081249999999997,7,8
base,2024-07-30,perfect_foresight_upper_bound,13620.698684210527,0.0,13620.698684210527,2.0131578947368425,1.816875,9,9
base,2024-07-31,perfect_foresight_upper_bound,12619.922368421054,0.0,12619.922368421054,1.513157894736842,1.365625,7,6
base,2024-08-01,perfect_foresight_upper_bound,13987.389335180058,0.0,13987.389335180058,1.3691135734072022,1.2356250000000002,6,5
base,2024-08-02,perfect_foresight_upper_bound,6540.594407894735,0.0,6540.594407894735,1.1710526315789473,1.0568749999999998,5,6
base,2024-08-03,perfect_foresight_upper_bound,4907.278947368422,0.0,4907.278947368422,1.2631578947368423,1.1400000000000001,6,6
base,2024-08-04,perfect_foresight_upper_bound,6165.857894736844,0.0,6165.857894736844,1.263157894736842,1.1400000000000001,6,6
base,2024-08-05,perfect_foresight_upper_bound,5394.805263157896,0.0,5394.805263157896,0.8421052631578948,0.7600000000000001,4,4
base,2024-08-06,perfect_foresight_upper_bound,8113.721052631574,0.0,8113.721052631574,2.105263157894737,1.9000000000000001,10,10
base,2024-08-07,perfect_foresight_upper_bound,5691.018282548475,0.0,5691.018282548475,1.6731301939058172,1.51,8,7
base,2024-08-08,perfect_foresight_upper_bound,7058.520221606651,0.0,7058.520221606651,1.817174515235457,1.6400000000000001,8,8
base,2024-08-09,perfect_foresight_upper_bound,5976.311357340722,0.0,5976.311357340722,1.4750692520775623,1.33125,7,7
base,2024-08-10,perfect_foresight_upper_bound,5668.600000000003,0.0,5668.600000000003,1.263157894736842,1.1400000000000001,6,6
base,2024-08-11,perfect_foresight_upper_bound,6384.926315789475,0.0,6384.926315789475,1.263157894736842,1.1400000000000001,6,6
base,2024-08-12,perfect_foresight_upper_bound,5284.410526315791,0.0,5284.410526315791,1.263157894736842,1.1400000000000001,6,6
base,2024-08-13,perfect_foresight_upper_bound,5900.421052631581,0.0,5900.421052631581,1.263157894736842,1.1400000000000001,6,6
base,2024-08-14,perfect_foresight_upper_bound,4604.936842105266,0.0,4604.936842105266,1.263157894736842,1.1400000000000001,6,6
base,2024-08-15,perfect_foresight_upper_bound,4588.547368421052,0.0,4588.547368421052,1.2631578947368423,1.1400000000000001,6,6
base,2024-08-16,perfect_foresight_upper_bound,4353.076973684211,0.0,4353.076973684211,1.1710526315789473,1.0568749999999998,5,6
base,2024-08-17,perfect_foresight_upper_bound,6997.242105263156,0.0,6997.242105263156,1.2631578947368423,1.1400000000000001,6,6
base,2024-08-18,perfect_foresight_upper_bound,7500.4157894736845,0.0,7500.4157894736845,1.2631578947368423,1.1400000000000001,6,6
base,2024-08-19,perfect_foresight_upper_bound,6039.089473684208,0.0,6039.089473684208,1.0921052631578947,0.985625,5,5
base,2024-08-20,perfect_foresight_upper_bound,6433.327631578949,0.0,6433.327631578949,1.3421052631578947,1.2112500000000002,6,6
base,2024-08-21,perfect_foresight_upper_bound,5579.0315789473725,0.0,5579.0315789473725,0.8421052631578947,0.7600000000000001,4,4
base,2024-08-22,perfect_foresight_upper_bound,5923.9713815789455,0.0,5923.9713815789455,1.5921052631578947,1.436875,7,7
base,2024-08-23,perfect_foresight_upper_bound,5660.414802631578,0.0,5660.414802631578,1.5921052631578947,1.4368750000000001,7,7
base,2024-08-24,perfect_foresight_upper_bound,5542.607565789471,0.0,5542.607565789471,1.513157894736842,1.3656249999999999,7,7
base,2024-08-25,perfect_foresight_upper_bound,3321.057894736843,0.0,3321.057894736843,1.2631578947368423,1.1400000000000001,6,6
base,2024-08-26,perfect_foresight_upper_bound,5797.196052631579,0.0,5797.196052631579,1.1710526315789473,1.056875,5,6
base,2024-08-27,perfect_foresight_upper_bound,6632.666447368421,0.0,6632.666447368421,1.3421052631578947,1.21125,6,6
base,2024-08-28,perfect_foresight_upper_bound,5903.779605263158,0.0,5903.779605263158,1.0921052631578947,0.985625,5,5
base,2024-08-29,perfect_foresight_upper_bound,5244.74210526316,0.0,5244.74210526316,0.8421052631578948,0.7600000000000001,4,4
base,2024-08-30,perfect_foresight_upper_bound,21476.68914473684,0.0,21476.68914473684,1.8421052631578947,1.6625,8,7
base,2024-08-31,perfect_foresight_upper_bound,2863.1263157894723,0.0,2863.1263157894723,0.8421052631578948,0.76,4,4
base,2024-09-01,perfect_foresight_upper_bound,6709.063157894738,0.0,6709.063157894738,1.2631578947368423,1.1400000000000001,6,6
base,2024-09-02,perfect_foresight_upper_bound,6389.915789473683,0.0,6389.915789473683,1.263157894736842,1.14,6,6
base,2024-09-03,perfect_foresight_upper_bound,5218.215789473683,0.0,5218.215789473683,1.263157894736842,1.1400000000000001,6,6
base,2024-09-04,perfect_foresight_upper_bound,5612.342105263162,0.0,5612.342105263162,1.263157894736842,1.1400000000000001,6,6
base,2024-09-05,perfect_foresight_upper_bound,6615.942105263157,0.0,6615.942105263157,1.263157894736842,1.1400000000000001,6,6
base,2024-09-06,perfect_foresight_upper_bound,6155.263157894737,0.0,6155.263157894737,1.263157894736842,1.1400000000000001,6,6
base,2024-09-07,perfect_foresight_upper_bound,5110.989473684212,0.0,5110.989473684212,1.263157894736842,1.1400000000000001,6,6
base,2024-09-08,perfect_foresight_upper_bound,6033.394736842104,0.0,6033.394736842104,1.263157894736842,1.1400000000000001,6,6
base,2024-09-09,perfect_foresight_upper_bound,13864.43157894737,0.0,13864.43157894737,0.9210526315789473,0.8312499999999999,4,5
base,2024-09-10,perfect_foresight_upper_bound,11880.399999999998,0.0,11880.399999999998,0.8421052631578948,0.76,4,4
base,2024-09-11,perfect_foresight_upper_bound,14890.262500000003,0.0,14890.262500000003,1.3421052631578947,1.2112500000000002,6,6
base,2024-09-12,perfect_foresight_upper_bound,9203.005263157896,0.0,9203.005263157896,1.3421052631578947,1.2112500000000002,6,6
base,2024-09-13,perfect_foresight_upper_bound,9674.429674515237,0.0,9674.429674515237,1.1980609418282548,1.08125,6,6
base,2024-09-14,perfect_foresight_upper_bound,6475.252631578946,0.0,6475.252631578946,1.2631578947368423,1.14,6,6
base,2024-09-15,perfect_foresight_upper_bound,3617.460595567869,0.0,3617.460595567869,1.3691135734072022,1.2356250000000002,6,6
base,2024-09-16,perfect_foresight_upper_bound,5974.584210526315,0.0,5974.584210526315,1.2631578947368423,1.1400000000000001,6,6
base,2024-09-17,perfect_foresight_upper_bound,16227.542105263157,0.0,16227.542105263157,1.263157894736842,1.14,6,6
base,2024-09-18,perfect_foresight_upper_bound,16394.834539473683,0.0,16394.834539473683,1.4210526315789473,1.2824999999999998,6,7
base,2024-09-19,perfect_foresight_upper_bound,19215.484764542933,0.0,19215.484764542933,1.3961218836565097,1.26,7,6
base,2024-09-20,perfect_foresight_upper_bound,16550.984868421056,0.0,16550.984868421056,1.6710526315789473,1.5081250000000002,7,8
base,2024-09-21,perfect_foresight_upper_bound,5531.021052631581,0.0,5531.021052631581,0.8421052631578948,0.7600000000000001,4,4
base,2024-09-22,perfect_foresight_upper_bound,3876.9947368421076,0.0,3876.9947368421076,1.263157894736842,1.1400000000000001,6,6
base,2024-09-23,perfect_foresight_upper_bound,3734.676973684211,0.0,3734.676973684211,1.513157894736842,1.365625,7,7
base,2024-09-24,perfect_foresight_upper_bound,7521.462880886426,0.0,7521.462880886426,1.961218836565097,1.77,9,9
base,2024-09-25,perfect_foresight_upper_bound,4491.587828947369,0.0,4491.587828947369,1.513157894736842,1.365625,7,7
base,2024-09-26,perfect_foresight_upper_bound,6723.041880193907,0.0,6723.041880193907,1.6461218836565097,1.485625,8,7
base,2024-09-27,perfect_foresight_upper_bound,4894.269736842104,0.0,4894.269736842104,1.0921052631578947,0.985625,5,5
base,2024-09-28,perfect_foresight_upper_bound,2797.5578947368426,0.0,2797.5578947368426,1.2631578947368423,1.1400000000000001,6,6
base,2024-09-29,perfect_foresight_upper_bound,2073.9526315789485,0.0,2073.9526315789485,1.2631578947368423,1.1400000000000001,6,6
base,2024-09-30,perfect_foresight_upper_bound,4817.210526315789,0.0,4817.210526315789,1.6842105263157896,1.52,8,8
base,2024-10-01,perfect_foresight_upper_bound,7053.0243421052655,0.0,7053.0243421052655,1.513157894736842,1.365625,7,7
base,2024-10-02,perfect_foresight_upper_bound,7418.7454293628825,0.0,7418.7454293628825,1.6731301939058172,1.51,8,7
base,2024-10-03,perfect_foresight_upper_bound,7186.0796052631595,0.0,7186.0796052631595,1.4210526315789473,1.2825000000000002,6,7
base,2024-10-04,perfect_foresight_upper_bound,7040.67236842105,0.0,7040.67236842105,1.3421052631578947,1.21125,6,6
base,2024-10-05,perfect_foresight_upper_bound,4070.6526315789456,0.0,4070.6526315789456,1.2631578947368423,1.1400000000000001,6,6
base,2024-10-06,perfect_foresight_upper_bound,7486.9315789473685,0.0,7486.9315789473685,1.2631578947368423,1.1400000000000001,6,6
base,2024-10-07,perfect_foresight_upper_bound,6964.684210526317,0.0,6964.684210526317,1.3421052631578947,1.2112500000000002,6,6
base,2024-10-08,perfect_foresight_upper_bound,5502.643299861492,0.0,5502.643299861492,1.64612188365651,1.485625,8,7
base,2024-10-09,perfect_foresight_upper_bound,8420.642105263156,0.0,8420.642105263156,1.6842105263157898,1.52,8,8
base,2024-10-10,perfect_foresight_upper_bound,10652.942105263159,0.0,10652.942105263159,1.6842105263157896,1.5200000000000002,8,8
base,2024-10-11,perfect_foresight_upper_bound,13768.066481994463,0.0,13768.066481994463,1.6731301939058172,1.51,8,7
base,2024-10-12,perfect_foresight_upper_bound,9867.404986149588,0.0,9867.404986149588,1.6731301939058172,1.51,8,7
base,2024-10-13,perfect_foresight_upper_bound,10298.747368421054,0.0,10298.747368421054,1.6842105263157896,1.52,8,8
base,2024-10-14,perfect_foresight_upper_bound,8068.7736842105305,0.0,8068.7736842105305,1.7631578947368423,1.59125,8,9
base,2024-10-15,perfect_foresight_upper_bound,8673.415789473684,0.0,8673.415789473684,1.6842105263157898,1.52,8,8
base,2024-10-16,perfect_foresight_upper_bound,5480.510526315792,0.0,5480.510526315792,0.8421052631578948,0.7600000000000001,4,4
base,2024-10-17,perfect_foresight_upper_bound,13697.458448753465,0.0,13697.458448753465,1.3961218836565097,1.2600000000000002,7,6
base,2024-10-18,perfect_foresight_upper_bound,11047.212742382273,0.0,11047.212742382273,1.6731301939058172,1.5100000000000002,8,7
base,2024-10-19,perfect_foresight_upper_bound,4748.778947368419,0.0,4748.778947368419,1.263157894736842,1.1400000000000001,6,6
base,2024-10-20,perfect_foresight_upper_bound,10853.022368421054,0.0,10853.022368421054,1.5131578947368423,1.365625,7,7
base,2024-10-21,perfect_foresight_upper_bound,8235.194736842108,0.0,8235.194736842108,1.6842105263157896,1.5200000000000002,8,8
base,2024-10-22,perfect_foresight_upper_bound,6494.238227146814,0.0,6494.238227146814,1.673130193905817,1.51,8,7
base,2024-10-23,perfect_foresight_upper_bound,6484.826869806094,0.0,6484.826869806094,1.1191135734072022,1.01,6,5
base,2024-10-24,perfect_foresight_upper_bound,8561.27368421053,0.0,8561.27368421053,1.6842105263157896,1.52,8,8
base,2024-10-25,perfect_foresight_upper_bound,6518.435526315791,0.0,6518.435526315791,1.763157894736842,1.59125,8,9
base,2024-10-26,perfect_foresight_upper_bound,4051.76842105263,0.0,4051.76842105263,1.2631578947368423,1.1400000000000001,6,6
base,2024-10-27,perfect_foresight_upper_bound,3901.0894736842106,0.0,3901.0894736842106,1.2631578947368423,1.1400000000000001,6,6
base,2024-10-28,perfect_foresight_upper_bound,8732.257894736842,0.0,8732.257894736842,1.6842105263157896,1.5200000000000002,8,8
base,2024-10-29,perfect_foresight_upper_bound,6840.5484764542925,0.0,6840.5484764542925,1.961218836565097,1.77,9,9
base,2024-10-30,perfect_foresight_upper_bound,7613.163157894735,0.0,7613.163157894735,1.6842105263157896,1.52,8,8
base,2024-10-31,perfect_foresight_upper_bound,5681.687534626041,0.0,5681.687534626041,1.6731301939058172,1.5100000000000002,8,7
base,2024-11-01,perfect_foresight_upper_bound,3589.866759002768,0.0,3589.866759002768,1.39612188365651,1.26,7,6
base,2024-11-02,perfect_foresight_upper_bound,1095.555921052632,0.0,1095.555921052632,1.4210526315789473,1.2825000000000002,6,7
base,2024-11-03,perfect_foresight_upper_bound,10083.988365650968,0.0,10083.988365650968,1.9612188365650973,1.77,9,9
base,2024-11-04,perfect_foresight_upper_bound,10416.375000000002,0.0,10416.375000000002,1.513157894736842,1.365625,7,7
base,2024-11-05,perfect_foresight_upper_bound,6787.447697368423,0.0,6787.447697368423,1.513157894736842,1.365625,7,7
base,2024-11-06,perfect_foresight_upper_bound,8594.662171052629,0.0,8594.662171052629,1.9342105263157898,1.745625,9,9
base,2024-11-07,perfect_foresight_upper_bound,10290.120498614959,0.0,10290.120498614959,1.6731301939058172,1.51,8,7
base,2024-11-08,perfect_foresight_upper_bound,8994.568421052632,0.0,8994.568421052632,1.6842105263157896,1.52,8,8
base,2024-11-09,perfect_foresight_upper_bound,6650.9000000000015,0.0,6650.9000000000015,1.6842105263157896,1.5200000000000002,8,8
base,2024-11-10,perfect_foresight_upper_bound,5788.823268698063,0.0,5788.823268698063,1.6731301939058172,1.51,8,7
base,2024-11-11,perfect_foresight_upper_bound,9997.313573407204,0.0,9997.313573407204,1.961218836565097,1.77,9,9
base,2024-11-12,perfect_foresight_upper_bound,10538.084210526316,0.0,10538.084210526316,1.6842105263157898,1.52,8,8
base,2024-11-13,perfect_foresight_upper_bound,10973.13157894737,0.0,10973.13157894737,1.6842105263157896,1.52,8,8
base,2024-11-14,perfect_foresight_upper_bound,8078.93684210526,0.0,8078.93684210526,1.6842105263157898,1.52,8,8
base,2024-11-15,perfect_foresight_upper_bound,4468.625986842104,0.0,4468.625986842104,1.5921052631578947,1.4368750000000001,7,7
base,2024-11-16,perfect_foresight_upper_bound,2697.1684210526296,0.0,2697.1684210526296,1.2631578947368423,1.1400000000000001,6,6
base,2024-11-17,perfect_foresight_upper_bound,4550.731578947367,0.0,4550.731578947367,1.6842105263157896,1.52,8,8
base,2024-11-18,perfect_foresight_upper_bound,7708.515789473686,0.0,7708.515789473686,1.6842105263157898,1.52,8,8
base,2024-11-19,perfect_foresight_upper_bound,9325.668421052631,0.0,9325.668421052631,1.6842105263157896,1.52,8,8
base,2024-11-20,perfect_foresight_upper_bound,9265.163157894738,0.0,9265.163157894738,1.6842105263157898,1.5200000000000002,8,8
base,2024-11-21,perfect_foresight_upper_bound,11631.405263157892,0.0,11631.405263157892,1.6842105263157896,1.52,8,8
base,2024-11-22,perfect_foresight_upper_bound,6772.852631578946,0.0,6772.852631578946,1.6842105263157894,1.52,8,8
base,2024-11-23,perfect_foresight_upper_bound,5116.835734072025,0.0,5116.835734072025,1.6731301939058172,1.51,8,7
base,2024-11-24,perfect_foresight_upper_bound,5887.484210526315,0.0,5887.484210526315,1.263157894736842,1.1400000000000001,6,6
base,2024-11-25,perfect_foresight_upper_bound,13395.303947368422,0.0,13395.303947368422,1.8421052631578947,1.6624999999999999,8,9
base,2024-11-26,perfect_foresight_upper_bound,9722.747368421053,0.0,9722.747368421053,1.6842105263157896,1.52,8,8
base,2024-11-27,perfect_foresight_upper_bound,8693.68947368421,0.0,8693.68947368421,1.7631578947368423,1.59125,8,9
base,2024-11-28,perfect_foresight_upper_bound,8712.589473684211,0.0,8712.589473684211,1.6842105263157896,1.52,8,8
base,2024-11-29,perfect_foresight_upper_bound,5553.653947368422,0.0,5553.653947368422,1.763157894736842,1.5912500000000005,8,9
base,2024-11-30,perfect_foresight_upper_bound,4143.342936288091,0.0,4143.342936288091,1.6731301939058172,1.51,8,7
base,2024-12-01,perfect_foresight_upper_bound,10892.035457063714,0.0,10892.035457063714,1.5401662049861498,1.3900000000000001,7,7
base,2024-12-02,perfect_foresight_upper_bound,11213.07697368421,0.0,11213.07697368421,1.9342105263157896,1.745625,9,9
base,2024-12-03,perfect_foresight_upper_bound,7862.8368421052655,0.0,7862.8368421052655,1.6842105263157894,1.52,8,8
base,2024-12-04,perfect_foresight_upper_bound,8610.810526315792,0.0,8610.810526315792,1.6842105263157896,1.52,8,8
base,2024-12-05,perfect_foresight_upper_bound,7892.957894736842,0.0,7892.957894736842,1.6842105263157894,1.52,8,8
base,2024-12-06,perfect_foresight_upper_bound,8267.726315789474,0.0,8267.726315789474,1.6842105263157896,1.52,8,8
base,2024-12-07,perfect_foresight_upper_bound,5021.452631578947,0.0,5021.452631578947,1.2631578947368423,1.1400000000000001,6,6
base,2024-12-08,perfect_foresight_upper_bound,7972.163157894735,0.0,7972.163157894735,1.263157894736842,1.1400000000000001,6,6
base,2024-12-09,perfect_foresight_upper_bound,7877.769806094184,0.0,7877.769806094184,1.9612188365650969,1.77,9,9
base,2024-12-10,perfect_foresight_upper_bound,7734.705263157895,0.0,7734.705263157895,1.6842105263157894,1.52,8,8
base,2024-12-11,perfect_foresight_upper_bound,9976.631578947368,0.0,9976.631578947368,1.6842105263157896,1.52,8,8
base,2024-12-12,perfect_foresight_upper_bound,9740.647368421052,0.0,9740.647368421052,1.6842105263157896,1.52,8,8
base,2024-12-13,perfect_foresight_upper_bound,9592.989473684209,0.0,9592.989473684209,1.961218836565097,1.77,9,9
base,2024-12-14,perfect_foresight_upper_bound,8863.279224376733,0.0,8863.279224376733,1.673130193905817,1.51,8,7
base,2024-12-15,perfect_foresight_upper_bound,6217.188815789471,0.0,6217.188815789471,1.5131578947368423,1.3656249999999999,7,7
base,2024-12-16,perfect_foresight_upper_bound,8623.447368421052,0.0,8623.447368421052,1.6842105263157896,1.52,8,8
base,2024-12-17,perfect_foresight_upper_bound,7483.489473684211,0.0,7483.489473684211,1.6842105263157896,1.52,8,8
base,2024-12-18,perfect_foresight_upper_bound,7768.210526315787,0.0,7768.210526315787,1.6842105263157896,1.52,8,8
base,2024-12-19,perfect_foresight_upper_bound,14162.147368421052,0.0,14162.147368421052,1.6842105263157898,1.52,8,8
base,2024-12-20,perfect_foresight_upper_bound,8983.975,0.0,8983.975,1.9342105263157896,1.7456250000000002,9,9
base,2024-12-21,perfect_foresight_upper_bound,2969.46842105263,0.0,2969.46842105263,1.2631578947368423,1.1400000000000001,6,6
base,2024-12-22,perfect_foresight_upper_bound,6601.778947368421,0.0,6601.778947368421,1.2631578947368423,1.1400000000000001,6,6
base,2024-12-23,perfect_foresight_upper_bound,9914.536842105264,0.0,9914.536842105264,1.6842105263157896,1.52,8,8
base,2024-12-24,perfect_foresight_upper_bound,9487.331578947365,0.0,9487.331578947365,1.6842105263157898,1.5200000000000002,8,8
base,2024-12-25,perfect_foresight_upper_bound,9405.547368421054,0.0,9405.547368421054,1.6842105263157898,1.5200000000000002,8,8
base,2024-12-26,perfect_foresight_upper_bound,7545.910526315788,0.0,7545.910526315788,1.6842105263157896,1.52,8,8
base,2024-12-27,perfect_foresight_upper_bound,5427.580055401659,0.0,5427.580055401659,1.9612188365650973,1.77,9,9
base,2024-12-28,perfect_foresight_upper_bound,9373.06814404432,0.0,9373.06814404432,1.961218836565097,1.7700000000000002,9,9
base,2024-12-29,perfect_foresight_upper_bound,6759.095360110804,0.0,6759.095360110804,2.211218836565097,1.995625,10,10
base,2024-12-30,perfect_foresight_upper_bound,8617.940443213298,0.0,8617.940443213298,1.9501385041551245,1.76,9,8
base,2024-12-31,perfect_foresight_upper_bound,9145.875,0.0,9145.875,1.5,1.3537499999999998,6,7
base,2025-01-01,perfect_foresight_upper_bound,10586.572697368421,0.0,10586.572697368421,1.592105263157895,1.436875,7,7
base,2025-01-02,perfect_foresight_upper_bound,11618.161495844877,0.0,11618.161495844877,1.9612188365650973,1.77,9,9
base,2025-01-03,perfect_foresight_upper_bound,7551.005263157899,0.0,7551.005263157899,1.6842105263157894,1.5200000000000002,8,8
base,2025-01-04,perfect_foresight_upper_bound,7031.655315096954,0.0,7031.655315096954,2.7112188365650973,2.446875,12,12
base,2025-01-05,perfect_foresight_upper_bound,5584.5903047091415,0.0,5584.5903047091415,1.9612188365650969,1.7700000000000002,9,9
base,2025-01-06,perfect_foresight_upper_bound,7291.71958102493,0.0,7291.71958102493,2.2901662049861495,2.066875,11,10
base,2025-01-07,perfect_foresight_upper_bound,7303.278947368421,0.0,7303.278947368421,1.6842105263157894,1.52,8,8
base,2025-01-08,perfect_foresight_upper_bound,7826.505263157892,0.0,7826.505263157892,1.6842105263157896,1.52,8,8
base,2025-01-09,perfect_foresight_upper_bound,10443.767105263165,0.0,10443.767105263165,1.763157894736842,1.5912500000000005,8,9
base,2025-01-10,perfect_foresight_upper_bound,9160.53157894737,0.0,9160.53157894737,1.6842105263157894,1.52,8,8
base,2025-01-11,perfect_foresight_upper_bound,5379.6936288088655,0.0,5379.6936288088655,1.3961218836565097,1.26,7,6
base,2025-01-12,perfect_foresight_upper_bound,3617.897229916897,0.0,3617.897229916897,1.3961218836565097,1.26,7,6
base,2025-01-13,perfect_foresight_upper_bound,7058.910526315784,0.0,7058.910526315784,1.6842105263157896,1.52,8,8
base,2025-01-14,perfect_foresight_upper_bound,7356.294736842105,0.0,7356.294736842105,1.6842105263157894,1.52,8,8
base,2025-01-15,perfect_foresight_upper_bound,6463.947368421051,0.0,6463.947368421051,1.6842105263157894,1.52,8,8
base,2025-01-16,perfect_foresight_upper_bound,9784.842105263157,0.0,9784.842105263157,1.6842105263157896,1.52,8,8
base,2025-01-17,perfect_foresight_upper_bound,8385.205921052633,0.0,8385.205921052633,1.9342105263157894,1.745625,9,8
base,2025-01-18,perfect_foresight_upper_bound,7470.747645429362,0.0,7470.747645429362,1.3961218836565097,1.26,7,6
base,2025-01-19,perfect_foresight_upper_bound,4493.852631578949,0.0,4493.852631578949,1.263157894736842,1.1400000000000001,6,6
base,2025-01-20,perfect_foresight_upper_bound,8051.55263157895,0.0,8051.55263157895,1.6842105263157894,1.52,8,8
base,2025-01-21,perfect_foresight_upper_bound,7337.939889196676,0.0,7337.939889196676,1.9612188365650973,1.77,9,9
base,2025-01-22,perfect_foresight_upper_bound,10122.005263157896,0.0,10122.005263157896,1.6842105263157894,1.52,8,8
base,2025-01-23,perfect_foresight_upper_bound,11189.384487534624,0.0,11189.384487534624,1.9612188365650969,1.77,9,9
base,2025-01-24,perfect_foresight_upper_bound,6819.620775623269,0.0,6819.620775623269,1.9612188365650969,1.77,9,9
base,2025-01-25,perfect_foresight_upper_bound,11276.29506578947,0.0,11276.29506578947,2.2631578947368425,2.0425,10,10
base,2025-01-26,perfect_foresight_upper_bound,11142.441447368421,0.0,11142.441447368421,2.0921052631578947,1.888125,9,9
base,2025-01-27,perfect_foresight_upper_bound,8891.372576177286,0.0,8891.372576177286,1.9612188365650973,1.7700000000000005,9,9
base,2025-01-28,perfect_foresight_upper_bound,6198.257894736843,0.0,6198.257894736843,1.6842105263157894,1.52,8,8
base,2025-01-29,perfect_foresight_upper_bound,6616.915789473684,0.0,6616.915789473684,1.6842105263157896,1.52,8,8
base,2025-01-30,perfect_foresight_upper_bound,9798.921052631578,0.0,9798.921052631578,1.6842105263157894,1.52,8,8
base,2025-01-31,perfect_foresight_upper_bound,7505.878947368422,0.0,7505.878947368422,1.6842105263157896,1.5200000000000002,8,8
base,2025-02-01,perfect_foresight_upper_bound,4099.952631578947,0.0,4099.952631578947,1.6842105263157896,1.52,8,8
base,2025-02-02,perfect_foresight_upper_bound,2790.293905817173,0.0,2790.293905817173,1.3961218836565097,1.26,7,6
base,2025-02-03,perfect_foresight_upper_bound,5947.468421052637,0.0,5947.468421052637,1.6842105263157894,1.52,8,8
base,2025-02-04,perfect_foresight_upper_bound,8038.436842105265,0.0,8038.436842105265,1.6842105263157894,1.52,8,8
base,2025-02-05,perfect_foresight_upper_bound,10108.273684210528,0.0,10108.273684210528,1.6842105263157896,1.5200000000000002,8,8
base,2025-02-06,perfect_foresight_upper_bound,11691.284210526315,0.0,11691.284210526315,1.6842105263157896,1.5200000000000002,8,8
base,2025-02-07,perfect_foresight_upper_bound,7345.242105263157,0.0,7345.242105263157,1.6842105263157896,1.52,8,8
base,2025-02-08,perfect_foresight_upper_bound,7640.648199445987,0.0,7640.648199445987,2.0941828254847645,1.8900000000000001,10,9
base,2025-02-09,perfect_foresight_upper_bound,5563.090131578948,0.0,5563.090131578948,1.513157894736842,1.365625,7,7
base,2025-02-10,perfect_foresight_upper_bound,10307.373684210528,0.0,10307.373684210528,1.6842105263157896,1.52,8,8
base,2025-02-11,perfect_foresight_upper_bound,8586.281717451528,0.0,8586.281717451528,1.673130193905817,1.51,8,7
base,2025-02-12,perfect_foresight_upper_bound,7644.121052631584,0.0,7644.121052631584,1.6842105263157894,1.5200000000000002,8,8
base,2025-02-13,perfect_foresight_upper_bound,8267.805263157892,0.0,8267.805263157892,1.6842105263157896,1.52,8,8
base,2025-02-14,perfect_foresight_upper_bound,11206.387499999999,0.0,11206.387499999999,1.75,1.5793749999999998,7,9
base,2025-02-15,perfect_foresight_upper_bound,8364.273095567867,0.0,8364.273095567867,1.6461218836565097,1.485625,8,7
base,2025-02-16,perfect_foresight_upper_bound,8420.625657894738,0.0,8420.625657894738,1.513157894736842,1.365625,7,7
base,2025-02-17,perfect_foresight_upper_bound,9466.621052631577,0.0,9466.621052631577,1.6842105263157894,1.52,8,8
base,2025-02-18,perfect_foresight_upper_bound,9597.73684210526,0.0,9597.73684210526,1.6842105263157898,1.52,8,8
base,2025-02-19,perfect_foresight_upper_bound,12330.85263157895,0.0,12330.85263157895,1.6842105263157896,1.52,8,8
base,2025-02-20,perfect_foresight_upper_bound,11012.931578947371,0.0,11012.931578947371,1.6842105263157894,1.52,8,8
base,2025-02-21,perfect_foresight_upper_bound,10046.221052631576,0.0,10046.221052631576,1.6842105263157898,1.52,8,8
base,2025-02-22,perfect_foresight_upper_bound,9713.1,0.0,9713.1,1.6842105263157896,1.52,8,8
base,2025-02-23,perfect_foresight_upper_bound,8219.68947368421,0.0,8219.68947368421,1.2631578947368423,1.1400000000000001,6,6
base,2025-02-24,perfect_foresight_upper_bound,10302.040166204992,0.0,10302.040166204992,1.6731301939058172,1.51,8,7
base,2025-02-25,perfect_foresight_upper_bound,13534.607894736842,0.0,13534.607894736842,1.8421052631578947,1.6624999999999999,8,9
base,2025-02-26,perfect_foresight_upper_bound,10563.251523545709,0.0,10563.251523545709,1.961218836565097,1.7700000000000005,9,9
base,2025-02-27,perfect_foresight_upper_bound,11335.388157894737,0.0,11335.388157894737,1.5131578947368423,1.365625,7,7
base,2025-02-28,perfect_foresight_upper_bound,5327.542105263156,0.0,5327.542105263156,1.6842105263157896,1.52,8,8
base,2025-03-01,perfect_foresight_upper_bound,10932.619944598338,0.0,10932.619944598338,1.3961218836565097,1.26,7,6
base,2025-03-02,perfect_foresight_upper_bound,9030.331578947369,0.0,9030.331578947369,1.263157894736842,1.1400000000000001,6,6
base,2025-03-03,perfect_foresight_upper_bound,7213.207236842108,0.0,7213.207236842108,1.0921052631578947,0.9856250000000001,5,5
base,2025-03-04,perfect_foresight_upper_bound,21173.026315789477,0.0,21173.026315789477,1.6842105263157896,1.52,8,8
base,2025-03-05,perfect_foresight_upper_bound,10631.997783933519,0.0,10631.997783933519,1.961218836565097,1.77,10,9
base,2025-03-06,perfect_foresight_upper_bound,8642.005263157895,0.0,8642.005263157895,1.6842105263157894,1.52,8,8
base,2025-03-07,perfect_foresight_upper_bound,13519.031578947366,0.0,13519.031578947366,1.6842105263157896,1.52,8,8
base,2025-03-08,perfect_foresight_upper_bound,6860.180886426595,0.0,6860.180886426595,1.673130193905817,1.51,8,7
base,2025-03-09,perfect_foresight_upper_bound,12600.237171052631,0.0,12600.237171052631,1.513157894736842,1.365625,7,7
base,2025-03-10,perfect_foresight_upper_bound,10700.263157894737,0.0,10700.263157894737,1.6842105263157896,1.52,8,8
base,2025-03-11,perfect_foresight_upper_bound,7327.200000000003,0.0,7327.200000000003,1.6842105263157896,1.5200000000000002,8,8
base,2025-03-12,perfect_foresight_upper_bound,6687.810526315789,0.0,6687.810526315789,1.6842105263157896,1.52,8,8
base,2025-03-13,perfect_foresight_upper_bound,6141.342105263157,0.0,6141.342105263157,1.6842105263157896,1.52,8,8
base,2025-03-14,perfect_foresight_upper_bound,12377.273684210526,0.0,12377.273684210526,1.6842105263157896,1.52,8,8
base,2025-03-15,perfect_foresight_upper_bound,4288.326315789473,0.0,4288.326315789473,1.6842105263157896,1.52,8,8
base,2025-03-16,perfect_foresight_upper_bound,2508.8939058171745,0.0,2508.8939058171745,1.6731301939058172,1.51,8,7
base,2025-03-17,perfect_foresight_upper_bound,8160.163157894738,0.0,8160.163157894738,1.6842105263157896,1.52,8,8
base,2025-03-18,perfect_foresight_upper_bound,10120.900000000003,0.0,10120.900000000003,1.6842105263157896,1.5200000000000005,8,8
base,2025-03-19,perfect_foresight_upper_bound,10453.857894736844,0.0,10453.857894736844,1.6842105263157894,1.5200000000000002,8,8
base,2025-03-20,perfect_foresight_upper_bound,13036.077631578948,0.0,13036.077631578948,1.5131578947368423,1.365625,7,7
base,2025-03-21,perfect_foresight_upper_bound,9574.897108725763,0.0,9574.897108725763,1.2250692520775623,1.105625,6,5
base,2025-03-22,perfect_foresight_upper_bound,9808.505263157895,0.0,9808.505263157895,1.2631578947368423,1.1400000000000001,6,6
base,2025-03-23,perfect_foresight_upper_bound,8286.352631578946,0.0,8286.352631578946,1.2631578947368423,1.1400000000000001,6,6
base,2025-03-24,perfect_foresight_upper_bound,3364.0842105263155,0.0,3364.0842105263155,1.6842105263157898,1.52,8,8
base,2025-03-25,perfect_foresight_upper_bound,8415.515789473686,0.0,8415.515789473686,1.6842105263157898,1.52,8,8
base,2025-03-26,perfect_foresight_upper_bound,9604.209210526318,0.0,9604.209210526318,1.9342105263157896,1.7456250000000004,9,9
base,2025-03-27,perfect_foresight_upper_bound,5597.56677631579,0.0,5597.56677631579,1.9342105263157896,1.7456250000000002,9,9
base,2025-03-28,perfect_foresight_upper_bound,3214.572697368423,0.0,3214.572697368423,1.9342105263157896,1.7456250000000004,9,8
base,2025-03-29,perfect_foresight_upper_bound,7468.333552631579,0.0,7468.333552631579,1.5131578947368423,1.365625,7,7
base,2025-03-30,perfect_foresight_upper_bound,9539.317728531856,0.0,9539.317728531856,1.6731301939058172,1.51,8,7
base,2025-03-31,perfect_foresight_upper_bound,7285.936842105265,0.0,7285.936842105265,1.7631578947368423,1.59125,8,9
