scenario,date,strategy,market_revenue_jpy,degradation_cost_jpy,net_revenue_jpy,charged_mwh,discharged_mwh,charging_intervals,discharging_intervals
base,2024-04-01,no_operation,0.0,0.0,0.0,0.0,0.0,0,0
base,2024-04-02,no_operation,0.0,0.0,0.0,0.0,0.0,0,0
base,2024-04-03,no_operation,0.0,0.0,0.0,0.0,0.0,0,0
base,2024-04-04,no_operation,0.0,0.0,0.0,0.0,0.0,0,0
base,2024-04-05,no_operation,0.0,0.0,0.0,0.0,0.0,0,0
base,2024-04-06,no_operation,0.0,0.0,0.0,0.0,0.0,0,0
base,2024-04-07,no_operation,0.0,0.0,0.0,0.0,0.0,0,0
base,2024-04-08,no_operation,0.0,0.0,0.0,0.0,0.0,0,0
base,2024-04-09,no_operation,0.0,0.0,0.0,0.0,0.0,0,0
base,2024-04-10,no_operation,0.0,0.0,0.0,0.0,0.0,0,0
base,2024-04-11,no_operation,0.0,0.0,0.0,0.0,0.0,0,0
base,2024-04-12,no_operation,0.0,0.0,0.0,0.0,0.0,0,0
base,2024-04-13,no_operation,0.0,0.0,0.0,0.0,0.0,0,0
base,2024-04-14,no_operation,0.0,0.0,0.0,0.0,0.0,0,0
base,2024-04-15,no_operation,0.0,0.0,0.0,0.0,0.0,0,0
base,2024-04-16,no_operation,0.0,0.0,0.0,0.0,0.0,0,0
base,2024-04-17,no_operation,0.0,0.0,0.0,0.0,0.0,0,0
base,2024-04-18,no_operation,0.0,0.0,0.0,0.0,0.0,0,0
base,2024-04-19,no_operation,0.0,0.0,0.0,0.0,0.0,0,0
base,2024-04-20,no_operation,0.0,0.0,0.0,0.0,0.0,0,0
base,2024-04-21,no_operation,0.0,0.0,0.0,0.0,0.0,0,0
base,2024-04-22,no_operation,0.0,0.0,0.0,0.0,0.0,0,0
base,2024-04-23,no_operation,0.0,0.0,0.0,0.0,0.0,0,0
base,2024-04-24,no_operation,0.0,0.0,0.0,0.0,0.0,0,0
base,2024-04-25,no_operation,0.0,0.0,0.0,0.0,0.0,0,0
base,2024-04-26,no_operation,0.0,0.0,0.0,0.0,0.0,0,0
base,2024-04-27,no_operation,0.0,0.0,0.0,0.0,0.0,0,0
base,2024-04-28,no_operation,0.0,0.0,0.0,0.0,0.0,0,0
base,2024-04-29,no_operation,0.0,0.0,0.0,0.0,0.0,0,0
base,2024-04-30,no_operation,0.0,0.0,0.0,0.0,0.0,0,0
base,2024-05-01,no_operation,0.0,0.0,0.0,0.0,0.0,0,0
base,2024-05-02,no_operation,0.0,0.0,0.0,0.0,0.0,0,0
base,2024-05-03,no_operation,0.0,0.0,0.0,0.0,0.0,0,0
base,2024-05-04,no_operation,0.0,0.0,0.0,0.0,0.0,0,0
base,2024-05-05,no_operation,0.0,0.0,0.0,0.0,0.0,0,0
base,2024-05-06,no_operation,0.0,0.0,0.0,0.0,0.0,0,0
base,2024-05-07,no_operation,0.0,0.0,0.0,0.0,0.0,0,0
base,2024-05-08,no_operation,0.0,0.0,0.0,0.0,0.0,0,0
base,2024-05-09,no_operation,0.0,0.0,0.0,0.0,0.0,0,0
base,2024-05-10,no_operation,0.0,0.0,0.0,0.0,0.0,0,0
base,2024-05-11,no_operation,0.0,0.0,0.0,0.0,0.0,0,0
base,2024-05-12,no_operation,0.0,0.0,0.0,0.0,0.0,0,0
base,2024-05-13,no_operation,0.0,0.0,0.0,0.0,0.0,0,0
base,2024-05-14,no_operation,0.0,0.0,0.0,0.0,0.0,0,0
base,2024-05-15,no_operation,0.0,0.0,0.0,0.0,0.0,0,0
base,2024-05-16,no_operation,0.0,0.0,0.0,0.0,0.0,0,0
base,2024-05-17,no_operation,0.0,0.0,0.0,0.0,0.0,0,0
base,2024-05-18,no_operation,0.0,0.0,0.0,0.0,0.0,0,0
base,2024-05-19,no_operation,0.0,0.0,0.0,0.0,0.0,0,0
base,2024-05-20,no_operation,0.0,0.0,0.0,0.0,0.0,0,0
base,2024-05-21,no_operation,0.0,0.0,0.0,0.0,0.0,0,0
base,2024-05-22,no_operation,0.0,0.0,0.0,0.0,0.0,0,0
base,2024-05-23,no_operation,0.0,0.0,0.0,0.0,0.0,0,0
base,2024-05-24,no_operation,0.0,0.0,0.0,0.0,0.0,0,0
base,2024-05-25,no_operation,0.0,0.0,0.0,0.0,0.0,0,0
base,2024-05-26,no_operation,0.0,0.0,0.0,0.0,0.0,0,0
base,2024-05-27,no_operation,0.0,0.0,0.0,0.0,0.0,0,0
base,2024-05-28,no_operation,0.0,0.0,0.0,0.0,0.0,0,0
base,2024-05-29,no_operation,0.0,0.0,0.0,0.0,0.0,0,0
base,2024-05-30,no_operation,0.0,0.0,0.0,0.0,0.0,0,0
base,2024-05-31,no_operation,0.0,0.0,0.0,0.0,0.0,0,0
base,2024-06-01,no_operation,0.0,0.0,0.0,0.0,0.0,0,0
base,2024-06-02,no_operation,0.0,0.0,0.0,0.0,0.0,0,0
base,2024-06-03,no_operation,0.0,0.0,0.0,0.0,0.0,0,0
base,2024-06-04,no_operation,0.0,0.0,0.0,0.0,0.0,0,0
base,2024-06-05,no_operation,0.0,0.0,0.0,0.0,0.0,0,0
base,2024-06-06,no_operation,0.0,0.0,0.0,0.0,0.0,0,0
base,2024-06-07,no_operation,0.0,0.0,0.0,0.0,0.0,0,0
base,2024-06-08,no_operation,0.0,0.0,0.0,0.0,0.0,0,0
base,2024-06-09,no_operation,0.0,0.0,0.0,0.0,0.0,0,0
base,2024-06-10,no_operation,0.0,0.0,0.0,0.0,0.0,0,0
base,2024-06-11,no_operation,0.0,0.0,0.0,0.0,0.0,0,0
base,2024-06-12,no_operation,0.0,0.0,0.0,0.0,0.0,0,0
base,2024-06-13,no_operation,0.0,0.0,0.0,0.0,0.0,0,0
base,2024-06-14,no_operation,0.0,0.0,0.0,0.0,0.0,0,0
base,2024-06-15,no_operation,0.0,0.0,0.0,0.0,0.0,0,0
base,2024-06-16,no_operation,0.0,0.0,0.0,0.0,0.0,0,0
base,2024-06-17,no_operation,0.0,0.0,0.0,0.0,0.0,0,0
base,2024-06-18,no_operation,0.0,0.0,0.0,0.0,0.0,0,0
base,2024-06-19,no_operation,0.0,0.0,0.0,0.0,0.0,0,0
base,2024-06-20,no_operation,0.0,0.0,0.0,0.0,0.0,0,0
base,2024-06-21,no_operation,0.0,0.0,0.0,0.0,0.0,0,0
base,2024-06-22,no_operation,0.0,0.0,0.0,0.0,0.0,0,0
base,2024-06-23,no_operation,0.0,0.0,0.0,0.0,0.0,0,0
base,2024-06-24,no_operation,0.0,0.0,0.0,0.0,0.0,0,0
base,2024-06-25,no_operation,0.0,0.0,0.0,0.0,0.0,0,0
base,2024-06-26,no_operation,0.0,0.0,0.0,0.0,0.0,0,0
base,2024-06-27,no_operation,0.0,0.0,0.0,0.0,0.0,0,0
base,2024-06-28,no_operation,0.0,0.0,0.0,0.0,0.0,0,0
base,2024-06-29,no_operation,0.0,0.0,0.0,0.0,0.0,0,0
base,2024-06-30,no_operation,0.0,0.0,0.0,0.0,0.0,0,0
base,2024-07-01,no_operation,0.0,0.0,0.0,0.0,0.0,0,0
base,2024-07-02,no_operation,0.0,0.0,0.0,0.0,0.0,0,0
base,2024-07-03,no_operation,0.0,0.0,0.0,0.0,0.0,0,0
base,2024-07-04,no_operation,0.0,0.0,0.0,0.0,0.0,0,0
base,2024-07-05,no_operation,0.0,0.0,0.0,0.0,0.0,0,0
base,2024-07-06,no_operation,0.0,0.0,0.0,0.0,0.0,0,0
base,2024-07-07,no_operation,0.0,0.0,0.0,0.0,0.0,0,0
base,2024-07-08,no_operation,0.0,0.0,0.0,0.0,0.0,0,0
base,2024-07-09,no_operation,0.0,0.0,0.0,0.0,0.0,0,0
base,2024-07-10,no_operation,0.0,0.0,0.0,0.0,0.0,0,0
base,2024-07-11,no_operation,0.0,0.0,0.0,0.0,0.0,0,0
base,2024-07-12,no_operation,0.0,0.0,0.0,0.0,0.0,0,0
base,2024-07-13,no_operation,0.0,0.0,0.0,0.0,0.0,0,0
base,2024-07-14,no_operation,0.0,0.0,0.0,0.0,0.0,0,0
base,2024-07-15,no_operation,0.0,0.0,0.0,0.0,0.0,0,0
base,2024-07-16,no_operation,0.0,0.0,0.0,0.0,0.0,0,0
base,2024-07-17,no_operation,0.0,0.0,0.0,0.0,0.0,0,0
base,2024-07-18,no_operation,0.0,0.0,0.0,0.0,0.0,0,0
base,2024-07-19,no_operation,0.0,0.0,0.0,0.0,0.0,0,0
base,2024-07-20,no_operation,0.0,0.0,0.0,0.0,0.0,0,0
base,2024-07-21,no_operation,0.0,0.0,0.0,0.0,0.0,0,0
base,2024-07-22,no_operation,0.0,0.0,0.0,0.0,0.0,0,0
base,2024-07-23,no_operation,0.0,0.0,0.0,0.0,0.0,0,0
base,2024-07-24,no_operation,0.0,0.0,0.0,0.0,0.0,0,0
base,2024-07-25,no_operation,0.0,0.0,0.0,0.0,0.0,0,0
base,2024-07-26,no_operation,0.0,0.0,0.0,0.0,0.0,0,0
base,2024-07-27,no_operation,0.0,0.0,0.0,0.0,0.0,0,0
base,2024-07-28,no_operation,0.0,0.0,0.0,0.0,0.0,0,0
base,2024-07-29,no_operation,0.0,0.0,0.0,0.0,0.0,0,0
base,2024-07-30,no_operation,0.0,0.0,0.0,0.0,0.0,0,0
base,2024-07-31,no_operation,0.0,0.0,0.0,0.0,0.0,0,0
base,2024-08-01,no_operation,0.0,0.0,0.0,0.0,0.0,0,0
base,2024-08-02,no_operation,0.0,0.0,0.0,0.0,0.0,0,0
base,2024-08-03,no_operation,0.0,0.0,0.0,0.0,0.0,0,0
base,2024-08-04,no_operation,0.0,0.0,0.0,0.0,0.0,0,0
base,2024-08-05,no_operation,0.0,0.0,0.0,0.0,0.0,0,0
base,2024-08-06,no_operation,0.0,0.0,0.0,0.0,0.0,0,0
base,2024-08-07,no_operation,0.0,0.0,0.0,0.0,0.0,0,0
base,2024-08-08,no_operation,0.0,0.0,0.0,0.0,0.0,0,0
base,2024-08-09,no_operation,0.0,0.0,0.0,0.0,0.0,0,0
base,2024-08-10,no_operation,0.0,0.0,0.0,0.0,0.0,0,0
base,2024-08-11,no_operation,0.0,0.0,0.0,0.0,0.0,0,0
base,2024-08-12,no_operation,0.0,0.0,0.0,0.0,0.0,0,0
base,2024-08-13,no_operation,0.0,0.0,0.0,0.0,0.0,0,0
base,2024-08-14,no_operation,0.0,0.0,0.0,0.0,0.0,0,0
base,2024-08-15,no_operation,0.0,0.0,0.0,0.0,0.0,0,0
base,2024-08-16,no_operation,0.0,0.0,0.0,0.0,0.0,0,0
base,2024-08-17,no_operation,0.0,0.0,0.0,0.0,0.0,0,0
base,2024-08-18,no_operation,0.0,0.0,0.0,0.0,0.0,0,0
base,2024-08-19,no_operation,0.0,0.0,0.0,0.0,0.0,0,0
base,2024-08-20,no_operation,0.0,0.0,0.0,0.0,0.0,0,0
base,2024-08-21,no_operation,0.0,0.0,0.0,0.0,0.0,0,0
base,2024-08-22,no_operation,0.0,0.0,0.0,0.0,0.0,0,0
base,2024-08-23,no_operation,0.0,0.0,0.0,0.0,0.0,0,0
base,2024-08-24,no_operation,0.0,0.0,0.0,0.0,0.0,0,0
base,2024-08-25,no_operation,0.0,0.0,0.0,0.0,0.0,0,0
base,2024-08-26,no_operation,0.0,0.0,0.0,0.0,0.0,0,0
base,2024-08-27,no_operation,0.0,0.0,0.0,0.0,0.0,0,0
base,2024-08-28,no_operation,0.0,0.0,0.0,0.0,0.0,0,0
base,2024-08-29,no_operation,0.0,0.0,0.0,0.0,0.0,0,0
base,2024-08-30,no_operation,0.0,0.0,0.0,0.0,0.0,0,0
base,2024-08-31,no_operation,0.0,0.0,0.0,0.0,0.0,0,0
base,2024-09-01,no_operation,0.0,0.0,0.0,0.0,0.0,0,0
base,2024-09-02,no_operation,0.0,0.0,0.0,0.0,0.0,0,0
base,2024-09-03,no_operation,0.0,0.0,0.0,0.0,0.0,0,0
base,2024-09-04,no_operation,0.0,0.0,0.0,0.0,0.0,0,0
base,2024-09-05,no_operation,0.0,0.0,0.0,0.0,0.0,0,0
base,2024-09-06,no_operation,0.0,0.0,0.0,0.0,0.0,0,0
base,2024-09-07,no_operation,0.0,0.0,0.0,0.0,0.0,0,0
base,2024-09-08,no_operation,0.0,0.0,0.0,0.0,0.0,0,0
base,2024-09-09,no_operation,0.0,0.0,0.0,0.0,0.0,0,0
base,2024-09-10,no_operation,0.0,0.0,0.0,0.0,0.0,0,0
base,2024-09-11,no_operation,0.0,0.0,0.0,0.0,0.0,0,0
base,2024-09-12,no_operation,0.0,0.0,0.0,0.0,0.0,0,0
base,2024-09-13,no_operation,0.0,0.0,0.0,0.0,0.0,0,0
base,2024-09-14,no_operation,0.0,0.0,0.0,0.0,0.0,0,0
base,2024-09-15,no_operation,0.0,0.0,0.0,0.0,0.0,0,0
base,2024-09-16,no_operation,0.0,0.0,0.0,0.0,0.0,0,0
base,2024-09-17,no_operation,0.0,0.0,0.0,0.0,0.0,0,0
base,2024-09-18,no_operation,0.0,0.0,0.0,0.0,0.0,0,0
base,2024-09-19,no_operation,0.0,0.0,0.0,0.0,0.0,0,0
base,2024-09-20,no_operation,0.0,0.0,0.0,0.0,0.0,0,0
base,2024-09-21,no_operation,0.0,0.0,0.0,0.0,0.0,0,0
base,2024-09-22,no_operation,0.0,0.0,0.0,0.0,0.0,0,0
base,2024-09-23,no_operation,0.0,0.0,0.0,0.0,0.0,0,0
base,2024-09-24,no_operation,0.0,0.0,0.0,0.0,0.0,0,0
base,2024-09-25,no_operation,0.0,0.0,0.0,0.0,0.0,0,0
base,2024-09-26,no_operation,0.0,0.0,0.0,0.0,0.0,0,0
base,2024-09-27,no_operation,0.0,0.0,0.0,0.0,0.0,0,0
base,2024-09-28,no_operation,0.0,0.0,0.0,0.0,0.0,0,0
base,2024-09-29,no_operation,0.0,0.0,0.0,0.0,0.0,0,0
base,2024-09-30,no_operation,0.0,0.0,0.0,0.0,0.0,0,0
base,2024-10-01,no_operation,0.0,0.0,0.0,0.0,0.0,0,0
base,2024-10-02,no_operation,0.0,0.0,0.0,0.0,0.0,0,0
base,2024-10-03,no_operation,0.0,0.0,0.0,0.0,0.0,0,0
base,2024-10-04,no_operation,0.0,0.0,0.0,0.0,0.0,0,0
base,2024-10-05,no_operation,0.0,0.0,0.0,0.0,0.0,0,0
base,2024-10-06,no_operation,0.0,0.0,0.0,0.0,0.0,0,0
base,2024-10-07,no_operation,0.0,0.0,0.0,0.0,0.0,0,0
base,2024-10-08,no_operation,0.0,0.0,0.0,0.0,0.0,0,0
base,2024-10-09,no_operation,0.0,0.0,0.0,0.0,0.0,0,0
base,2024-10-10,no_operation,0.0,0.0,0.0,0.0,0.0,0,0
base,2024-10-11,no_operation,0.0,0.0,0.0,0.0,0.0,0,0
base,2024-10-12,no_operation,0.0,0.0,0.0,0.0,0.0,0,0
base,2024-10-13,no_operation,0.0,0.0,0.0,0.0,0.0,0,0
base,2024-10-14,no_operation,0.0,0.0,0.0,0.0,0.0,0,0
base,2024-10-15,no_operation,0.0,0.0,0.0,0.0,0.0,0,0
base,2024-10-16,no_operation,0.0,0.0,0.0,0.0,0.0,0,0
base,2024-10-17,no_operation,0.0,0.0,0.0,0.0,0.0,0,0
base,2024-10-18,no_operation,0.0,0.0,0.0,0.0,0.0,0,0
base,2024-10-19,no_operation,0.0,0.0,0.0,0.0,0.0,0,0
base,2024-10-20,no_operation,0.0,0.0,0.0,0.0,0.0,0,0
base,2024-10-21,no_operation,0.0,0.0,0.0,0.0,0.0,0,0
base,2024-10-22,no_operation,0.0,0.0,0.0,0.0,0.0,0,0
base,2024-10-23,no_operation,0.0,0.0,0.0,0.0,0.0,0,0
base,2024-10-24,no_operation,0.0,0.0,0.0,0.0,0.0,0,0
base,2024-10-25,no_operation,0.0,0.0,0.0,0.0,0.0,0,0
base,2024-10-26,no_operation,0.0,0.0,0.0,0.0,0.0,0,0
base,2024-10-27,no_operation,0.0,0.0,0.0,0.0,0.0,0,0
base,2024-10-28,no_operation,0.0,0.0,0.0,0.0,0.0,0,0
base,2024-10-29,no_operation,0.0,0.0,0.0,0.0,0.0,0,0
base,2024-10-30,no_operation,0.0,0.0,0.0,0.0,0.0,0,0
base,2024-10-31,no_operation,0.0,0.0,0.0,0.0,0.0,0,0
base,2024-11-01,no_operation,0.0,0.0,0.0,0.0,0.0,0,0
base,2024-11-02,no_operation,0.0,0.0,0.0,0.0,0.0,0,0
base,2024-11-03,no_operation,0.0,0.0,0.0,0.0,0.0,0,0
base,2024-11-04,no_operation,0.0,0.0,0.0,0.0,0.0,0,0
base,2024-11-05,no_operation,0.0,0.0,0.0,0.0,0.0,0,0
base,2024-11-06,no_operation,0.0,0.0,0.0,0.0,0.0,0,0
base,2024-11-07,no_operation,0.0,0.0,0.0,0.0,0.0,0,0
base,2024-11-08,no_operation,0.0,0.0,0.0,0.0,0.0,0,0
base,2024-11-09,no_operation,0.0,0.0,0.0,0.0,0.0,0,0
base,2024-11-10,no_operation,0.0,0.0,0.0,0.0,0.0,0,0
base,2024-11-11,no_operation,0.0,0.0,0.0,0.0,0.0,0,0
base,2024-11-12,no_operation,0.0,0.0,0.0,0.0,0.0,0,0
base,2024-11-13,no_operation,0.0,0.0,0.0,0.0,0.0,0,0
base,2024-11-14,no_operation,0.0,0.0,0.0,0.0,0.0,0,0
base,2024-11-15,no_operation,0.0,0.0,0.0,0.0,0.0,0,0
base,2024-11-16,no_operation,0.0,0.0,0.0,0.0,0.0,0,0
base,2024-11-17,no_operation,0.0,0.0,0.0,0.0,0.0,0,0
base,2024-11-18,no_operation,0.0,0.0,0.0,0.0,0.0,0,0
base,2024-11-19,no_operation,0.0,0.0,0.0,0.0,0.0,0,0
base,2024-11-20,no_operation,0.0,0.0,0.0,0.0,0.0,0,0
base,2024-11-21,no_operation,0.0,0.0,0.0,0.0,0.0,0,0
base,2024-11-22,no_operation,0.0,0.0,0.0,0.0,0.0,0,0
base,2024-11-23,no_operation,0.0,0.0,0.0,0.0,0.0,0,0
base,2024-11-24,no_operation,0.0,0.0,0.0,0.0,0.0,0,0
base,2024-11-25,no_operation,0.0,0.0,0.0,0.0,0.0,0,0
base,2024-11-26,no_operation,0.0,0.0,0.0,0.0,0.0,0,0
base,2024-11-27,no_operation,0.0,0.0,0.0,0.0,0.0,0,0
base,2024-11-28,no_operation,0.0,0.0,0.0,0.0,0.0,0,0
base,2024-11-29,no_operation,0.0,0.0,0.0,0.0,0.0,0,0
base,2024-11-30,no_operation,0.0,0.0,0.0,0.0,0.0,0,0
base,2024-12-01,no_operation,0.0,0.0,0.0,0.0,0.0,0,0
base,2024-12-02,no_operation,0.0,0.0,0.0,0.0,0.0,0,0
base,2024-12-03,no_operation,0.0,0.0,0.0,0.0,0.0,0,0
base,2024-12-04,no_operation,0.0,0.0,0.0,0.0,0.0,0,0
base,2024-12-05,no_operation,0.0,0.0,0.0,0.0,0.0,0,0
base,2024-12-06,no_operation,0.0,0.0,0.0,0.0,0.0,0,0
base,2024-12-07,no_operation,0.0,0.0,0.0,0.0,0.0,0,0
base,2024-12-08,no_operation,0.0,0.0,0.0,0.0,0.0,0,0
base,2024-12-09,no_operation,0.0,0.0,0.0,0.0,0.0,0,0
base,2024-12-10,no_operation,0.0,0.0,0.0,0.0,0.0,0,0
base,2024-12-11,no_operation,0.0,0.0,0.0,0.0,0.0,0,0
base,2024-12-12,no_operation,0.0,0.0,0.0,0.0,0.0,0,0
base,2024-12-13,no_operation,0.0,0.0,0.0,0.0,0.0,0,0
base,2024-12-14,no_operation,0.0,0.0,0.0,0.0,0.0,0,0
base,2024-12-15,no_operation,0.0,0.0,0.0,0.0,0.0,0,0
base,2024-12-16,no_operation,0.0,0.0,0.0,0.0,0.0,0,0
base,2024-12-17,no_operation,0.0,0.0,0.0,0.0,0.0,0,0
base,2024-12-18,no_operation,0.0,0.0,0.0,0.0,0.0,0,0
base,2024-12-19,no_operation,0.0,0.0,0.0,0.0,0.0,0,0
base,2024-12-20,no_operation,0.0,0.0,0.0,0.0,0.0,0,0
base,2024-12-21,no_operation,0.0,0.0,0.0,0.0,0.0,0,0
base,2024-12-22,no_operation,0.0,0.0,0.0,0.0,0.0,0,0
base,2024-12-23,no_operation,0.0,0.0,0.0,0.0,0.0,0,0
base,2024-12-24,no_operation,0.0,0.0,0.0,0.0,0.0,0,0
base,2024-12-25,no_operation,0.0,0.0,0.0,0.0,0.0,0,0
base,2024-12-26,no_operation,0.0,0.0,0.0,0.0,0.0,0,0
base,2024-12-27,no_operation,0.0,0.0,0.0,0.0,0.0,0,0
base,2024-12-28,no_operation,0.0,0.0,0.0,0.0,0.0,0,0
base,2024-12-29,no_operation,0.0,0.0,0.0,0.0,0.0,0,0
base,2024-12-30,no_operation,0.0,0.0,0.0,0.0,0.0,0,0
base,2024-12-31,no_operation,0.0,0.0,0.0,0.0,0.0,0,0
base,2025-01-01,no_operation,0.0,0.0,0.0,0.0,0.0,0,0
base,2025-01-02,no_operation,0.0,0.0,0.0,0.0,0.0,0,0
base,2025-01-03,no_operation,0.0,0.0,0.0,0.0,0.0,0,0
base,2025-01-04,no_operation,0.0,0.0,0.0,0.0,0.0,0,0
base,2025-01-05,no_operation,0.0,0.0,0.0,0.0,0.0,0,0
base,2025-01-06,no_operation,0.0,0.0,0.0,0.0,0.0,0,0
base,2025-01-07,no_operation,0.0,0.0,0.0,0.0,0.0,0,0
base,2025-01-08,no_operation,0.0,0.0,0.0,0.0,0.0,0,0
base,2025-01-09,no_operation,0.0,0.0,0.0,0.0,0.0,0,0
base,2025-01-10,no_operation,0.0,0.0,0.0,0.0,0.0,0,0
base,2025-01-11,no_operation,0.0,0.0,0.0,0.0,0.0,0,0
base,2025-01-12,no_operation,0.0,0.0,0.0,0.0,0.0,0,0
base,2025-01-13,no_operation,0.0,0.0,0.0,0.0,0.0,0,0
base,2025-01-14,no_operation,0.0,0.0,0.0,0.0,0.0,0,0
base,2025-01-15,no_operation,0.0,0.0,0.0,0.0,0.0,0,0
base,2025-01-16,no_operation,0.0,0.0,0.0,0.0,0.0,0,0
base,2025-01-17,no_operation,0.0,0.0,0.0,0.0,0.0,0,0
base,2025-01-18,no_operation,0.0,0.0,0.0,0.0,0.0,0,0
base,2025-01-19,no_operation,0.0,0.0,0.0,0.0,0.0,0,0
base,2025-01-20,no_operation,0.0,0.0,0.0,0.0,0.0,0,0
base,2025-01-21,no_operation,0.0,0.0,0.0,0.0,0.0,0,0
base,2025-01-22,no_operation,0.0,0.0,0.0,0.0,0.0,0,0
base,2025-01-23,no_operation,0.0,0.0,0.0,0.0,0.0,0,0
base,2025-01-24,no_operation,0.0,0.0,0.0,0.0,0.0,0,0
base,2025-01-25,no_operation,0.0,0.0,0.0,0.0,0.0,0,0
base,2025-01-26,no_operation,0.0,0.0,0.0,0.0,0.0,0,0
base,2025-01-27,no_operation,0.0,0.0,0.0,0.0,0.0,0,0
base,2025-01-28,no_operation,0.0,0.0,0.0,0.0,0.0,0,0
base,2025-01-29,no_operation,0.0,0.0,0.0,0.0,0.0,0,0
base,2025-01-30,no_operation,0.0,0.0,0.0,0.0,0.0,0,0
base,2025-01-31,no_operation,0.0,0.0,0.0,0.0,0.0,0,0
base,2025-02-01,no_operation,0.0,0.0,0.0,0.0,0.0,0,0
base,2025-02-02,no_operation,0.0,0.0,0.0,0.0,0.0,0,0
base,2025-02-03,no_operation,0.0,0.0,0.0,0.0,0.0,0,0
base,2025-02-04,no_operation,0.0,0.0,0.0,0.0,0.0,0,0
base,2025-02-05,no_operation,0.0,0.0,0.0,0.0,0.0,0,0
base,2025-02-06,no_operation,0.0,0.0,0.0,0.0,0.0,0,0
base,2025-02-07,no_operation,0.0,0.0,0.0,0.0,0.0,0,0
base,2025-02-08,no_operation,0.0,0.0,0.0,0.0,0.0,0,0
base,2025-02-09,no_operation,0.0,0.0,0.0,0.0,0.0,0,0
base,2025-02-10,no_operation,0.0,0.0,0.0,0.0,0.0,0,0
base,2025-02-11,no_operation,0.0,0.0,0.0,0.0,0.0,0,0
base,2025-02-12,no_operation,0.0,0.0,0.0,0.0,0.0,0,0
base,2025-02-13,no_operation,0.0,0.0,0.0,0.0,0.0,0,0
base,2025-02-14,no_operation,0.0,0.0,0.0,0.0,0.0,0,0
base,2025-02-15,no_operation,0.0,0.0,0.0,0.0,0.0,0,0
base,2025-02-16,no_operation,0.0,0.0,0.0,0.0,0.0,0,0
base,2025-02-17,no_operation,0.0,0.0,0.0,0.0,0.0,0,0
base,2025-02-18,no_operation,0.0,0.0,0.0,0.0,0.0,0,0
base,2025-02-19,no_operation,0.0,0.0,0.0,0.0,0.0,0,0
base,2025-02-20,no_operation,0.0,0.0,0.0,0.0,0.0,0,0
base,2025-02-21,no_operation,0.0,0.0,0.0,0.0,0.0,0,0
base,2025-02-22,no_operation,0.0,0.0,0.0,0.0,0.0,0,0
base,2025-02-23,no_operation,0.0,0.0,0.0,0.0,0.0,0,0
base,2025-02-24,no_operation,0.0,0.0,0.0,0.0,0.0,0,0
base,2025-02-25,no_operation,0.0,0.0,0.0,0.0,0.0,0,0
base,2025-02-26,no_operation,0.0,0.0,0.0,0.0,0.0,0,0
base,2025-02-27,no_operation,0.0,0.0,0.0,0.0,0.0,0,0
base,2025-02-28,no_operation,0.0,0.0,0.0,0.0,0.0,0,0
base,2025-03-01,no_operation,0.0,0.0,0.0,0.0,0.0,0,0
base,2025-03-02,no_operation,0.0,0.0,0.0,0.0,0.0,0,0
base,2025-03-03,no_operation,0.0,0.0,0.0,0.0,0.0,0,0
base,2025-03-04,no_operation,0.0,0.0,0.0,0.0,0.0,0,0
base,2025-03-05,no_operation,0.0,0.0,0.0,0.0,0.0,0,0
base,2025-03-06,no_operation,0.0,0.0,0.0,0.0,0.0,0,0
base,2025-03-07,no_operation,0.0,0.0,0.0,0.0,0.0,0,0
base,2025-03-08,no_operation,0.0,0.0,0.0,0.0,0.0,0,0
base,2025-03-09,no_operation,0.0,0.0,0.0,0.0,0.0,0,0
base,2025-03-10,no_operation,0.0,0.0,0.0,0.0,0.0,0,0
base,2025-03-11,no_operation,0.0,0.0,0.0,0.0,0.0,0,0
base,2025-03-12,no_operation,0.0,0.0,0.0,0.0,0.0,0,0
base,2025-03-13,no_operation,0.0,0.0,0.0,0.0,0.0,0,0
base,2025-03-14,no_operation,0.0,0.0,0.0,0.0,0.0,0,0
base,2025-03-15,no_operation,0.0,0.0,0.0,0.0,0.0,0,0
base,2025-03-16,no_operation,0.0,0.0,0.0,0.0,0.0,0,0
base,2025-03-17,no_operation,0.0,0.0,0.0,0.0,0.0,0,0
base,2025-03-18,no_operation,0.0,0.0,0.0,0.0,0.0,0,0
base,2025-03-19,no_operation,0.0,0.0,0.0,0.0,0.0,0,0
base,2025-03-20,no_operation,0.0,0.0,0.0,0.0,0.0,0,0
base,2025-03-21,no_operation,0.0,0.0,0.0,0.0,0.0,0,0
base,2025-03-22,no_operation,0.0,0.0,0.0,0.0,0.0,0,0
base,2025-03-23,no_operation,0.0,0.0,0.0,0.0,0.0,0,0
base,2025-03-24,no_operation,0.0,0.0,0.0,0.0,0.0,0,0
base,2025-03-25,no_operation,0.0,0.0,0.0,0.0,0.0,0,0
base,2025-03-26,no_operation,0.0,0.0,0.0,0.0,0.0,0,0
base,2025-03-27,no_operation,0.0,0.0,0.0,0.0,0.0,0,0
base,2025-03-28,no_operation,0.0,0.0,0.0,0.0,0.0,0,0
base,2025-03-29,no_operation,0.0,0.0,0.0,0.0,0.0,0,0
base,2025-03-30,no_operation,0.0,0.0,0.0,0.0,0.0,0,0
base,2025-03-31,no_operation,0.0,0.0,0.0,0.0,0.0,0,0
base,2024-04-01,naive_forecast,10450.131578947368,0.0,10450.131578947368,1.6842105263157894,1.52,8,8
base,2024-04-02,naive_forecast,8528.86842105263,0.0,8528.86842105263,1.6842105263157896,1.52,8,8
base,2024-04-03,naive_forecast,2705.2631578947367,0.0,2705.2631578947367,1.6842105263157896,1.52,8,8
base,2024-04-04,naive_forecast,2324.5592105263167,0.0,2324.5592105263167,1.3421052631578947,1.2112500000000002,6,6
base,2024-04-05,naive_forecast,4909.942105263159,0.0,4909.942105263159,1.6842105263157894,1.52,8,8
base,2024-04-06,naive_forecast,7203.878947368424,0.0,7203.878947368424,1.6842105263157894,1.5200000000000002,8,8
base,2024-04-07,naive_forecast,9678.552631578948,0.0,9678.552631578948,1.6842105263157896,1.52,8,8
base,2024-04-08,naive_forecast,1378.9473684210539,0.0,1378.9473684210539,1.263157894736842,1.14,6,6
base,2024-04-09,naive_forecast,6104.741274238229,0.0,6104.741274238229,1.6731301939058172,1.5100000000000002,8,7
base,2024-04-10,naive_forecast,4707.015789473685,0.0,4707.015789473685,1.6842105263157896,1.5200000000000002,8,8
base,2024-04-11,naive_forecast,5600.036842105264,0.0,5600.036842105264,1.6842105263157898,1.5200000000000002,8,8
base,2024-04-12,naive_forecast,9201.405263157894,0.0,9201.405263157894,1.6842105263157898,1.52,8,8
base,2024-04-13,naive_forecast,9880.973684210527,0.0,9880.973684210527,1.6842105263157896,1.52,8,8
base,2024-04-14,naive_forecast,8181.784210526317,0.0,8181.784210526317,1.6842105263157894,1.5200000000000002,8,8
base,2024-04-15,naive_forecast,2614.1368421052653,0.0,2614.1368421052653,1.2631578947368423,1.1400000000000001,6,6
base,2024-04-16,naive_forecast,3682.2052631578968,0.0,3682.2052631578968,1.6731301939058172,1.5100000000000002,8,7
base,2024-04-17,naive_forecast,9983.036842105264,0.0,9983.036842105264,1.2631578947368423,1.1400000000000001,6,6
base,2024-04-18,naive_forecast,7300.41398891967,0.0,7300.41398891967,1.554016620498615,1.4025,7,7
base,2024-04-19,naive_forecast,8662.863157894737,0.0,8662.863157894737,1.263157894736842,1.1400000000000001,6,6
base,2024-04-20,naive_forecast,7786.387811634348,0.0,7786.387811634348,1.3961218836565097,1.26,7,6
base,2024-04-21,naive_forecast,1789.169442520775,0.0,1789.169442520775,1.8691135734072022,1.686875,9,8
base,2024-04-22,naive_forecast,1257.6960526315797,0.0,1257.6960526315797,1.4210526315789473,1.2825000000000002,6,7
base,2024-04-23,naive_forecast,2943.23157894737,0.0,2943.23157894737,1.3421052631578947,1.2112500000000002,6,6
base,2024-04-24,naive_forecast,4643.005817174515,0.0,4643.005817174515,1.3961218836565097,1.2600000000000002,7,6
base,2024-04-25,naive_forecast,5999.93074792244,0.0,5999.93074792244,1.39612188365651,1.2600000000000002,7,6
base,2024-04-26,naive_forecast,5375.356250000001,0.0,5375.356250000001,1.513157894736842,1.365625,7,7
base,2024-04-27,naive_forecast,6351.824999999997,0.0,6351.824999999997,2.1710526315789473,1.9593749999999996,9,10
base,2024-04-28,naive_forecast,9106.784210526313,0.0,9106.784210526313,1.6842105263157896,1.52,8,8
base,2024-04-29,naive_forecast,1887.6662049861484,0.0,1887.6662049861484,1.3850415512465375,1.25,7,5
base,2024-04-30,naive_forecast,2258.348684210528,0.0,2258.348684210528,1.763157894736842,1.59125,8,8
base,2024-05-01,naive_forecast,445.4631578947392,0.0,445.4631578947392,1.263157894736842,1.1400000000000001,6,6
base,2024-05-02,naive_forecast,1401.1980090027707,0.0,1401.1980090027707,1.3691135734072022,1.2356250000000002,7,5
base,2024-05-03,naive_forecast,9374.17894736842,0.0,9374.17894736842,1.263157894736842,1.1400000000000001,6,6
base,2024-05-04,naive_forecast,8425.247368421053,0.0,8425.247368421053,1.6842105263157898,1.52,8,8
base,2024-05-05,naive_forecast,8231.941447368421,0.0,8231.941447368421,1.0921052631578947,0.985625,5,5
base,2024-05-06,naive_forecast,1199.6052631578937,0.0,1199.6052631578937,1.2631578947368423,1.1400000000000001,6,6
base,2024-05-07,naive_forecast,3175.578947368421,0.0,3175.578947368421,1.263157894736842,1.1400000000000001,6,6
base,2024-05-08,naive_forecast,5180.962603878116,0.0,5180.962603878116,1.3961218836565097,1.26,7,6
base,2024-05-09,naive_forecast,9344.084210526313,0.0,9344.084210526313,1.513157894736842,1.365625,7,6
base,2024-05-10,naive_forecast,9511.429120498615,0.0,9511.429120498615,2.4501385041551247,2.2112499999999997,12,10
base,2024-05-11,naive_forecast,11199.015789473688,0.0,11199.015789473688,1.2631578947368423,1.1400000000000001,6,6
base,2024-05-12,naive_forecast,2289.0379847645427,0.0,2289.0379847645427,1.9231301939058172,1.735625,9,8
base,2024-05-13,naive_forecast,3092.4720221606694,0.0,3092.4720221606694,1.6731301939058167,1.5100000000000002,9,7
base,2024-05-14,naive_forecast,4771.152908587258,0.0,4771.152908587258,1.6731301939058172,1.5100000000000002,8,7
base,2024-05-15,naive_forecast,9680.46842105263,0.0,9680.46842105263,1.6842105263157896,1.52,8,8
base,2024-05-16,naive_forecast,10883.315789473687,0.0,10883.315789473687,1.6842105263157898,1.52,8,8
base,2024-05-17,naive_forecast,12311.384210526317,0.0,12311.384210526317,1.263157894736842,1.1400000000000001,6,6
base,2024-05-18,naive_forecast,8646.903497229921,0.0,8646.903497229921,1.4750692520775626,1.3312500000000003,7,7
base,2024-05-19,naive_forecast,866.6911357340718,0.0,866.6911357340718,0.9750692520775625,0.88,5,4
base,2024-05-20,naive_forecast,2379.9747922437655,0.0,2379.9747922437655,0.9750692520775625,0.88,5,4
base,2024-05-21,naive_forecast,9928.05263157895,0.0,9928.05263157895,1.263157894736842,1.1400000000000001,6,6
base,2024-05-22,naive_forecast,9116.412465373962,0.0,9116.412465373962,1.554016620498615,1.4025,7,7
base,2024-05-23,naive_forecast,5753.94293628809,0.0,5753.94293628809,1.673130193905817,1.51,8,7
base,2024-05-24,naive_forecast,8379.21052631579,0.0,8379.21052631579,1.3961218836565097,1.26,7,6
base,2024-05-25,naive_forecast,8850.672368421056,0.0,8850.672368421056,1.4210526315789473,1.2825,6,7
base,2024-05-26,naive_forecast,9253.77894736842,0.0,9253.77894736842,1.0921052631578951,0.985625,5,5
base,2024-05-27,naive_forecast,2229.615789473687,0.0,2229.615789473687,1.2631578947368418,1.1400000000000001,6,6
base,2024-05-28,naive_forecast,5644.399999999999,0.0,5644.399999999999,1.3421052631578947,1.21125,6,6
base,2024-05-29,naive_forecast,-5053.045360110803,0.0,-5053.045360110803,1.6191135734072022,1.46125,8,6
base,2024-05-30,naive_forecast,4263.206907894739,0.0,4263.206907894739,1.513157894736842,1.365625,7,7
base,2024-05-31,naive_forecast,-1245.3358552631576,0.0,-1245.3358552631576,1.763157894736842,1.59125,8,8
base,2024-06-01,naive_forecast,-485.568750000001,0.0,-485.568750000001,1.5131578947368425,1.365625,7,7
base,2024-06-02,naive_forecast,8946.889144736842,0.0,8946.889144736842,1.0921052631578947,0.985625,5,5
base,2024-06-03,naive_forecast,1923.957340720221,0.0,1923.957340720221,2.0941828254847645,1.8900000000000001,10,9
base,2024-06-04,naive_forecast,8648.973684210527,0.0,8648.973684210527,1.263157894736842,1.1400000000000001,6,6
base,2024-06-05,naive_forecast,10052.744736842102,0.0,10052.744736842102,1.7631578947368423,1.59125,8,8
base,2024-06-06,naive_forecast,3721.7789473684206,0.0,3721.7789473684206,1.2631578947368423,1.1400000000000001,6,6
base,2024-06-07,naive_forecast,2643.8180921052617,0.0,2643.8180921052617,1.513157894736842,1.365625,7,7
base,2024-06-08,naive_forecast,8676.975173130191,0.0,8676.975173130191,1.7901662049861495,1.615625,9,8
base,2024-06-09,naive_forecast,1567.7143871191158,0.0,1567.7143871191158,1.5020775623268698,1.355625,7,6
base,2024-06-10,naive_forecast,4780.726315789472,0.0,4780.726315789472,1.513157894736842,1.365625,7,7
base,2024-06-11,naive_forecast,9844.915789473685,0.0,9844.915789473685,1.263157894736842,1.1400000000000001,6,6
base,2024-06-12,naive_forecast,7457.226315789471,0.0,7457.226315789471,1.2631578947368423,1.1400000000000001,6,6
base,2024-06-13,naive_forecast,6989.359868421053,0.0,6989.359868421053,1.5131578947368423,1.365625,7,7
base,2024-06-14,naive_forecast,8422.187500000004,0.0,8422.187500000004,1.763157894736842,1.59125,8,8
base,2024-06-15,naive_forecast,6564.922368421054,0.0,6564.922368421054,1.6710526315789473,1.508125,7,8
base,2024-06-16,naive_forecast,13751.931578947371,0.0,13751.931578947371,1.263157894736842,1.1400000000000001,6,6
base,2024-06-17,naive_forecast,6176.07894736842,0.0,6176.07894736842,1.2631578947368423,1.1400000000000001,6,6
base,2024-06-18,naive_forecast,5243.828947368419,0.0,5243.828947368419,1.6710526315789473,1.508125,7,8
base,2024-06-19,naive_forecast,6328.351523545708,0.0,6328.351523545708,1.6731301939058172,1.5100000000000002,8,7
base,2024-06-20,naive_forecast,3831.44511772853,0.0,3831.44511772853,1.7901662049861498,1.615625,9,8
base,2024-06-21,naive_forecast,900.587499999998,0.0,900.587499999998,1.5131578947368423,1.365625,7,7
base,2024-06-22,naive_forecast,1972.8975069252099,0.0,1972.8975069252099,1.1191135734072022,1.0100000000000002,5,5
base,2024-06-23,naive_forecast,1974.1575831024911,0.0,1974.1575831024911,1.9480609418282548,1.7581249999999997,9,9
base,2024-06-24,naive_forecast,3330.6157894736853,0.0,3330.6157894736853,1.263157894736842,1.1400000000000001,6,6
base,2024-06-25,naive_forecast,3585.7947368421064,0.0,3585.7947368421064,0.8421052631578948,0.7600000000000001,4,4
base,2024-06-26,naive_forecast,1087.494078947369,0.0,1087.494078947369,2.0131578947368425,1.816875,9,8
base,2024-06-27,naive_forecast,2334.5005540166194,0.0,2334.5005540166194,1.39612188365651,1.26,6,6
base,2024-06-28,naive_forecast,691.3118421052609,0.0,691.3118421052609,2.013157894736842,1.816875,9,9
base,2024-06-29,naive_forecast,-3922.582860110805,0.0,-3922.582860110805,1.6191135734072022,1.4612500000000002,7,6
base,2024-06-30,naive_forecast,2266.692520775624,0.0,2266.692520775624,1.1191135734072022,1.0100000000000002,6,5
base,2024-07-01,naive_forecast,741.347368421053,0.0,741.347368421053,1.2631578947368423,1.1400000000000001,6,6
base,2024-07-02,naive_forecast,-412.8480263157903,0.0,-412.8480263157903,1.5921052631578947,1.436875,7,7
base,2024-07-03,naive_forecast,5497.519078947372,0.0,5497.519078947372,1.513157894736842,1.365625,7,7
base,2024-07-04,naive_forecast,8149.7157894736865,0.0,8149.7157894736865,1.2631578947368423,1.1400000000000001,6,6
base,2024-07-05,naive_forecast,7046.627216066483,0.0,7046.627216066483,2.04016620498615,1.8412499999999998,10,9
base,2024-07-06,naive_forecast,2668.0163434903047,0.0,2668.0163434903047,2.371191135734072,2.1399999999999997,12,10
base,2024-07-07,naive_forecast,7725.6315789473665,0.0,7725.6315789473665,1.2631578947368423,1.1400000000000001,6,6
base,2024-07-08,naive_forecast,6041.9578947368445,0.0,6041.9578947368445,1.263157894736842,1.1400000000000001,6,6
base,2024-07-09,naive_forecast,10049.785318559558,0.0,10049.785318559558,1.6731301939058172,1.5100000000000002,9,7
base,2024-07-10,naive_forecast,10806.052493074796,0.0,10806.052493074796,1.6191135734072022,1.4612500000000002,7,7
base,2024-07-11,naive_forecast,3002.2849030470925,0.0,3002.2849030470925,1.6191135734072022,1.4612500000000002,7,7
base,2024-07-12,naive_forecast,1798.797039473687,0.0,1798.797039473687,1.5921052631578947,1.4368750000000001,7,7
base,2024-07-13,naive_forecast,835.936842105264,0.0,835.936842105264,0.8421052631578948,0.7600000000000001,4,4
base,2024-07-14,naive_forecast,2654.2210526315807,0.0,2654.2210526315807,1.263157894736842,1.1400000000000001,6,6
base,2024-07-15,naive_forecast,3128.9157894736845,0.0,3128.9157894736845,1.2631578947368423,1.1400000000000001,6,6
base,2024-07-16,naive_forecast,1364.171710526313,0.0,1364.171710526313,1.5131578947368423,1.365625,7,7
base,2024-07-17,naive_forecast,2719.0289473684197,0.0,2719.0289473684197,1.3421052631578947,1.21125,6,6
base,2024-07-18,naive_forecast,5860.692797783932,0.0,5860.692797783932,1.1191135734072022,1.01,5,5
base,2024-07-19,naive_forecast,5573.291447368421,0.0,5573.291447368421,1.6710526315789473,1.508125,7,8
base,2024-07-20,naive_forecast,3074.4005540166227,0.0,3074.4005540166227,1.3961218836565097,1.26,7,6
base,2024-07-21,naive_forecast,6738.605263157897,0.0,6738.605263157897,1.2631578947368423,1.1400000000000001,6,6
base,2024-07-22,naive_forecast,9694.342105263157,0.0,9694.342105263157,1.263157894736842,1.1400000000000001,6,6
base,2024-07-23,naive_forecast,10805.644009695287,0.0,10805.644009695287,1.1980609418282548,1.0812499999999998,6,6
base,2024-07-24,naive_forecast,6222.286842105264,0.0,6222.286842105264,2.2631578947368425,2.0425000000000004,10,10
base,2024-07-25,naive_forecast,4932.701523545704,0.0,4932.701523545704,2.0401662049861495,1.84125,10,9
base,2024-07-26,naive_forecast,5811.474999999997,0.0,5811.474999999997,1.0921052631578947,0.985625,5,5
base,2024-07-27,naive_forecast,4215.240114265926,0.0,4215.240114265926,2.369113573407202,2.1381249999999996,10,10
base,2024-07-28,naive_forecast,8189.736842105263,0.0,8189.736842105263,1.1191135734072022,1.0100000000000002,5,5
base,2024-07-29,naive_forecast,11253.363157894735,0.0,11253.363157894735,1.2631578947368423,1.1400000000000001,6,6
base,2024-07-30,naive_forecast,11529.53552631579,0.0,11529.53552631579,1.6710526315789473,1.5081249999999997,7,8
base,2024-07-31,naive_forecast,10623.657894736842,0.0,10623.657894736842,2.0131578947368425,1.816875,9,9
base,2024-08-01,naive_forecast,13706.234539473688,0.0,13706.234539473688,1.513157894736842,1.365625,7,6
base,2024-08-02,naive_forecast,5857.59134349031,0.0,5857.59134349031,1.3691135734072022,1.2356250000000002,6,5
base,2024-08-03,naive_forecast,4524.765131578945,0.0,4524.765131578945,1.1710526315789473,1.0568749999999998,5,6
base,2024-08-04,naive_forecast,5769.052631578948,0.0,5769.052631578948,1.2631578947368423,1.1400000000000001,6,6
base,2024-08-05,naive_forecast,4662.115789473688,0.0,4662.115789473688,1.263157894736842,1.1400000000000001,6,6
base,2024-08-06,naive_forecast,4851.300000000001,0.0,4851.300000000001,0.8421052631578948,0.7600000000000001,4,4
base,2024-08-07,naive_forecast,3465.894736842104,0.0,3465.894736842104,2.105263157894737,1.9000000000000001,10,10
base,2024-08-08,naive_forecast,5628.019667590025,0.0,5628.019667590025,1.6731301939058172,1.51,8,7
base,2024-08-09,naive_forecast,4958.4166204986195,0.0,4958.4166204986195,1.817174515235457,1.6400000000000001,8,8
base,2024-08-10,naive_forecast,4162.997264542936,0.0,4162.997264542936,1.4750692520775623,1.33125,7,7
base,2024-08-11,naive_forecast,5743.310526315791,0.0,5743.310526315791,1.263157894736842,1.1400000000000001,6,6
base,2024-08-12,naive_forecast,4317.4000000000015,0.0,4317.4000000000015,1.263157894736842,1.1400000000000001,6,6
base,2024-08-13,naive_forecast,5523.678947368425,0.0,5523.678947368425,1.263157894736842,1.1400000000000001,6,6
base,2024-08-14,naive_forecast,4362.16315789474,0.0,4362.16315789474,1.263157894736842,1.1400000000000001,6,6
base,2024-08-15,naive_forecast,4515.7631578947385,0.0,4515.7631578947385,1.263157894736842,1.1400000000000001,6,6
base,2024-08-16,naive_forecast,3745.1315789473683,0.0,3745.1315789473683,1.2631578947368423,1.1400000000000001,6,6
base,2024-08-17,naive_forecast,4784.297039473684,0.0,4784.297039473684,1.1710526315789473,1.0568749999999998,5,6
base,2024-08-18,naive_forecast,7004.494736842104,0.0,7004.494736842104,1.2631578947368423,1.1400000000000001,6,6
base,2024-08-19,naive_forecast,4185.315789473683,0.0,4185.315789473683,1.2631578947368423,1.1400000000000001,6,6
base,2024-08-20,naive_forecast,5103.592105263156,0.0,5103.592105263156,1.0921052631578947,0.985625,5,5
base,2024-08-21,naive_forecast,5205.231578947371,0.0,5205.231578947371,1.3421052631578947,1.2112500000000002,6,6
base,2024-08-22,naive_forecast,3739.231578947372,0.0,3739.231578947372,0.8421052631578947,0.7600000000000001,4,4
base,2024-08-23,naive_forecast,4173.821052631578,0.0,4173.821052631578,1.5921052631578947,1.436875,7,7
base,2024-08-24,naive_forecast,2519.7667763157874,0.0,2519.7667763157874,1.5921052631578947,1.4368750000000001,7,7
base,2024-08-25,naive_forecast,2655.717434210526,0.0,2655.717434210526,1.513157894736842,1.3656249999999999,7,7
base,2024-08-26,naive_forecast,4522.605263157897,0.0,4522.605263157897,1.2631578947368423,1.1400000000000001,6,6
base,2024-08-27,naive_forecast,5841.06677631579,0.0,5841.06677631579,1.1710526315789473,1.056875,5,6
base,2024-08-28,naive_forecast,5078.736184210525,0.0,5078.736184210525,1.3421052631578947,1.21125,6,6
base,2024-08-29,naive_forecast,4271.017105263157,0.0,4271.017105263157,1.0921052631578947,0.985625,5,5
base,2024-08-30,naive_forecast,16173.157894736847,0.0,16173.157894736847,0.8421052631578948,0.7600000000000001,4,4
base,2024-08-31,naive_forecast,254.34835526315692,0.0,254.34835526315692,1.8421052631578947,1.6625,8,7
base,2024-09-01,naive_forecast,4338.684210526316,0.0,4338.684210526316,0.8421052631578948,0.76,4,4
base,2024-09-02,naive_forecast,5779.257894736842,0.0,5779.257894736842,1.2631578947368423,1.1400000000000001,6,6
base,2024-09-03,naive_forecast,5088.7947368421055,0.0,5088.7947368421055,1.263157894736842,1.14,6,6
base,2024-09-04,naive_forecast,5275.9000000000015,0.0,5275.9000000000015,1.263157894736842,1.1400000000000001,6,6
base,2024-09-05,naive_forecast,6443.731578947371,0.0,6443.731578947371,1.263157894736842,1.1400000000000001,6,6
base,2024-09-06,naive_forecast,6033.363157894739,0.0,6033.363157894739,1.263157894736842,1.1400000000000001,6,6
base,2024-09-07,naive_forecast,3508.773684210527,0.0,3508.773684210527,1.263157894736842,1.1400000000000001,6,6
base,2024-09-08,naive_forecast,4826.763157894737,0.0,4826.763157894737,1.263157894736842,1.1400000000000001,6,6
base,2024-09-09,naive_forecast,11333.436842105264,0.0,11333.436842105264,1.263157894736842,1.1400000000000001,6,6
base,2024-09-10,naive_forecast,10771.324342105263,0.0,10771.324342105263,0.9210526315789473,0.8312499999999999,4,5
base,2024-09-11,naive_forecast,13915.315789473687,0.0,13915.315789473687,0.8421052631578948,0.76,4,4
base,2024-09-12,naive_forecast,8440.571052631576,0.0,8440.571052631576,1.3421052631578947,1.2112500000000002,6,6
base,2024-09-13,naive_forecast,9037.53947368421,0.0,9037.53947368421,1.3421052631578947,1.2112500000000002,6,6
base,2024-09-14,naive_forecast,5209.839265927979,0.0,5209.839265927979,1.1980609418282548,1.08125,6,6
base,2024-09-15,naive_forecast,2572.5789473684194,0.0,2572.5789473684194,1.2631578947368423,1.14,6,6
base,2024-09-16,naive_forecast,5192.291153047092,0.0,5192.291153047092,1.3691135734072022,1.2356250000000002,6,6
base,2024-09-17,naive_forecast,16014.789473684214,0.0,16014.789473684214,1.2631578947368423,1.1400000000000001,6,6
base,2024-09-18,naive_forecast,15880.9,0.0,15880.9,1.263157894736842,1.14,6,6
base,2024-09-19,naive_forecast,16041.692434210525,0.0,16041.692434210525,1.4210526315789473,1.2824999999999998,6,7
base,2024-09-20,naive_forecast,15874.639889196676,0.0,15874.639889196676,1.3961218836565097,1.26,7,6
base,2024-09-21,naive_forecast,3435.69835526316,0.0,3435.69835526316,1.6710526315789473,1.5081250000000002,7,8
base,2024-09-22,naive_forecast,2880.3631578947384,0.0,2880.3631578947384,0.8421052631578948,0.7600000000000001,4,4
base,2024-09-23,naive_forecast,3349.2894736842127,0.0,3349.2894736842127,1.263157894736842,1.1400000000000001,6,6
base,2024-09-24,naive_forecast,6188.700657894737,0.0,6188.700657894737,1.513157894736842,1.365625,7,7
base,2024-09-25,naive_forecast,3705.1368421052625,0.0,3705.1368421052625,1.961218836565097,1.77,9,9
base,2024-09-26,naive_forecast,6642.342105263159,0.0,6642.342105263159,1.513157894736842,1.365625,7,7
base,2024-09-27,naive_forecast,3695.42496537396,0.0,3695.42496537396,1.6461218836565097,1.485625,8,7
base,2024-09-28,naive_forecast,253.31907894736628,0.0,253.31907894736628,1.0921052631578947,0.985625,5,5
base,2024-09-29,naive_forecast,1929.9947368421062,0.0,1929.9947368421062,1.2631578947368423,1.1400000000000001,6,6
base,2024-09-30,naive_forecast,3897.778947368422,0.0,3897.778947368422,1.2631578947368423,1.1400000000000001,6,6
base,2024-10-01,naive_forecast,6560.363157894738,0.0,6560.363157894738,1.6842105263157896,1.52,8,8
base,2024-10-02,naive_forecast,6996.463815789473,0.0,6996.463815789473,1.513157894736842,1.365625,7,7
base,2024-10-03,naive_forecast,1324.7609418282557,0.0,1324.7609418282557,1.6731301939058172,1.51,8,7
base,2024-10-04,naive_forecast,6543.311184210528,0.0,6543.311184210528,1.4210526315789473,1.2825000000000002,6,7
base,2024-10-05,naive_forecast,115.52105263157664,0.0,115.52105263157664,1.3421052631578947,1.21125,6,6
base,2024-10-06,naive_forecast,6267.031578947369,0.0,6267.031578947369,1.2631578947368423,1.1400000000000001,6,6
base,2024-10-07,naive_forecast,1817.4263157894725,0.0,1817.4263157894725,1.2631578947368423,1.1400000000000001,6,6
base,2024-10-08,naive_forecast,4886.305263157895,0.0,4886.305263157895,1.3421052631578947,1.2112500000000002,6,6
base,2024-10-09,naive_forecast,5722.000051939055,0.0,5722.000051939055,1.64612188365651,1.485625,8,7
base,2024-10-10,naive_forecast,10625.473684210527,0.0,10625.473684210527,1.6842105263157898,1.52,8,8
base,2024-10-11,naive_forecast,13223.052631578948,0.0,13223.052631578948,1.6842105263157896,1.5200000000000002,8,8
base,2024-10-12,naive_forecast,9501.711357340722,0.0,9501.711357340722,1.6731301939058172,1.51,8,7
base,2024-10-13,naive_forecast,10186.796121883659,0.0,10186.796121883659,1.6731301939058172,1.51,8,7
base,2024-10-14,naive_forecast,5217.647368421052,0.0,5217.647368421052,1.6842105263157896,1.52,8,8
base,2024-10-15,naive_forecast,7889.917105263161,0.0,7889.917105263161,1.7631578947368423,1.59125,8,9
base,2024-10-16,naive_forecast,4865.599999999995,0.0,4865.599999999995,1.6842105263157898,1.52,8,8
base,2024-10-17,naive_forecast,6501.2052631579,0.0,6501.2052631579,0.8421052631578948,0.7600000000000001,4,4
base,2024-10-18,naive_forecast,8496.980609418286,0.0,8496.980609418286,1.3961218836565097,1.2600000000000002,7,6
base,2024-10-19,naive_forecast,3198.4163434903057,0.0,3198.4163434903057,1.6731301939058172,1.5100000000000002,8,7
base,2024-10-20,naive_forecast,9432.747368421053,0.0,9432.747368421053,1.263157894736842,1.1400000000000001,6,6
base,2024-10-21,naive_forecast,6720.238157894737,0.0,6720.238157894737,1.5131578947368423,1.365625,7,7
base,2024-10-22,naive_forecast,6067.226315789475,0.0,6067.226315789475,1.6842105263157896,1.5200000000000002,8,8
base,2024-10-23,naive_forecast,4516.325484764542,0.0,4516.325484764542,1.673130193905817,1.51,8,7
base,2024-10-24,naive_forecast,5462.319944598336,0.0,5462.319944598336,1.1191135734072022,1.01,6,5
base,2024-10-25,naive_forecast,5870.057894736845,0.0,5870.057894736845,1.6842105263157896,1.52,8,8
base,2024-10-26,naive_forecast,2189.2098684210537,0.0,2189.2098684210537,1.763157894736842,1.59125,8,9
base,2024-10-27,naive_forecast,3668.0157894736835,0.0,3668.0157894736835,1.2631578947368423,1.1400000000000001,6,6
base,2024-10-28,naive_forecast,4095.1631578947386,0.0,4095.1631578947386,1.2631578947368423,1.1400000000000001,6,6
base,2024-10-29,naive_forecast,4706.4,0.0,4706.4,1.6842105263157896,1.5200000000000002,8,8
base,2024-10-30,naive_forecast,5705.120221606647,0.0,5705.120221606647,1.961218836565097,1.77,9,9
base,2024-10-31,naive_forecast,4857.694736842104,0.0,4857.694736842104,1.6842105263157896,1.52,8,8
base,2024-11-01,naive_forecast,1980.0831024930776,0.0,1980.0831024930776,1.6731301939058172,1.5100000000000002,8,7
base,2024-11-02,naive_forecast,-932.9368421052661,0.0,-932.9368421052661,1.39612188365651,1.26,7,6
base,2024-11-03,naive_forecast,-4309.329605263159,0.0,-4309.329605263159,1.4210526315789473,1.2825000000000002,6,7
base,2024-11-04,naive_forecast,6572.44570637119,0.0,6572.44570637119,1.9612188365650973,1.77,9,9
base,2024-11-05,naive_forecast,6181.7240131578965,0.0,6181.7240131578965,1.513157894736842,1.365625,7,7
base,2024-11-06,naive_forecast,7733.6273026315785,0.0,7733.6273026315785,1.513157894736842,1.365625,7,7
base,2024-11-07,naive_forecast,9704.265460526316,0.0,9704.265460526316,1.9342105263157898,1.745625,9,9
base,2024-11-08,naive_forecast,8664.469529085874,0.0,8664.469529085874,1.6731301939058172,1.51,8,7
base,2024-11-09,naive_forecast,5505.768421052632,0.0,5505.768421052632,1.6842105263157896,1.52,8,8
base,2024-11-10,naive_forecast,4140.936842105264,0.0,4140.936842105264,1.6842105263157896,1.5200000000000002,8,8
base,2024-11-11,naive_forecast,5083.55540166205,0.0,5083.55540166205,1.6731301939058172,1.51,8,7
base,2024-11-12,naive_forecast,8799.825761772854,0.0,8799.825761772854,1.961218836565097,1.77,9,9
base,2024-11-13,naive_forecast,10666.147368421054,0.0,10666.147368421054,1.6842105263157898,1.52,8,8
base,2024-11-14,naive_forecast,7913.93684210526,0.0,7913.93684210526,1.6842105263157896,1.52,8,8
base,2024-11-15,naive_forecast,3431.4368421052636,0.0,3431.4368421052636,1.6842105263157898,1.52,8,8
base,2024-11-16,naive_forecast,783.641118421051,0.0,783.641118421051,1.5921052631578947,1.4368750000000001,7,7
base,2024-11-17,naive_forecast,4512.294736842105,0.0,4512.294736842105,1.2631578947368423,1.1400000000000001,6,6
base,2024-11-18,naive_forecast,6036.27894736842,0.0,6036.27894736842,1.6842105263157896,1.52,8,8
base,2024-11-19,naive_forecast,8397.573684210525,0.0,8397.573684210525,1.6842105263157898,1.52,8,8
base,2024-11-20,naive_forecast,8975.236842105263,0.0,8975.236842105263,1.6842105263157896,1.52,8,8
base,2024-11-21,naive_forecast,11147.710526315792,0.0,11147.710526315792,1.6842105263157898,1.5200000000000002,8,8
base,2024-11-22,naive_forecast,5989.299999999998,0.0,5989.299999999998,1.6842105263157896,1.52,8,8
base,2024-11-23,naive_forecast,3934.521052631577,0.0,3934.521052631577,1.6842105263157894,1.52,8,8
base,2024-11-24,naive_forecast,5306.695013850417,0.0,5306.695013850417,1.6731301939058172,1.51,8,7
base,2024-11-25,naive_forecast,11215.547368421054,0.0,11215.547368421054,1.263157894736842,1.1400000000000001,6,6
base,2024-11-26,naive_forecast,7252.761842105263,0.0,7252.761842105263,1.8421052631578947,1.6624999999999999,8,9
base,2024-11-27,naive_forecast,5321.605263157892,0.0,5321.605263157892,1.6842105263157896,1.52,8,8
base,2024-11-28,naive_forecast,8255.991447368417,0.0,8255.991447368417,1.7631578947368423,1.59125,8,9
base,2024-11-29,naive_forecast,5135.610526315791,0.0,5135.610526315791,1.6842105263157896,1.52,8,8
base,2024-11-30,naive_forecast,3166.067105263161,0.0,3166.067105263161,1.763157894736842,1.5912500000000005,8,9
base,2024-12-01,naive_forecast,10420.46011080333,0.0,10420.46011080333,1.6731301939058172,1.51,8,7
base,2024-12-02,naive_forecast,7709.5432132964,0.0,7709.5432132964,1.5401662049861498,1.3900000000000001,7,7
base,2024-12-03,naive_forecast,7466.527960526317,0.0,7466.527960526317,1.9342105263157896,1.745625,9,9
base,2024-12-04,naive_forecast,7943.663157894739,0.0,7943.663157894739,1.6842105263157894,1.52,8,8
base,2024-12-05,naive_forecast,6839.068421052632,0.0,6839.068421052632,1.6842105263157896,1.52,8,8
base,2024-12-06,naive_forecast,7862.663157894737,0.0,7862.663157894737,1.6842105263157894,1.52,8,8
base,2024-12-07,naive_forecast,3598.231578947367,0.0,3598.231578947367,1.6842105263157896,1.52,8,8
base,2024-12-08,naive_forecast,7442.994736842105,0.0,7442.994736842105,1.2631578947368423,1.1400000000000001,6,6
base,2024-12-09,naive_forecast,5361.063157894738,0.0,5361.063157894738,1.263157894736842,1.1400000000000001,6,6
base,2024-12-10,naive_forecast,7227.383379501384,0.0,7227.383379501384,1.9612188365650969,1.77,9,9
base,2024-12-11,naive_forecast,9219.163157894738,0.0,9219.163157894738,1.6842105263157894,1.52,8,8
base,2024-12-12,naive_forecast,9296.484210526318,0.0,9296.484210526318,1.6842105263157896,1.52,8,8
base,2024-12-13,naive_forecast,8419.589473684211,0.0,8419.589473684211,1.6842105263157896,1.52,8,8
base,2024-12-14,naive_forecast,5546.508864265925,0.0,5546.508864265925,1.961218836565097,1.77,9,9
base,2024-12-15,naive_forecast,4719.410803324101,0.0,4719.410803324101,1.673130193905817,1.51,8,7
base,2024-12-16,naive_forecast,4808.764144736841,0.0,4808.764144736841,1.5131578947368423,1.3656249999999999,7,7
base,2024-12-17,naive_forecast,7273.9894736842125,0.0,7273.9894736842125,1.6842105263157896,1.52,8,8
base,2024-12-18,naive_forecast,7549.510526315789,0.0,7549.510526315789,1.6842105263157896,1.52,8,8
base,2024-12-19,naive_forecast,12506.67894736842,0.0,12506.67894736842,1.6842105263157896,1.52,8,8
base,2024-12-20,naive_forecast,8263.636842105263,0.0,8263.636842105263,1.6842105263157898,1.52,8,8
base,2024-12-21,naive_forecast,1587.3019736842107,0.0,1587.3019736842107,1.9342105263157896,1.7456250000000002,9,9
base,2024-12-22,naive_forecast,5707.305263157892,0.0,5707.305263157892,1.2631578947368423,1.1400000000000001,6,6
base,2024-12-23,naive_forecast,4046.610526315789,0.0,4046.610526315789,1.2631578947368423,1.1400000000000001,6,6
base,2024-12-24,naive_forecast,9397.142105263158,0.0,9397.142105263158,1.6842105263157896,1.52,8,8
base,2024-12-25,naive_forecast,8778.621052631579,0.0,8778.621052631579,1.6842105263157898,1.5200000000000002,8,8
base,2024-12-26,naive_forecast,6136.484210526319,0.0,6136.484210526319,1.6842105263157898,1.5200000000000002,8,8
base,2024-12-27,naive_forecast,2838.4631578947337,0.0,2838.4631578947337,1.6842105263157896,1.52,8,8
base,2024-12-28,naive_forecast,3808.8526315789445,0.0,3808.8526315789445,1.9612188365650973,1.77,9,9
base,2024-12-29,naive_forecast,6357.577008310252,0.0,6357.577008310252,1.961218836565097,1.7700000000000002,9,9
base,2024-12-30,naive_forecast,7346.978185595569,0.0,7346.978185595569,2.211218836565097,1.995625,10,10
base,2024-12-31,naive_forecast,6502.530470914128,0.0,6502.530470914128,1.9501385041551245,1.76,9,8
base,2025-01-01,naive_forecast,9334.7625,0.0,9334.7625,1.5,1.3537499999999998,6,7
base,2025-01-02,naive_forecast,8870.332236842105,0.0,8870.332236842105,1.592105263157895,1.436875,7,7
base,2025-01-03,naive_forecast,6778.002493074793,0.0,6778.002493074793,1.9612188365650973,1.77,9,9
base,2025-01-04,naive_forecast,6324.463157894741,0.0,6324.463157894741,1.6842105263157894,1.5200000000000002,8,8
base,2025-01-05,naive_forecast,4219.219252077559,0.0,4219.219252077559,2.7112188365650973,2.446875,12,12
base,2025-01-06,naive_forecast,4464.0409972299185,0.0,4464.0409972299185,1.9612188365650969,1.7700000000000002,9,9
base,2025-01-07,naive_forecast,3398.3324792243775,0.0,3398.3324792243775,2.2901662049861495,2.066875,11,10
base,2025-01-08,naive_forecast,7236.489473684209,0.0,7236.489473684209,1.6842105263157894,1.52,8,8
base,2025-01-09,naive_forecast,9197.615789473686,0.0,9197.615789473686,1.6842105263157896,1.52,8,8
base,2025-01-10,naive_forecast,8140.100657894742,0.0,8140.100657894742,1.763157894736842,1.5912500000000005,8,9
base,2025-01-11,naive_forecast,4449.094736842104,0.0,4449.094736842104,1.6842105263157894,1.52,8,8
base,2025-01-12,naive_forecast,3153.250415512467,0.0,3153.250415512467,1.3961218836565097,1.26,7,6
base,2025-01-13,naive_forecast,6075.528808864265,0.0,6075.528808864265,1.3961218836565097,1.26,7,6
base,2025-01-14,naive_forecast,7285.694736842101,0.0,7285.694736842101,1.6842105263157896,1.52,8,8
base,2025-01-15,naive_forecast,6161.352631578949,0.0,6161.352631578949,1.6842105263157894,1.52,8,8
base,2025-01-16,naive_forecast,9381.542105263155,0.0,9381.542105263155,1.6842105263157894,1.52,8,8
base,2025-01-17,naive_forecast,7779.194736842106,0.0,7779.194736842106,1.6842105263157896,1.52,8,8
base,2025-01-18,naive_forecast,6425.251973684211,0.0,6425.251973684211,1.9342105263157894,1.745625,9,8
base,2025-01-19,naive_forecast,4282.279778393352,0.0,4282.279778393352,1.3961218836565097,1.26,7,6
base,2025-01-20,naive_forecast,5587.594736842106,0.0,5587.594736842106,1.263157894736842,1.1400000000000001,6,6
base,2025-01-21,naive_forecast,7161.047368421056,0.0,7161.047368421056,1.6842105263157894,1.52,8,8
base,2025-01-22,naive_forecast,8843.475623268698,0.0,8843.475623268698,1.9612188365650973,1.77,9,9
base,2025-01-23,naive_forecast,10860.94210526316,0.0,10860.94210526316,1.6842105263157894,1.52,8,8
base,2025-01-24,naive_forecast,6237.959556786703,0.0,6237.959556786703,1.9612188365650969,1.77,9,9
base,2025-01-25,naive_forecast,10237.803047091413,0.0,10237.803047091413,1.9612188365650969,1.77,9,9
base,2025-01-26,naive_forecast,8493.90361842105,0.0,8493.90361842105,2.2631578947368425,2.0425,10,10
base,2025-01-27,naive_forecast,2435.266776315787,0.0,2435.266776315787,2.0921052631578947,1.888125,9,9
base,2025-01-28,naive_forecast,5621.58531855956,0.0,5621.58531855956,1.9612188365650973,1.7700000000000005,9,9
base,2025-01-29,naive_forecast,6294.352631578948,0.0,6294.352631578948,1.6842105263157894,1.52,8,8
base,2025-01-30,naive_forecast,8988.257894736842,0.0,8988.257894736842,1.6842105263157896,1.52,8,8
base,2025-01-31,naive_forecast,6879.600000000001,0.0,6879.600000000001,1.6842105263157894,1.52,8,8
base,2025-02-01,naive_forecast,3870.4157894736854,0.0,3870.4157894736854,1.6842105263157896,1.5200000000000002,8,8
base,2025-02-02,naive_forecast,2120.8526315789463,0.0,2120.8526315789463,1.6842105263157896,1.52,8,8
base,2025-02-03,naive_forecast,3641.794736842104,0.0,3641.794736842104,1.3961218836565097,1.26,7,6
base,2025-02-04,naive_forecast,7363.357894736844,0.0,7363.357894736844,1.6842105263157894,1.52,8,8
base,2025-02-05,naive_forecast,9601.45263157895,0.0,9601.45263157895,1.6842105263157894,1.52,8,8
base,2025-02-06,naive_forecast,11421.5,0.0,11421.5,1.6842105263157896,1.5200000000000002,8,8
base,2025-02-07,naive_forecast,7231.7473684210545,0.0,7231.7473684210545,1.6842105263157896,1.5200000000000002,8,8
base,2025-02-08,naive_forecast,6645.9947368421035,0.0,6645.9947368421035,1.6842105263157896,1.52,8,8
base,2025-02-09,naive_forecast,4364.715789473686,0.0,4364.715789473686,2.0941828254847645,1.8900000000000001,10,9
base,2025-02-10,naive_forecast,6966.868421052631,0.0,6966.868421052631,1.513157894736842,1.365625,7,7
base,2025-02-11,naive_forecast,7161.231578947369,0.0,7161.231578947369,1.6842105263157896,1.52,8,8
base,2025-02-12,naive_forecast,6088.230747922437,0.0,6088.230747922437,1.673130193905817,1.51,8,7
base,2025-02-13,naive_forecast,7327.110526315794,0.0,7327.110526315794,1.6842105263157894,1.5200000000000002,8,8
base,2025-02-14,naive_forecast,10411.084210526315,0.0,10411.084210526315,1.6842105263157896,1.52,8,8
base,2025-02-15,naive_forecast,6373.699999999998,0.0,6373.699999999998,1.75,1.5793749999999998,7,9
base,2025-02-16,naive_forecast,5302.422801246537,0.0,5302.422801246537,1.6461218836565097,1.485625,8,7
base,2025-02-17,naive_forecast,6200.729276315789,0.0,6200.729276315789,1.513157894736842,1.365625,7,7
base,2025-02-18,naive_forecast,9590.763157894735,0.0,9590.763157894735,1.6842105263157894,1.52,8,8
base,2025-02-19,naive_forecast,11745.494736842104,0.0,11745.494736842104,1.6842105263157898,1.52,8,8
base,2025-02-20,naive_forecast,10544.105263157895,0.0,10544.105263157895,1.6842105263157896,1.52,8,8
base,2025-02-21,naive_forecast,9728.85263157895,0.0,9728.85263157895,1.6842105263157894,1.52,8,8
base,2025-02-22,naive_forecast,9348.115789473679,0.0,9348.115789473679,1.6842105263157898,1.52,8,8
base,2025-02-23,naive_forecast,7200.594736842107,0.0,7200.594736842107,1.6842105263157896,1.52,8,8
base,2025-02-24,naive_forecast,8997.731578947369,0.0,8997.731578947369,1.2631578947368423,1.1400000000000001,6,6
base,2025-02-25,naive_forecast,12388.214681440442,0.0,12388.214681440442,1.6731301939058172,1.51,8,7
base,2025-02-26,naive_forecast,9470.457894736845,0.0,9470.457894736845,1.8421052631578947,1.6624999999999999,8,9
base,2025-02-27,naive_forecast,9415.942659279779,0.0,9415.942659279779,1.961218836565097,1.7700000000000005,9,9
base,2025-02-28,naive_forecast,5184.004605263155,0.0,5184.004605263155,1.5131578947368423,1.365625,7,7
base,2025-03-01,naive_forecast,9765.67894736842,0.0,9765.67894736842,1.6842105263157896,1.52,8,8
base,2025-03-02,naive_forecast,8102.198891966757,0.0,8102.198891966757,1.3961218836565097,1.26,7,6
base,2025-03-03,naive_forecast,-2015.3578947368426,0.0,-2015.3578947368426,1.263157894736842,1.1400000000000001,6,6
base,2025-03-04,naive_forecast,4647.931250000002,0.0,4647.931250000002,1.0921052631578947,0.9856250000000001,5,5
base,2025-03-05,naive_forecast,6771.563157894738,0.0,6771.563157894738,1.6842105263157896,1.52,8,8
base,2025-03-06,naive_forecast,5841.181163434903,0.0,5841.181163434903,1.961218836565097,1.77,10,9
base,2025-03-07,naive_forecast,11335.494736842104,0.0,11335.494736842104,1.6842105263157894,1.52,8,8
base,2025-03-08,naive_forecast,6660.663157894735,0.0,6660.663157894735,1.6842105263157896,1.52,8,8
base,2025-03-09,naive_forecast,9108.50941828255,0.0,9108.50941828255,1.673130193905817,1.51,8,7
base,2025-03-10,naive_forecast,6808.980592105267,0.0,6808.980592105267,1.513157894736842,1.365625,7,7
base,2025-03-11,naive_forecast,7204.226315789475,0.0,7204.226315789475,1.6842105263157896,1.52,8,8
base,2025-03-12,naive_forecast,6371.726315789473,0.0,6371.726315789473,1.6842105263157896,1.5200000000000002,8,8
base,2025-03-13,naive_forecast,5381.7947368421055,0.0,5381.7947368421055,1.6842105263157896,1.52,8,8
base,2025-03-14,naive_forecast,11320.72105263158,0.0,11320.72105263158,1.6842105263157896,1.52,8,8
base,2025-03-15,naive_forecast,3052.7526315789455,0.0,3052.7526315789455,1.6842105263157896,1.52,8,8
base,2025-03-16,naive_forecast,470.42105263157663,0.0,470.42105263157663,1.6842105263157896,1.52,8,8
base,2025-03-17,naive_forecast,4534.654847645428,0.0,4534.654847645428,1.6731301939058172,1.51,8,7
base,2025-03-18,naive_forecast,9116.789473684212,0.0,9116.789473684212,1.6842105263157896,1.52,8,8
base,2025-03-19,naive_forecast,8714.105263157897,0.0,8714.105263157897,1.6842105263157896,1.5200000000000005,8,8
base,2025-03-20,naive_forecast,9067.710526315792,0.0,9067.710526315792,1.6842105263157894,1.5200000000000002,8,8
base,2025-03-21,naive_forecast,9275.41480263158,0.0,9275.41480263158,1.5131578947368423,1.365625,7,7
base,2025-03-22,naive_forecast,9007.430747922437,0.0,9007.430747922437,1.2250692520775623,1.105625,6,5
base,2025-03-23,naive_forecast,8037.452631578947,0.0,8037.452631578947,1.2631578947368423,1.1400000000000001,6,6
base,2025-03-24,naive_forecast,1303.9210526315767,0.0,1303.9210526315767,1.2631578947368423,1.1400000000000001,6,6
base,2025-03-25,naive_forecast,3982.484210526317,0.0,3982.484210526317,1.6842105263157898,1.52,8,8
base,2025-03-26,naive_forecast,9221.084210526318,0.0,9221.084210526318,1.6842105263157898,1.52,8,8
base,2025-03-27,naive_forecast,3195.8654605263177,0.0,3195.8654605263177,1.9342105263157896,1.7456250000000004,9,9
base,2025-03-28,naive_forecast,2437.6513157894733,0.0,2437.6513157894733,1.9342105263157896,1.7456250000000002,9,9
base,2025-03-29,naive_forecast,5406.09440789474,0.0,5406.09440789474,1.9342105263157896,1.7456250000000004,9,8
base,2025-03-30,naive_forecast,9321.23289473684,0.0,9321.23289473684,1.5131578947368423,1.365625,7,7
base,2025-03-31,naive_forecast,3188.14626038781,0.0,3188.14626038781,1.6731301939058172,1.51,8,7
base,2024-04-01,lear_forecast,10649.131578947372,0.0,10649.131578947372,1.6842105263157894,1.5200000000000002,8,8
base,2024-04-02,lear_forecast,12016.978947368423,0.0,12016.978947368423,1.6842105263157894,1.52,8,8
base,2024-04-03,lear_forecast,1844.0526315789486,0.0,1844.0526315789486,1.6842105263157894,1.52,8,8
base,2024-04-04,lear_forecast,4917.659279778396,0.0,4917.659279778396,1.6731301939058172,1.5100000000000002,8,7
base,2024-04-05,lear_forecast,4951.836842105262,0.0,4951.836842105262,1.6842105263157896,1.52,8,8
base,2024-04-06,lear_forecast,7427.221052631579,0.0,7427.221052631579,1.2631578947368423,1.1400000000000001,6,6
base,2024-04-07,lear_forecast,9315.593092105266,0.0,9315.593092105266,1.9342105263157898,1.7456250000000002,9,9
base,2024-04-08,lear_forecast,2547.010526315791,0.0,2547.010526315791,1.6731301939058172,1.51,8,7
base,2024-04-09,lear_forecast,4199.168421052629,0.0,4199.168421052629,1.6842105263157898,1.52,8,8
base,2024-04-10,lear_forecast,11977.236011080333,0.0,11977.236011080333,1.3961218836565097,1.26,7,6
base,2024-04-11,lear_forecast,9253.773684210526,0.0,9253.773684210526,1.6842105263157898,1.52,8,8
base,2024-04-12,lear_forecast,9474.405263157896,0.0,9474.405263157896,1.6842105263157898,1.5200000000000002,8,8
base,2024-04-13,lear_forecast,9667.226315789474,0.0,9667.226315789474,1.263157894736842,1.1400000000000001,6,6
base,2024-04-14,lear_forecast,8213.814127423826,0.0,8213.814127423826,1.9612188365650969,1.77,10,9
base,2024-04-15,lear_forecast,9697.693905817177,0.0,9697.693905817177,1.673130193905817,1.51,8,7
base,2024-04-16,lear_forecast,3848.1055401662065,0.0,3848.1055401662065,1.3961218836565097,1.2600000000000002,7,6
base,2024-04-17,lear_forecast,9808.184210526315,0.0,9808.184210526315,1.2631578947368423,1.14,6,6
base,2024-04-18,lear_forecast,6655.2,0.0,6655.2,1.263157894736842,1.1400000000000001,6,6
base,2024-04-19,lear_forecast,8839.263157894738,0.0,8839.263157894738,1.263157894736842,1.1400000000000001,6,6
base,2024-04-20,lear_forecast,7821.28519736842,0.0,7821.28519736842,1.592105263157895,1.4368750000000001,7,7
base,2024-04-21,lear_forecast,2987.8921052631595,0.0,2987.8921052631595,1.4210526315789473,1.2825000000000002,6,7
base,2024-04-22,lear_forecast,2040.1157894736834,0.0,2040.1157894736834,1.2631578947368423,1.1400000000000001,6,6
base,2024-04-23,lear_forecast,2039.2000000000019,0.0,2039.2000000000019,1.263157894736842,1.1400000000000001,6,6
base,2024-04-24,lear_forecast,2575.547368421054,0.0,2575.547368421054,1.263157894736842,1.1400000000000001,6,6
base,2024-04-25,lear_forecast,10336.373684210528,0.0,10336.373684210528,1.2631578947368423,1.1400000000000001,6,6
base,2024-04-26,lear_forecast,5302.5,0.0,5302.5,1.2631578947368423,1.1400000000000001,6,6
base,2024-04-27,lear_forecast,6392.151246537395,0.0,6392.151246537395,1.5020775623268698,1.3556249999999999,7,6
base,2024-04-28,lear_forecast,9267.29974030471,0.0,9267.29974030471,1.6461218836565097,1.485625,8,7
base,2024-04-29,lear_forecast,6733.801662049865,0.0,6733.801662049865,1.6731301939058172,1.5100000000000002,9,7
base,2024-04-30,lear_forecast,2499.2975069252057,0.0,2499.2975069252057,1.5401662049861495,1.3900000000000001,8,7
base,2024-05-01,lear_forecast,282.473684210526,0.0,282.473684210526,1.2631578947368423,1.1400000000000001,6,6
base,2024-05-02,lear_forecast,7421.176315789473,0.0,7421.176315789473,1.7631578947368423,1.59125,8,8
base,2024-05-03,lear_forecast,9276.405263157894,0.0,9276.405263157894,1.2631578947368423,1.1400000000000001,6,6
base,2024-05-04,lear_forecast,8727.116447368422,0.0,8727.116447368422,1.5921052631578947,1.4368750000000001,7,7
base,2024-05-05,lear_forecast,9014.27759695291,0.0,9014.27759695291,2.317174515235457,2.09125,10,10
base,2024-05-06,lear_forecast,2367.9966759002778,0.0,2367.9966759002778,1.3961218836565097,1.2600000000000002,7,6
base,2024-05-07,lear_forecast,3958.724376731302,0.0,3958.724376731302,1.5401662049861498,1.3900000000000001,8,7
base,2024-05-08,lear_forecast,4805.302493074793,0.0,4805.302493074793,1.5401662049861498,1.3900000000000001,8,7
base,2024-05-09,lear_forecast,10724.17368421053,0.0,10724.17368421053,1.2631578947368423,1.1400000000000001,6,6
base,2024-05-10,lear_forecast,10110.794736842106,0.0,10110.794736842106,1.2631578947368423,1.1400000000000001,6,6
base,2024-05-11,lear_forecast,10610.197039473685,0.0,10610.197039473685,1.7631578947368423,1.59125,8,8
base,2024-05-12,lear_forecast,4921.082219529087,0.0,4921.082219529087,2.0810249307479225,1.878125,10,9
base,2024-05-13,lear_forecast,4369.580921052632,0.0,4369.580921052632,1.6710526315789473,1.5081250000000002,7,8
base,2024-05-14,lear_forecast,9941.282894736842,0.0,9941.282894736842,1.5131578947368423,1.365625,7,7
base,2024-05-15,lear_forecast,11086.48585526316,0.0,11086.48585526316,1.5131578947368423,1.365625,7,7
base,2024-05-16,lear_forecast,9925.194736842104,0.0,9925.194736842104,1.2631578947368423,1.1400000000000001,6,6
base,2024-05-17,lear_forecast,12120.805263157894,0.0,12120.805263157894,1.2631578947368423,1.1400000000000001,6,6
base,2024-05-18,lear_forecast,7284.98782894737,0.0,7284.98782894737,1.5131578947368423,1.365625,7,7
base,2024-05-19,lear_forecast,7386.150346260386,0.0,7386.150346260386,1.804016620498615,1.6281249999999998,8,8
base,2024-05-20,lear_forecast,8193.538815789474,0.0,8193.538815789474,1.7631578947368423,1.59125,8,8
base,2024-05-21,lear_forecast,11874.736842105265,0.0,11874.736842105265,1.2631578947368423,1.1400000000000001,6,6
base,2024-05-22,lear_forecast,10118.52105263158,0.0,10118.52105263158,1.2631578947368423,1.1400000000000001,6,6
base,2024-05-23,lear_forecast,5846.452631578949,0.0,5846.452631578949,1.2631578947368423,1.1400000000000001,6,6
base,2024-05-24,lear_forecast,8595.757565789472,0.0,8595.757565789472,1.7631578947368423,1.59125,8,8
base,2024-05-25,lear_forecast,8916.026315789473,0.0,8916.026315789473,1.2631578947368423,1.1400000000000001,6,6
base,2024-05-26,lear_forecast,10255.412499999999,0.0,10255.412499999999,1.7631578947368423,1.59125,8,8
base,2024-05-27,lear_forecast,4367.979778393354,0.0,4367.979778393354,1.5401662049861495,1.3900000000000001,7,7
base,2024-05-28,lear_forecast,2689.378947368418,0.0,2689.378947368418,1.7631578947368423,1.59125,8,8
base,2024-05-29,lear_forecast,8674.546710526318,0.0,8674.546710526318,1.7631578947368423,1.5912500000000003,8,8
base,2024-05-30,lear_forecast,3981.7470394736843,0.0,3981.7470394736843,1.5131578947368423,1.365625,7,7
base,2024-05-31,lear_forecast,-160.61842105263247,0.0,-160.61842105263247,1.7631578947368423,1.59125,8,8
base,2024-06-01,lear_forecast,7270.847697368421,0.0,7270.847697368421,1.342105263157895,1.21125,6,6
base,2024-06-02,lear_forecast,8943.968421052634,0.0,8943.968421052634,1.2631578947368423,1.1400000000000001,6,6
base,2024-06-03,lear_forecast,8764.634210526317,0.0,8764.634210526317,1.5131578947368423,1.365625,7,7
base,2024-06-04,lear_forecast,8668.778947368424,0.0,8668.778947368424,1.2631578947368423,1.1400000000000001,6,6
base,2024-06-05,lear_forecast,10264.078947368422,0.0,10264.078947368422,1.2631578947368423,1.1400000000000001,6,6
base,2024-06-06,lear_forecast,3656.6105263157897,0.0,3656.6105263157897,1.2631578947368423,1.1400000000000001,6,6
base,2024-06-07,lear_forecast,3534.142105263159,0.0,3534.142105263159,1.2631578947368423,1.1400000000000001,6,6
base,2024-06-08,lear_forecast,9335.20394736842,0.0,9335.20394736842,1.092105263157895,0.985625,5,5
base,2024-06-09,lear_forecast,1739.5881578947378,0.0,1739.5881578947378,1.4210526315789473,1.2825000000000002,6,7
base,2024-06-10,lear_forecast,5156.184210526314,0.0,5156.184210526314,1.2631578947368423,1.1400000000000001,6,6
base,2024-06-11,lear_forecast,10016.821052631582,0.0,10016.821052631582,1.2631578947368423,1.1400000000000001,6,6
base,2024-06-12,lear_forecast,7345.626315789473,0.0,7345.626315789473,1.2631578947368423,1.1400000000000001,6,6
base,2024-06-13,lear_forecast,7717.563157894739,0.0,7717.563157894739,1.263157894736842,1.1400000000000001,6,6
base,2024-06-14,lear_forecast,8443.693750000004,0.0,8443.693750000004,1.5131578947368423,1.365625,7,7
base,2024-06-15,lear_forecast,6071.852631578949,0.0,6071.852631578949,1.2631578947368423,1.1400000000000001,6,6
base,2024-06-16,lear_forecast,13869.661842105263,0.0,13869.661842105263,1.5131578947368423,1.365625,7,7
base,2024-06-17,lear_forecast,7130.078947368422,0.0,7130.078947368422,1.2631578947368423,1.1400000000000001,6,6
base,2024-06-18,lear_forecast,4408.9174515235445,0.0,4408.9174515235445,1.3961218836565097,1.26,7,6
base,2024-06-19,lear_forecast,8821.989473684212,0.0,8821.989473684212,1.263157894736842,1.1400000000000001,6,6
base,2024-06-20,lear_forecast,4347.08836565097,0.0,4347.08836565097,1.5401662049861495,1.3900000000000001,8,7
base,2024-06-21,lear_forecast,1314.1684210526291,0.0,1314.1684210526291,1.2631578947368423,1.14,6,6
base,2024-06-22,lear_forecast,2209.2157894736843,0.0,2209.2157894736843,1.2631578947368423,1.1400000000000001,6,6
base,2024-06-23,lear_forecast,2747.0690789473683,0.0,2747.0690789473683,1.5131578947368423,1.365625,7,7
base,2024-06-24,lear_forecast,4437.077285318558,0.0,4437.077285318558,1.3961218836565097,1.26,7,6
base,2024-06-25,lear_forecast,4491.819667590027,0.0,4491.819667590027,1.9501385041551247,1.7600000000000002,9,8
base,2024-06-26,lear_forecast,1900.0947368421066,0.0,1900.0947368421066,1.2631578947368423,1.1400000000000001,6,6
base,2024-06-27,lear_forecast,1514.5421052631568,0.0,1514.5421052631568,1.2631578947368423,1.1400000000000001,6,6
base,2024-06-28,lear_forecast,221.78421052631592,0.0,221.78421052631592,1.2631578947368423,1.1400000000000001,6,6
base,2024-06-29,lear_forecast,8277.594736842106,0.0,8277.594736842106,1.2631578947368423,1.1400000000000001,6,6
base,2024-06-30,lear_forecast,2152.268421052631,0.0,2152.268421052631,1.2631578947368423,1.1400000000000001,6,6
base,2024-07-01,lear_forecast,2245.118092105262,0.0,2245.118092105262,1.6710526315789473,1.508125,7,8
base,2024-07-02,lear_forecast,1573.675346260389,0.0,1573.675346260389,1.6731301939058174,1.5100000000000002,8,7
base,2024-07-03,lear_forecast,5725.331578947371,0.0,5725.331578947371,1.2631578947368423,1.1400000000000001,6,6
base,2024-07-04,lear_forecast,7678.700831024931,0.0,7678.700831024931,1.5401662049861498,1.3900000000000001,7,7
base,2024-07-05,lear_forecast,7507.416031855958,0.0,7507.416031855958,1.6191135734072022,1.4612500000000002,7,7
base,2024-07-06,lear_forecast,4819.584210526315,0.0,4819.584210526315,1.263157894736842,1.1400000000000001,6,6
base,2024-07-07,lear_forecast,9032.984210526316,0.0,9032.984210526316,1.5131578947368423,1.3656249999999999,7,7
base,2024-07-08,lear_forecast,8175.658587257621,0.0,8175.658587257621,1.6191135734072022,1.4612500000000002,7,7
base,2024-07-09,lear_forecast,10517.098511080332,0.0,10517.098511080332,1.6191135734072022,1.4612500000000002,7,7
base,2024-07-10,lear_forecast,10924.34674515236,0.0,10924.34674515236,1.6191135734072022,1.4612500000000002,7,7
base,2024-07-11,lear_forecast,6956.45990304709,0.0,6956.45990304709,1.6191135734072022,1.46125,7,7
base,2024-07-12,lear_forecast,1110.3421052631575,0.0,1110.3421052631575,1.2631578947368423,1.1400000000000001,6,6
base,2024-07-13,lear_forecast,3925.56842105263,0.0,3925.56842105263,1.2631578947368423,1.1400000000000001,6,6
base,2024-07-14,lear_forecast,2179.4421052631574,0.0,2179.4421052631574,1.2631578947368423,1.1400000000000001,6,6
base,2024-07-15,lear_forecast,2381.2407894736866,0.0,2381.2407894736866,1.3421052631578947,1.2112500000000002,6,6
base,2024-07-16,lear_forecast,1113.895775623268,0.0,1113.895775623268,1.6191135734072022,1.46125,7,7
base,2024-07-17,lear_forecast,1408.5059210526297,0.0,1408.5059210526297,1.5921052631578947,1.436875,7,7
base,2024-07-18,lear_forecast,6290.597229916896,0.0,6290.597229916896,1.39612188365651,1.26,7,6
base,2024-07-19,lear_forecast,6373.637742382273,0.0,6373.637742382273,1.6191135734072022,1.4612500000000002,7,7
base,2024-07-20,lear_forecast,5018.62105263158,0.0,5018.62105263158,1.2631578947368423,1.1400000000000001,6,6
base,2024-07-21,lear_forecast,8173.55460526316,0.0,8173.55460526316,1.513157894736842,1.365625,7,7
base,2024-07-22,lear_forecast,11645.752977839331,0.0,11645.752977839331,1.6191135734072022,1.46125,7,7
base,2024-07-23,lear_forecast,12319.185526315794,0.0,12319.185526315794,1.513157894736842,1.365625,7,7
base,2024-07-24,lear_forecast,8718.494182825489,0.0,8718.494182825489,1.6191135734072022,1.4612500000000002,7,7
base,2024-07-25,lear_forecast,5398.081752077563,0.0,5398.081752077563,1.6191135734072022,1.4612500000000002,7,7
base,2024-07-26,lear_forecast,6618.167867036009,0.0,6618.167867036009,1.6191135734072022,1.46125,7,7
base,2024-07-27,lear_forecast,6409.052631578948,0.0,6409.052631578948,1.2631578947368423,1.1400000000000001,6,6
base,2024-07-28,lear_forecast,8107.478947368422,0.0,8107.478947368422,1.263157894736842,1.1400000000000001,6,6
base,2024-07-29,lear_forecast,9194.645810249305,0.0,9194.645810249305,1.6191135734072022,1.46125,7,7
base,2024-07-30,lear_forecast,11561.530470914131,0.0,11561.530470914131,1.1191135734072022,1.0100000000000002,5,5
base,2024-07-31,lear_forecast,10906.374965373961,0.0,10906.374965373961,1.6191135734072022,1.46125,7,7
base,2024-08-01,lear_forecast,13128.789196675903,0.0,13128.789196675903,1.3961218836565097,1.2600000000000002,7,6
base,2024-08-02,lear_forecast,5923.701315789474,0.0,5923.701315789474,1.0921052631578947,0.9856250000000001,5,5
base,2024-08-03,lear_forecast,4606.2,0.0,4606.2,1.2631578947368423,1.1400000000000001,6,6
base,2024-08-04,lear_forecast,5739.05789473684,0.0,5739.05789473684,1.2631578947368423,1.1400000000000001,6,6
base,2024-08-05,lear_forecast,5036.292763157894,0.0,5036.292763157894,1.3421052631578947,1.21125,6,6
base,2024-08-06,lear_forecast,7209.205124653742,0.0,7209.205124653742,1.6191135734072022,1.4612500000000002,7,7
base,2024-08-07,lear_forecast,4445.196710526315,0.0,4445.196710526315,1.3421052631578947,1.21125,6,6
base,2024-08-08,lear_forecast,5983.944736842103,0.0,5983.944736842103,1.3421052631578947,1.21125,6,6
base,2024-08-09,lear_forecast,5652.776973684213,0.0,5652.776973684213,1.3421052631578947,1.2112500000000002,6,6
base,2024-08-10,lear_forecast,5265.7526315789455,0.0,5265.7526315789455,1.2631578947368423,1.1400000000000001,6,6
base,2024-08-11,lear_forecast,5377.0842105263155,0.0,5377.0842105263155,1.263157894736842,1.1400000000000001,6,6
base,2024-08-12,lear_forecast,3639.0546745152355,0.0,3639.0546745152355,1.6191135734072022,1.4612500000000002,7,7
base,2024-08-13,lear_forecast,3685.547645429361,0.0,3685.547645429361,1.3961218836565097,1.26,6,6
base,2024-08-14,lear_forecast,3771.1800554016622,0.0,3771.1800554016622,1.3961218836565097,1.26,6,6
base,2024-08-15,lear_forecast,3634.3387811634366,0.0,3634.3387811634366,1.1191135734072022,1.0100000000000002,5,5
base,2024-08-16,lear_forecast,3717.889750692521,0.0,3717.889750692521,1.1191135734072022,1.01,5,5
base,2024-08-17,lear_forecast,6943.2947368421055,0.0,6943.2947368421055,1.263157894736842,1.1400000000000001,6,6
base,2024-08-18,lear_forecast,7255.021052631579,0.0,7255.021052631579,1.263157894736842,1.1400000000000001,6,6
base,2024-08-19,lear_forecast,5396.723060941825,0.0,5396.723060941825,1.6191135734072022,1.46125,7,7
base,2024-08-20,lear_forecast,5720.357825484761,0.0,5720.357825484761,1.6191135734072022,1.46125,7,7
base,2024-08-21,lear_forecast,5184.052631578947,0.0,5184.052631578947,1.3421052631578947,1.21125,6,6
base,2024-08-22,lear_forecast,5354.365131578947,0.0,5354.365131578947,1.3421052631578947,1.21125,6,6
base,2024-08-23,lear_forecast,5124.094078947369,0.0,5124.094078947369,1.3421052631578947,1.2112500000000002,6,6
base,2024-08-24,lear_forecast,5028.399999999998,0.0,5028.399999999998,1.263157894736842,1.1400000000000001,6,6
base,2024-08-25,lear_forecast,3125.9736842105267,0.0,3125.9736842105267,1.263157894736842,1.1400000000000001,6,6
base,2024-08-26,lear_forecast,5141.742105263159,0.0,5141.742105263159,1.3421052631578947,1.21125,6,6
base,2024-08-27,lear_forecast,6469.254605263156,0.0,6469.254605263156,1.3421052631578947,1.21125,6,6
base,2024-08-28,lear_forecast,4896.492105263156,0.0,4896.492105263156,1.3421052631578947,1.21125,6,6
base,2024-08-29,lear_forecast,3583.49210526316,0.0,3583.49210526316,1.3421052631578947,1.2112500000000002,6,6
base,2024-08-30,lear_forecast,10666.707236842101,0.0,10666.707236842101,1.3421052631578947,1.21125,6,6
base,2024-08-31,lear_forecast,1682.371710526313,0.0,1682.371710526313,1.513157894736842,1.365625,7,7
base,2024-09-01,lear_forecast,5722.413157894737,0.0,5722.413157894737,1.5131578947368423,1.365625,7,7
base,2024-09-02,lear_forecast,5614.813815789472,0.0,5614.813815789472,1.3421052631578947,1.21125,6,6
base,2024-09-03,lear_forecast,4149.086184210527,0.0,4149.086184210527,1.3421052631578947,1.21125,6,6
base,2024-09-04,lear_forecast,5038.143213296397,0.0,5038.143213296397,1.1191135734072022,1.01,5,5
base,2024-09-05,lear_forecast,6449.242105263158,0.0,6449.242105263158,1.263157894736842,1.1400000000000001,6,6
base,2024-09-06,lear_forecast,5475.998684210526,0.0,5475.998684210526,1.4210526315789473,1.2825,6,7
base,2024-09-07,lear_forecast,3972.3736842105245,0.0,3972.3736842105245,1.2631578947368423,1.1400000000000001,6,6
base,2024-09-08,lear_forecast,5950.499999999998,0.0,5950.499999999998,1.2631578947368423,1.1400000000000001,6,6
base,2024-09-09,lear_forecast,13347.274342105262,0.0,13347.274342105262,1.3421052631578947,1.21125,6,6
base,2024-09-10,lear_forecast,10461.540789473684,0.0,10461.540789473684,1.3421052631578947,1.21125,6,6
base,2024-09-11,lear_forecast,13643.357236842103,0.0,13643.357236842103,1.3421052631578947,1.21125,6,6
base,2024-09-12,lear_forecast,8978.542105263155,0.0,8978.542105263155,1.3421052631578947,1.21125,6,6
base,2024-09-13,lear_forecast,9094.339473684207,0.0,9094.339473684207,1.3421052631578947,1.21125,6,6
base,2024-09-14,lear_forecast,6129.057894736842,0.0,6129.057894736842,1.2631578947368423,1.1400000000000001,6,6
base,2024-09-15,lear_forecast,2679.1789473684207,0.0,2679.1789473684207,1.2631578947368423,1.1400000000000001,6,6
base,2024-09-16,lear_forecast,3626.438157894734,0.0,3626.438157894734,1.3421052631578947,1.21125,6,6
base,2024-09-17,lear_forecast,15619.159210526317,0.0,15619.159210526317,1.3421052631578947,1.2112500000000002,6,6
base,2024-09-18,lear_forecast,15324.203289473682,0.0,15324.203289473682,1.3421052631578947,1.21125,6,6
base,2024-09-19,lear_forecast,17769.45657894737,0.0,17769.45657894737,1.3421052631578947,1.21125,6,6
base,2024-09-20,lear_forecast,16065.010907202215,0.0,16065.010907202215,1.6191135734072022,1.46125,7,7
base,2024-09-21,lear_forecast,1837.5052631578942,0.0,1837.5052631578942,1.2631578947368423,1.1400000000000001,6,6
base,2024-09-22,lear_forecast,2684.5578947368435,0.0,2684.5578947368435,1.263157894736842,1.1400000000000001,6,6
base,2024-09-23,lear_forecast,2112.5499999999997,0.0,2112.5499999999997,1.3421052631578947,1.21125,6,6
base,2024-09-24,lear_forecast,6507.186842105261,0.0,6507.186842105261,1.4210526315789473,1.2825,6,7
base,2024-09-25,lear_forecast,4315.001315789475,0.0,4315.001315789475,1.4210526315789473,1.2825000000000002,6,7
base,2024-09-26,lear_forecast,6070.546052631577,0.0,6070.546052631577,1.4210526315789473,1.2824999999999998,6,7
base,2024-09-27,lear_forecast,3828.353618421052,0.0,3828.353618421052,1.5131578947368423,1.365625,7,7
base,2024-09-28,lear_forecast,2319.7947368421055,0.0,2319.7947368421055,1.263157894736842,1.1400000000000001,6,6
base,2024-09-29,lear_forecast,1974.1210526315788,0.0,1974.1210526315788,1.4210526315789473,1.2825,6,7
base,2024-09-30,lear_forecast,3981.707236842105,0.0,3981.707236842105,1.3421052631578947,1.21125,6,6
base,2024-10-01,lear_forecast,6170.125761772853,0.0,6170.125761772853,1.3961218836565097,1.26,6,6
base,2024-10-02,lear_forecast,6166.049792243768,0.0,6166.049792243768,1.6191135734072022,1.46125,7,7
base,2024-10-03,lear_forecast,6350.413815789472,0.0,6350.413815789472,1.3421052631578947,1.21125,6,6
base,2024-10-04,lear_forecast,6020.945152354571,0.0,6020.945152354571,1.3961218836565097,1.26,7,6
base,2024-10-05,lear_forecast,3518.452631578947,0.0,3518.452631578947,1.2631578947368423,1.1400000000000001,6,6
base,2024-10-06,lear_forecast,7482.131578947368,0.0,7482.131578947368,1.2631578947368423,1.1400000000000001,6,6
base,2024-10-07,lear_forecast,5826.816897506932,0.0,5826.816897506932,1.3961218836565097,1.2600000000000002,7,6
base,2024-10-08,lear_forecast,5125.682236842105,0.0,5125.682236842105,1.3421052631578947,1.2112500000000002,6,6
base,2024-10-09,lear_forecast,6565.005592105266,0.0,6565.005592105266,1.513157894736842,1.365625,7,7
base,2024-10-10,lear_forecast,9994.164144736844,0.0,9994.164144736844,1.513157894736842,1.365625,7,7
base,2024-10-11,lear_forecast,13236.238227146816,0.0,13236.238227146816,1.3961218836565097,1.26,7,6
base,2024-10-12,lear_forecast,9642.500000000002,0.0,9642.500000000002,1.263157894736842,1.1400000000000001,6,6
base,2024-10-13,lear_forecast,10014.656250000002,0.0,10014.656250000002,1.513157894736842,1.3656249999999999,7,7
base,2024-10-14,lear_forecast,7380.5,0.0,7380.5,1.6842105263157898,1.52,8,8
base,2024-10-15,lear_forecast,8426.845429362882,0.0,8426.845429362882,1.6731301939058172,1.51,8,7
base,2024-10-16,lear_forecast,4970.5,0.0,4970.5,1.6842105263157898,1.5200000000000002,8,8
base,2024-10-17,lear_forecast,8795.858448753468,0.0,8795.858448753468,1.3961218836565097,1.2600000000000002,7,6
base,2024-10-18,lear_forecast,8052.840789473683,0.0,8052.840789473683,1.5131578947368423,1.365625,7,7
base,2024-10-19,lear_forecast,3369.615789473684,0.0,3369.615789473684,1.2631578947368423,1.1400000000000001,6,6
base,2024-10-20,lear_forecast,10796.315789473685,0.0,10796.315789473685,1.2631578947368423,1.1400000000000001,6,6
base,2024-10-21,lear_forecast,7791.410526315793,0.0,7791.410526315793,1.6842105263157898,1.5200000000000002,8,8
base,2024-10-22,lear_forecast,5883.37368421053,0.0,5883.37368421053,1.6842105263157896,1.52,8,8
base,2024-10-23,lear_forecast,4682.194736842104,0.0,4682.194736842104,1.6842105263157898,1.5200000000000002,8,8
base,2024-10-24,lear_forecast,5711.073684210525,0.0,5711.073684210525,1.6842105263157896,1.5200000000000002,8,8
base,2024-10-25,lear_forecast,6094.4459833795045,0.0,6094.4459833795045,1.6731301939058172,1.51,8,7
base,2024-10-26,lear_forecast,3315.9878116343475,0.0,3315.9878116343475,1.3961218836565097,1.26,7,6
base,2024-10-27,lear_forecast,3152.752631578948,0.0,3152.752631578948,1.263157894736842,1.1400000000000001,6,6
base,2024-10-28,lear_forecast,8157.5999999999985,0.0,8157.5999999999985,1.6842105263157898,1.52,8,8
base,2024-10-29,lear_forecast,5446.310526315789,0.0,5446.310526315789,1.6842105263157896,1.52,8,8
base,2024-10-30,lear_forecast,5778.347645429361,0.0,5778.347645429361,1.6731301939058172,1.51,8,7
base,2024-10-31,lear_forecast,5116.294736842104,0.0,5116.294736842104,1.6842105263157898,1.52,8,8
base,2024-11-01,lear_forecast,2100.2631578947376,0.0,2100.2631578947376,1.6842105263157896,1.5200000000000002,8,8
base,2024-11-02,lear_forecast,-957.6315789473662,0.0,-957.6315789473662,1.263157894736842,1.1400000000000001,6,6
base,2024-11-03,lear_forecast,9457.636842105265,0.0,9457.636842105265,1.2631578947368423,1.1400000000000001,6,6
base,2024-11-04,lear_forecast,10085.505263157895,0.0,10085.505263157895,1.6842105263157896,1.52,8,8
base,2024-11-05,lear_forecast,6605.017763157895,0.0,6605.017763157895,1.5131578947368423,1.365625,7,7
base,2024-11-06,lear_forecast,7944.483379501384,0.0,7944.483379501384,1.3961218836565097,1.26,7,6
base,2024-11-07,lear_forecast,9705.63296398892,0.0,9705.63296398892,1.3961218836565097,1.26,7,6
base,2024-11-08,lear_forecast,8243.320394736846,0.0,8243.320394736846,1.5131578947368423,1.365625,7,7
base,2024-11-09,lear_forecast,5794.942105263157,0.0,5794.942105263157,1.2631578947368423,1.1400000000000001,6,6
base,2024-11-10,lear_forecast,4525.0911184210545,0.0,4525.0911184210545,1.513157894736842,1.365625,7,7
base,2024-11-11,lear_forecast,9657.410526315787,0.0,9657.410526315787,1.6842105263157898,1.52,8,8
base,2024-11-12,lear_forecast,10445.784210526312,0.0,10445.784210526312,1.6842105263157898,1.52,8,8
base,2024-11-13,lear_forecast,10483.889473684212,0.0,10483.889473684212,1.6842105263157894,1.52,8,8
base,2024-11-14,lear_forecast,7740.709972299169,0.0,7740.709972299169,1.673130193905817,1.51,8,7
base,2024-11-15,lear_forecast,3692.036842105263,0.0,3692.036842105263,1.6842105263157898,1.52,8,8
base,2024-11-16,lear_forecast,2455.536842105264,0.0,2455.536842105264,1.263157894736842,1.1400000000000001,6,6
base,2024-11-17,lear_forecast,4157.710526315789,0.0,4157.710526315789,1.2631578947368423,1.1400000000000001,6,6
base,2024-11-18,lear_forecast,6936.278947368421,0.0,6936.278947368421,1.6842105263157896,1.5200000000000002,8,8
base,2024-11-19,lear_forecast,9270.80083102493,0.0,9270.80083102493,1.6731301939058172,1.51,8,7
base,2024-11-20,lear_forecast,9133.52299168975,0.0,9133.52299168975,1.6731301939058172,1.51,8,7
base,2024-11-21,lear_forecast,11219.931578947371,0.0,11219.931578947371,1.6842105263157896,1.52,8,8
base,2024-11-22,lear_forecast,6423.642105263157,0.0,6423.642105263157,1.6842105263157896,1.52,8,8
base,2024-11-23,lear_forecast,4937.689473684212,0.0,4937.689473684212,1.2631578947368423,1.1400000000000001,6,6
base,2024-11-24,lear_forecast,5282.094736842104,0.0,5282.094736842104,1.2631578947368423,1.1400000000000001,6,6
base,2024-11-25,lear_forecast,12619.189473684211,0.0,12619.189473684211,1.6842105263157896,1.52,8,8
base,2024-11-26,lear_forecast,9255.647368421054,0.0,9255.647368421054,1.6842105263157898,1.52,8,8
base,2024-11-27,lear_forecast,7972.757894736842,0.0,7972.757894736842,1.6842105263157896,1.52,8,8
base,2024-11-28,lear_forecast,8084.2789473684215,0.0,8084.2789473684215,1.6842105263157896,1.52,8,8
base,2024-11-29,lear_forecast,5013.889473684211,0.0,5013.889473684211,1.6842105263157898,1.52,8,8
base,2024-11-30,lear_forecast,2888.647368421052,0.0,2888.647368421052,1.2631578947368423,1.14,6,6
base,2024-12-01,lear_forecast,10022.315789473683,0.0,10022.315789473683,1.2631578947368423,1.1400000000000001,6,6
base,2024-12-02,lear_forecast,10395.97894736842,0.0,10395.97894736842,1.6842105263157898,1.52,8,8
base,2024-12-03,lear_forecast,7492.573684210527,0.0,7492.573684210527,1.6842105263157896,1.52,8,8
base,2024-12-04,lear_forecast,8037.873684210525,0.0,8037.873684210525,1.6842105263157896,1.52,8,8
base,2024-12-05,lear_forecast,6947.068421052629,0.0,6947.068421052629,1.6842105263157898,1.52,8,8
base,2024-12-06,lear_forecast,7498.205263157896,0.0,7498.205263157896,1.6842105263157896,1.5200000000000002,8,8
base,2024-12-07,lear_forecast,4174.731578947369,0.0,4174.731578947369,1.6842105263157896,1.5200000000000002,8,8
base,2024-12-08,lear_forecast,7205.694736842104,0.0,7205.694736842104,1.263157894736842,1.1400000000000001,6,6
base,2024-12-09,lear_forecast,7273.368421052634,0.0,7273.368421052634,1.6842105263157896,1.52,8,8
base,2024-12-10,lear_forecast,7707.552631578948,0.0,7707.552631578948,1.6842105263157896,1.5200000000000002,8,8
base,2024-12-11,lear_forecast,9151.663157894738,0.0,9151.663157894738,1.6842105263157894,1.52,8,8
base,2024-12-12,lear_forecast,9602.226315789474,0.0,9602.226315789474,1.6842105263157896,1.52,8,8
base,2024-12-13,lear_forecast,8425.989473684214,0.0,8425.989473684214,1.6842105263157894,1.52,8,8
base,2024-12-14,lear_forecast,8148.715789473687,0.0,8148.715789473687,1.6842105263157896,1.5200000000000002,8,8
base,2024-12-15,lear_forecast,5764.715789473684,0.0,5764.715789473684,1.263157894736842,1.1400000000000001,6,6
base,2024-12-16,lear_forecast,8513.531578947372,0.0,8513.531578947372,1.6842105263157896,1.5200000000000005,8,8
base,2024-12-17,lear_forecast,7229.152631578951,0.0,7229.152631578951,1.6842105263157894,1.52,8,8
base,2024-12-18,lear_forecast,7601.068421052635,0.0,7601.068421052635,1.6842105263157894,1.5200000000000002,8,8
base,2024-12-19,lear_forecast,13216.226315789476,0.0,13216.226315789476,1.6842105263157894,1.52,8,8
base,2024-12-20,lear_forecast,8271.300000000001,0.0,8271.300000000001,1.6842105263157896,1.52,8,8
base,2024-12-21,lear_forecast,2185.1999999999985,0.0,2185.1999999999985,1.6842105263157898,1.52,8,8
base,2024-12-22,lear_forecast,5295.386028393351,0.0,5295.386028393351,1.7901662049861498,1.615625,8,8
base,2024-12-23,lear_forecast,8982.210526315788,0.0,8982.210526315788,1.6842105263157894,1.52,8,8
base,2024-12-24,lear_forecast,9389.247368421053,0.0,9389.247368421053,1.6842105263157896,1.52,8,8
base,2024-12-25,lear_forecast,9288.44210526316,0.0,9288.44210526316,1.6842105263157896,1.52,8,8
base,2024-12-26,lear_forecast,6451.589473684212,0.0,6451.589473684212,1.6842105263157896,1.52,8,8
base,2024-12-27,lear_forecast,4049.294736842103,0.0,4049.294736842103,1.6842105263157894,1.52,8,8
base,2024-12-28,lear_forecast,6818.725484764547,0.0,6818.725484764547,1.6731301939058172,1.5100000000000002,8,7
base,2024-12-29,lear_forecast,3805.156786703603,0.0,3805.156786703603,1.5401662049861498,1.3900000000000001,7,7
base,2024-12-30,lear_forecast,7333.500000000001,0.0,7333.500000000001,1.6842105263157896,1.52,8,8
base,2024-12-31,lear_forecast,8076.994736842106,0.0,8076.994736842106,1.6842105263157896,1.52,8,8
base,2025-01-01,lear_forecast,8525.45346260388,0.0,8525.45346260388,1.673130193905817,1.51,8,7
base,2025-01-02,lear_forecast,10643.14432132964,0.0,10643.14432132964,1.6731301939058172,1.51,8,7
base,2025-01-03,lear_forecast,7181.057894736843,0.0,7181.057894736843,1.6842105263157898,1.5200000000000002,8,8
base,2025-01-04,lear_forecast,5499.284210526319,0.0,5499.284210526319,1.263157894736842,1.1400000000000001,6,6
base,2025-01-05,lear_forecast,3930.184210526316,0.0,3930.184210526316,1.2631578947368423,1.1400000000000001,6,6
base,2025-01-06,lear_forecast,4669.984210526319,0.0,4669.984210526319,1.6842105263157896,1.5200000000000002,8,8
base,2025-01-07,lear_forecast,6729.378947368425,0.0,6729.378947368425,1.6842105263157896,1.5200000000000005,8,8
base,2025-01-08,lear_forecast,6794.036842105259,0.0,6794.036842105259,1.6842105263157896,1.52,8,8
base,2025-01-09,lear_forecast,9389.367105263154,0.0,9389.367105263154,1.7631578947368423,1.59125,8,9
base,2025-01-10,lear_forecast,8706.142105263161,0.0,8706.142105263161,1.6842105263157896,1.5200000000000005,8,8
base,2025-01-11,lear_forecast,4908.163157894734,0.0,4908.163157894734,1.6842105263157896,1.52,8,8
base,2025-01-12,lear_forecast,3236.589473684211,0.0,3236.589473684211,1.263157894736842,1.1400000000000001,6,6
base,2025-01-13,lear_forecast,6075.47894736842,0.0,6075.47894736842,1.6842105263157896,1.52,8,8
base,2025-01-14,lear_forecast,7302.847368421056,0.0,7302.847368421056,1.6842105263157896,1.5200000000000005,8,8
base,2025-01-15,lear_forecast,5946.499999999999,0.0,5946.499999999999,1.6842105263157896,1.52,8,8
base,2025-01-16,lear_forecast,9774.942105263153,0.0,9774.942105263153,1.6842105263157896,1.52,8,8
base,2025-01-17,lear_forecast,7847.047368421054,0.0,7847.047368421054,1.6842105263157896,1.52,8,8
base,2025-01-18,lear_forecast,7041.966759002775,0.0,7041.966759002775,1.6731301939058172,1.5100000000000002,8,7
base,2025-01-19,lear_forecast,4062.8526315789495,0.0,4062.8526315789495,1.263157894736842,1.1400000000000001,6,6
base,2025-01-20,lear_forecast,7439.247368421056,0.0,7439.247368421056,1.6842105263157896,1.5200000000000005,8,8
base,2025-01-21,lear_forecast,7190.110526315788,0.0,7190.110526315788,1.6842105263157896,1.52,8,8
base,2025-01-22,lear_forecast,9731.084210526318,0.0,9731.084210526318,1.6842105263157896,1.5200000000000005,8,8
base,2025-01-23,lear_forecast,10280.93157894737,0.0,10280.93157894737,1.6842105263157894,1.52,8,8
base,2025-01-24,lear_forecast,6254.8421052631575,0.0,6254.8421052631575,1.6842105263157894,1.52,8,8
base,2025-01-25,lear_forecast,10105.873684210528,0.0,10105.873684210528,1.6842105263157896,1.5200000000000002,8,8
base,2025-01-26,lear_forecast,9233.057894736841,0.0,9233.057894736841,1.2631578947368423,1.14,6,6
base,2025-01-27,lear_forecast,7642.66842105263,0.0,7642.66842105263,1.6842105263157898,1.52,8,8
base,2025-01-28,lear_forecast,5826.6,0.0,5826.6,1.6842105263157896,1.52,8,8
base,2025-01-29,lear_forecast,6328.9052631578925,0.0,6328.9052631578925,1.6842105263157896,1.52,8,8
base,2025-01-30,lear_forecast,9298.121052631575,0.0,9298.121052631575,1.6842105263157896,1.52,8,8
base,2025-01-31,lear_forecast,7327.200000000002,0.0,7327.200000000002,1.6842105263157896,1.52,8,8
base,2025-02-01,lear_forecast,3378.4315789473703,0.0,3378.4315789473703,1.6842105263157896,1.52,8,8
base,2025-02-02,lear_forecast,1684.8473684210528,0.0,1684.8473684210528,1.263157894736842,1.14,6,6
base,2025-02-03,lear_forecast,5787.868421052635,0.0,5787.868421052635,1.6842105263157896,1.52,8,8
base,2025-02-04,lear_forecast,7537.994736842108,0.0,7537.994736842108,1.6842105263157894,1.52,8,8
base,2025-02-05,lear_forecast,9662.207894736845,0.0,9662.207894736845,1.763157894736842,1.59125,8,9
base,2025-02-06,lear_forecast,11396.32105263158,0.0,11396.32105263158,1.6842105263157896,1.52,8,8
base,2025-02-07,lear_forecast,7196.015789473686,0.0,7196.015789473686,1.6842105263157894,1.52,8,8
base,2025-02-08,lear_forecast,6066.528254847647,0.0,6066.528254847647,1.6731301939058172,1.51,8,7
base,2025-02-09,lear_forecast,5321.178947368424,0.0,5321.178947368424,1.263157894736842,1.1400000000000001,6,6
base,2025-02-10,lear_forecast,9984.35263157895,0.0,9984.35263157895,1.6842105263157896,1.52,8,8
base,2025-02-11,lear_forecast,7936.078947368422,0.0,7936.078947368422,1.6842105263157894,1.52,8,8
base,2025-02-12,lear_forecast,6823.826315789472,0.0,6823.826315789472,1.6842105263157896,1.52,8,8
base,2025-02-13,lear_forecast,7965.568421052631,0.0,7965.568421052631,1.6842105263157894,1.52,8,8
base,2025-02-14,lear_forecast,9889.505263157895,0.0,9889.505263157895,1.6842105263157896,1.52,8,8
base,2025-02-15,lear_forecast,6602.1963815789495,0.0,6602.1963815789495,1.342105263157895,1.2112500000000002,6,6
base,2025-02-16,lear_forecast,6590.563157894737,0.0,6590.563157894737,1.263157894736842,1.14,6,6
base,2025-02-17,lear_forecast,9231.884210526316,0.0,9231.884210526316,1.6842105263157894,1.52,8,8
base,2025-02-18,lear_forecast,9564.57894736842,0.0,9564.57894736842,1.6842105263157896,1.52,8,8
base,2025-02-19,lear_forecast,12215.494736842105,0.0,12215.494736842105,1.6842105263157896,1.52,8,8
base,2025-02-20,lear_forecast,10950.378947368421,0.0,10950.378947368421,1.6842105263157894,1.52,8,8
base,2025-02-21,lear_forecast,9742.668421052636,0.0,9742.668421052636,1.6842105263157894,1.52,8,8
base,2025-02-22,lear_forecast,9402.239612188367,0.0,9402.239612188367,1.673130193905817,1.51,8,7
base,2025-02-23,lear_forecast,7238.07396121884,0.0,7238.07396121884,1.3961218836565097,1.2600000000000002,7,6
base,2025-02-24,lear_forecast,8807.563157894741,0.0,8807.563157894741,1.6842105263157896,1.5200000000000005,8,8
base,2025-02-25,lear_forecast,13324.321052631578,0.0,13324.321052631578,1.6842105263157894,1.52,8,8
base,2025-02-26,lear_forecast,9716.326315789473,0.0,9716.326315789473,1.6842105263157896,1.52,8,8
base,2025-02-27,lear_forecast,10514.978947368425,0.0,10514.978947368425,1.6842105263157896,1.52,8,8
base,2025-02-28,lear_forecast,5154.126315789476,0.0,5154.126315789476,1.6842105263157894,1.5200000000000002,8,8
base,2025-03-01,lear_forecast,9797.90886426593,0.0,9797.90886426593,1.6731301939058172,1.51,8,7
base,2025-03-02,lear_forecast,8326.03157894737,0.0,8326.03157894737,1.263157894736842,1.1400000000000001,6,6
base,2025-03-03,lear_forecast,996.6684210526329,0.0,996.6684210526329,1.6842105263157894,1.52,8,8
base,2025-03-04,lear_forecast,12490.289473684215,0.0,12490.289473684215,1.6842105263157896,1.5200000000000002,8,8
base,2025-03-05,lear_forecast,5938.789473684207,0.0,5938.789473684207,1.6842105263157896,1.52,8,8
base,2025-03-06,lear_forecast,8138.378947368418,0.0,8138.378947368418,1.6842105263157896,1.52,8,8
base,2025-03-07,lear_forecast,12654.873684210526,0.0,12654.873684210526,1.6842105263157896,1.52,8,8
base,2025-03-08,lear_forecast,6112.661218836567,0.0,6112.661218836567,1.3961218836565097,1.2600000000000002,7,6
base,2025-03-09,lear_forecast,11447.63388157895,0.0,11447.63388157895,1.6710526315789473,1.508125,7,8
base,2025-03-10,lear_forecast,10508.42105263158,0.0,10508.42105263158,1.6842105263157896,1.52,8,8
base,2025-03-11,lear_forecast,6841.252631578946,0.0,6841.252631578946,1.6842105263157896,1.52,8,8
base,2025-03-12,lear_forecast,6158.642105263159,0.0,6158.642105263159,1.6842105263157896,1.52,8,8
base,2025-03-13,lear_forecast,5444.657894736842,0.0,5444.657894736842,1.6842105263157896,1.52,8,8
base,2025-03-14,lear_forecast,12181.221052631581,0.0,12181.221052631581,1.6842105263157894,1.5200000000000002,8,8
base,2025-03-15,lear_forecast,4028.673684210527,0.0,4028.673684210527,1.6842105263157894,1.52,8,8
base,2025-03-16,lear_forecast,931.5263157894722,0.0,931.5263157894722,1.263157894736842,1.1400000000000001,6,6
base,2025-03-17,lear_forecast,7649.763157894738,0.0,7649.763157894738,1.6842105263157894,1.52,8,8
base,2025-03-18,lear_forecast,9249.07236842105,0.0,9249.07236842105,1.7631578947368423,1.59125,8,8
base,2025-03-19,lear_forecast,9073.066481994463,0.0,9073.066481994463,1.6731301939058172,1.5100000000000002,8,7
base,2025-03-20,lear_forecast,11893.115789473684,0.0,11893.115789473684,1.6842105263157894,1.5200000000000002,8,8
base,2025-03-21,lear_forecast,9222.115789473686,0.0,9222.115789473686,1.6842105263157896,1.5200000000000005,8,8
base,2025-03-22,lear_forecast,8535.817174515236,0.0,8535.817174515236,1.10803324099723,1.0,6,4
base,2025-03-23,lear_forecast,8007.160197368421,0.0,8007.160197368421,2.0921052631578947,1.888125,9,10
base,2025-03-24,lear_forecast,2634.352631578951,0.0,2634.352631578951,1.6842105263157896,1.5200000000000005,8,8
base,2025-03-25,lear_forecast,8216.794736842108,0.0,8216.794736842108,1.6842105263157898,1.5200000000000005,8,8
base,2025-03-26,lear_forecast,9080.384210526317,0.0,9080.384210526317,1.6842105263157898,1.52,8,8
base,2025-03-27,lear_forecast,4928.147368421053,0.0,4928.147368421053,1.6842105263157894,1.52,8,8
base,2025-03-28,lear_forecast,2832.6052631578937,0.0,2832.6052631578937,1.6842105263157896,1.52,8,8
base,2025-03-29,lear_forecast,5092.764802631577,0.0,5092.764802631577,1.3421052631578947,1.21125,6,6
base,2025-03-30,lear_forecast,9337.63351800554,0.0,9337.63351800554,1.8171745152354573,1.6400000000000001,9,8
base,2025-03-31,lear_forecast,6262.815789473685,0.0,6262.815789473685,1.2631578947368423,1.1400000000000001,6,6
base,2024-04-01,perfect_foresight_upper_bound,10840.215789473683,0.0,10840.215789473683,1.6842105263157896,1.52,8,8
base,2024-04-02,perfect_foresight_upper_bound,12225.515789473686,0.0,12225.515789473686,1.6842105263157896,1.52,8,8
base,2024-04-03,perfect_foresight_upper_bound,5731.828289473688,0.0,5731.828289473688,1.3421052631578947,1.2112500000000002,6,6
base,2024-04-04,perfect_foresight_upper_bound,5229.631578947369,0.0,5229.631578947369,1.6842105263157894,1.52,8,8
base,2024-04-05,perfect_foresight_upper_bound,5213.4578947368445,0.0,5213.4578947368445,1.6842105263157894,1.5200000000000002,8,8
base,2024-04-06,perfect_foresight_upper_bound,8420.184210526317,0.0,8420.184210526317,1.6842105263157896,1.52,8,8
base,2024-04-07,perfect_foresight_upper_bound,10032.405263157894,0.0,10032.405263157894,1.263157894736842,1.14,6,6
base,2024-04-08,perfect_foresight_upper_bound,3767.213850415515,0.0,3767.213850415515,1.6731301939058172,1.5100000000000002,8,7
base,2024-04-09,perfect_foresight_upper_bound,6882.936842105266,0.0,6882.936842105266,1.6842105263157896,1.5200000000000002,8,8
base,2024-04-10,perfect_foresight_upper_bound,13928.16315789474,0.0,13928.16315789474,1.6842105263157898,1.5200000000000002,8,8
base,2024-04-11,perfect_foresight_upper_bound,9594.247368421053,0.0,9594.247368421053,1.6842105263157898,1.52,8,8
base,2024-04-12,perfect_foresight_upper_bound,9765.905263157892,0.0,9765.905263157892,1.6842105263157896,1.52,8,8
base,2024-04-13,perfect_foresight_upper_bound,10001.500000000004,0.0,10001.500000000004,1.6842105263157894,1.5200000000000002,8,8
base,2024-04-14,perfect_foresight_upper_bound,8776.75263157895,0.0,8776.75263157895,1.2631578947368423,1.1400000000000001,6,6
base,2024-04-15,perfect_foresight_upper_bound,10455.883379501389,0.0,10455.883379501389,1.6731301939058172,1.5100000000000002,8,7
base,2024-04-16,perfect_foresight_upper_bound,3927.18947368421,0.0,3927.18947368421,1.2631578947368423,1.1400000000000001,6,6
base,2024-04-17,perfect_foresight_upper_bound,10240.818975069256,0.0,10240.818975069256,1.554016620498615,1.4025,7,7
base,2024-04-18,perfect_foresight_upper_bound,8184.852631578947,0.0,8184.852631578947,1.263157894736842,1.1400000000000001,6,6
base,2024-04-19,perfect_foresight_upper_bound,9128.212188365651,0.0,9128.212188365651,1.3961218836565097,1.26,7,6
base,2024-04-20,perfect_foresight_upper_bound,9209.595637119113,0.0,9209.595637119113,1.8691135734072022,1.686875,9,8
base,2024-04-21,perfect_foresight_upper_bound,3984.5605263157895,0.0,3984.5605263157895,1.4210526315789473,1.2825000000000002,6,7
base,2024-04-22,perfect_foresight_upper_bound,3069.863157894738,0.0,3069.863157894738,1.3421052631578947,1.2112500000000002,6,6
base,2024-04-23,perfect_foresight_upper_bound,2964.2980609418278,0.0,2964.2980609418278,1.3961218836565097,1.2600000000000002,7,6
base,2024-04-24,perfect_foresight_upper_bound,4727.895013850414,0.0,4727.895013850414,1.39612188365651,1.2600000000000002,7,6
base,2024-04-25,perfect_foresight_upper_bound,11345.453947368424,0.0,11345.453947368424,1.513157894736842,1.365625,7,7
base,2024-04-26,perfect_foresight_upper_bound,6640.703947368419,0.0,6640.703947368419,2.1710526315789473,1.9593749999999996,9,10
base,2024-04-27,perfect_foresight_upper_bound,10550.331578947369,0.0,10550.331578947369,1.6842105263157896,1.52,8,8
base,2024-04-28,perfect_foresight_upper_bound,9457.818559556788,0.0,9457.818559556788,1.3850415512465375,1.25,7,5
base,2024-04-29,perfect_foresight_upper_bound,8329.782236842108,0.0,8329.782236842108,1.763157894736842,1.59125,8,8
base,2024-04-30,perfect_foresight_upper_bound,3277.778947368422,0.0,3277.778947368422,1.263157894736842,1.1400000000000001,6,6
base,2024-05-01,perfect_foresight_upper_bound,1946.8279432132972,0.0,1946.8279432132972,1.3691135734072022,1.2356250000000002,7,5
base,2024-05-02,perfect_foresight_upper_bound,11136.505263157893,0.0,11136.505263157893,1.263157894736842,1.1400000000000001,6,6
base,2024-05-03,perfect_foresight_upper_bound,9888.826315789473,0.0,9888.826315789473,1.6842105263157898,1.52,8,8
base,2024-05-04,perfect_foresight_upper_bound,8797.603947368421,0.0,8797.603947368421,1.0921052631578947,0.985625,5,5
base,2024-05-05,perfect_foresight_upper_bound,9054.705263157895,0.0,9054.705263157895,1.2631578947368423,1.1400000000000001,6,6
base,2024-05-06,perfect_foresight_upper_bound,3405.984210526315,0.0,3405.984210526315,1.263157894736842,1.1400000000000001,6,6
base,2024-05-07,perfect_foresight_upper_bound,4557.601939058171,0.0,4557.601939058171,1.3961218836565097,1.26,7,6
base,2024-05-08,perfect_foresight_upper_bound,5458.471381578947,0.0,5458.471381578947,1.513157894736842,1.365625,7,6
base,2024-05-09,perfect_foresight_upper_bound,12468.402856648201,0.0,12468.402856648201,2.4501385041551247,2.2112499999999997,12,10
base,2024-05-10,perfect_foresight_upper_bound,10110.794736842106,0.0,10110.794736842106,1.2631578947368423,1.1400000000000001,6,6
base,2024-05-11,perfect_foresight_upper_bound,11635.890650969528,0.0,11635.890650969528,1.9231301939058172,1.735625,9,8
base,2024-05-12,perfect_foresight_upper_bound,8100.614958448758,0.0,8100.614958448758,1.6731301939058167,1.5100000000000002,9,7
base,2024-05-13,perfect_foresight_upper_bound,5835.359833795015,0.0,5835.359833795015,1.6731301939058172,1.5100000000000002,8,7
base,2024-05-14,perfect_foresight_upper_bound,13777.231578947367,0.0,13777.231578947367,1.6842105263157896,1.52,8,8
base,2024-05-15,perfect_foresight_upper_bound,12369.615789473684,0.0,12369.615789473684,1.6842105263157898,1.52,8,8
base,2024-05-16,perfect_foresight_upper_bound,11270.442105263159,0.0,11270.442105263159,1.263157894736842,1.1400000000000001,6,6
base,2024-05-17,perfect_foresight_upper_bound,12439.858206371191,0.0,12439.858206371191,1.4750692520775626,1.3312500000000003,7,7
base,2024-05-18,perfect_foresight_upper_bound,9201.615512465374,0.0,9201.615512465374,0.9750692520775625,0.88,5,4
base,2024-05-19,perfect_foresight_upper_bound,8569.380332409972,0.0,8569.380332409972,0.9750692520775625,0.88,5,4
base,2024-05-20,perfect_foresight_upper_bound,9516.094736842106,0.0,9516.094736842106,1.263157894736842,1.1400000000000001,6,6
base,2024-05-21,perfect_foresight_upper_bound,12602.484072022165,0.0,12602.484072022165,1.554016620498615,1.4025,7,7
base,2024-05-22,perfect_foresight_upper_bound,10740.549030470916,0.0,10740.549030470916,1.673130193905817,1.51,8,7
base,2024-05-23,perfect_foresight_upper_bound,6870.153185595567,0.0,6870.153185595567,1.3961218836565097,1.26,7,6
base,2024-05-24,perfect_foresight_upper_bound,10077.643421052631,0.0,10077.643421052631,1.4210526315789473,1.2825,6,7
base,2024-05-25,perfect_foresight_upper_bound,8980.16644736842,0.0,8980.16644736842,1.0921052631578951,0.985625,5,5
base,2024-05-26,perfect_foresight_upper_bound,10255.9,0.0,10255.9,1.2631578947368418,1.1400000000000001,6,6
base,2024-05-27,perfect_foresight_upper_bound,6030.892105263157,0.0,6030.892105263157,1.3421052631578947,1.21125,6,6
base,2024-05-28,perfect_foresight_upper_bound,8708.005540166203,0.0,8708.005540166203,1.6191135734072022,1.46125,8,6
base,2024-05-29,perfect_foresight_upper_bound,12081.715460526319,0.0,12081.715460526319,1.513157894736842,1.365625,7,7
base,2024-05-30,perfect_foresight_upper_bound,4986.425000000001,0.0,4986.425000000001,1.763157894736842,1.59125,8,8
base,2024-05-31,perfect_foresight_upper_bound,605.8351973684202,0.0,605.8351973684202,1.5131578947368425,1.365625,7,7
base,2024-06-01,perfect_foresight_upper_bound,9200.578947368422,0.0,9200.578947368422,1.0921052631578947,0.985625,5,5
base,2024-06-02,perfect_foresight_upper_bound,9595.290027700832,0.0,9595.290027700832,2.0941828254847645,1.8900000000000001,10,9
base,2024-06-03,perfect_foresight_upper_bound,9877.984210526316,0.0,9877.984210526316,1.263157894736842,1.1400000000000001,6,6
base,2024-06-04,perfect_foresight_upper_bound,8887.191447368421,0.0,8887.191447368421,1.7631578947368423,1.59125,8,8
base,2024-06-05,perfect_foresight_upper_bound,10351.078947368422,0.0,10351.078947368422,1.2631578947368423,1.1400000000000001,6,6
base,2024-06-06,perfect_foresight_upper_bound,4804.913157894735,0.0,4804.913157894735,1.513157894736842,1.365625,7,7
base,2024-06-07,perfect_foresight_upper_bound,3830.614335180053,0.0,3830.614335180053,1.7901662049861495,1.615625,9,8
base,2024-06-08,perfect_foresight_upper_bound,9548.12641966759,0.0,9548.12641966759,1.5020775623268698,1.355625,7,6
base,2024-06-09,perfect_foresight_upper_bound,2137.5842105263164,0.0,2137.5842105263164,1.513157894736842,1.365625,7,7
base,2024-06-10,perfect_foresight_upper_bound,5888.984210526315,0.0,5888.984210526315,1.263157894736842,1.1400000000000001,6,6
base,2024-06-11,perfect_foresight_upper_bound,10027.021052631579,0.0,10027.021052631579,1.2631578947368423,1.1400000000000001,6,6
base,2024-06-12,perfect_foresight_upper_bound,7838.172368421051,0.0,7838.172368421051,1.5131578947368423,1.365625,7,7
base,2024-06-13,perfect_foresight_upper_bound,7958.272368421056,0.0,7958.272368421056,1.763157894736842,1.59125,8,8
base,2024-06-14,perfect_foresight_upper_bound,9539.88815789474,0.0,9539.88815789474,1.6710526315789473,1.508125,7,8
base,2024-06-15,perfect_foresight_upper_bound,7599.752631578951,0.0,7599.752631578951,1.263157894736842,1.1400000000000001,6,6
base,2024-06-16,perfect_foresight_upper_bound,13917.036842105263,0.0,13917.036842105263,1.2631578947368423,1.1400000000000001,6,6
base,2024-06-17,perfect_foresight_upper_bound,8405.259868421052,0.0,8405.259868421052,1.6710526315789473,1.508125,7,8
base,2024-06-18,perfect_foresight_upper_bound,5954.300554016621,0.0,5954.300554016621,1.6731301939058172,1.5100000000000002,8,7
base,2024-06-19,perfect_foresight_upper_bound,11657.570238919665,0.0,11657.570238919665,1.7901662049861498,1.615625,9,8
base,2024-06-20,perfect_foresight_upper_bound,4865.581578947365,0.0,4865.581578947365,1.5131578947368423,1.365625,7,7
base,2024-06-21,perfect_foresight_upper_bound,2457.3088642659286,0.0,2457.3088642659286,1.1191135734072022,1.0100000000000002,5,5
base,2024-06-22,perfect_foresight_upper_bound,6011.263400277007,0.0,6011.263400277007,1.9480609418282548,1.7581249999999997,9,9
base,2024-06-23,perfect_foresight_upper_bound,3233.0263157894738,0.0,3233.0263157894738,1.263157894736842,1.1400000000000001,6,6
base,2024-06-24,perfect_foresight_upper_bound,4674.847368421053,0.0,4674.847368421053,0.8421052631578948,0.7600000000000001,4,4
base,2024-06-25,perfect_foresight_upper_bound,5591.033552631579,0.0,5591.033552631579,2.0131578947368425,1.816875,9,8
base,2024-06-26,perfect_foresight_upper_bound,2502.0060941828237,0.0,2502.0060941828237,1.39612188365651,1.26,6,6
base,2024-06-27,perfect_foresight_upper_bound,2857.3861842105225,0.0,2857.3861842105225,2.013157894736842,1.816875,9,9
base,2024-06-28,perfect_foresight_upper_bound,1593.4207756232688,0.0,1593.4207756232688,1.6191135734072022,1.4612500000000002,7,6
base,2024-06-29,perfect_foresight_upper_bound,9365.769806094186,0.0,9365.769806094186,1.1191135734072022,1.0100000000000002,6,5
base,2024-06-30,perfect_foresight_upper_bound,3609.663157894738,0.0,3609.663157894738,1.2631578947368423,1.1400000000000001,6,6
base,2024-07-01,perfect_foresight_upper_bound,4365.504605263155,0.0,4365.504605263155,1.5921052631578947,1.436875,7,7
base,2024-07-02,perfect_foresight_upper_bound,4029.503947368423,0.0,4029.503947368423,1.513157894736842,1.365625,7,7
base,2024-07-03,perfect_foresight_upper_bound,5767.731578947372,0.0,5767.731578947372,1.2631578947368423,1.1400000000000001,6,6
base,2024-07-04,perfect_foresight_upper_bound,8510.689092797784,0.0,8510.689092797784,2.04016620498615,1.8412499999999998,10,9
base,2024-07-05,perfect_foresight_upper_bound,8065.027146814403,0.0,8065.027146814403,2.371191135734072,2.1399999999999997,12,10
base,2024-07-06,perfect_foresight_upper_bound,5348.399999999998,0.0,5348.399999999998,1.2631578947368423,1.1400000000000001,6,6
base,2024-07-07,perfect_foresight_upper_bound,11769.710526315792,0.0,11769.710526315792,1.263157894736842,1.1400000000000001,6,6
base,2024-07-08,perfect_foresight_upper_bound,9119.35318559557,0.0,9119.35318559557,1.6731301939058172,1.5100000000000002,9,7
base,2024-07-09,perfect_foresight_upper_bound,11995.753324099722,0.0,11995.753324099722,1.6191135734072022,1.4612500000000002,7,7
base,2024-07-10,perfect_foresight_upper_bound,12995.046745152356,0.0,12995.046745152356,1.6191135734072022,1.4612500000000002,7,7
base,2024-07-11,perfect_foresight_upper_bound,7725.238815789474,0.0,7725.238815789474,1.5921052631578947,1.4368750000000001,7,7
base,2024-07-12,perfect_foresight_upper_bound,2708.1578947368425,0.0,2708.1578947368425,0.8421052631578948,0.7600000000000001,4,4
base,2024-07-13,perfect_foresight_upper_bound,4715.05263157895,0.0,4715.05263157895,1.263157894736842,1.1400000000000001,6,6
base,2024-07-14,perfect_foresight_upper_bound,4041.8526315789477,0.0,4041.8526315789477,1.2631578947368423,1.1400000000000001,6,6
base,2024-07-15,perfect_foresight_upper_bound,3590.2588815789454,0.0,3590.2588815789454,1.5131578947368423,1.365625,7,7
base,2024-07-16,perfect_foresight_upper_bound,2035.2453947368404,0.0,2035.2453947368404,1.3421052631578947,1.21125,6,6
base,2024-07-17,perfect_foresight_upper_bound,3666.8576177285317,0.0,3666.8576177285317,1.1191135734072022,1.01,5,5
base,2024-07-18,perfect_foresight_upper_bound,6678.788815789474,0.0,6678.788815789474,1.6710526315789473,1.508125,7,8
base,2024-07-19,perfect_foresight_upper_bound,6811.032132963991,0.0,6811.032132963991,1.3961218836565097,1.26,7,6
base,2024-07-20,perfect_foresight_upper_bound,5649.368421052629,0.0,5649.368421052629,1.2631578947368423,1.1400000000000001,6,6
base,2024-07-21,perfect_foresight_upper_bound,9277.178947368422,0.0,9277.178947368422,1.263157894736842,1.1400000000000001,6,6
base,2024-07-22,perfect_foresight_upper_bound,13573.744875346258,0.0,13573.744875346258,1.1980609418282548,1.0812499999999998,6,6
base,2024-07-23,perfect_foresight_upper_bound,14662.811842105262,0.0,14662.811842105262,2.2631578947368425,2.0425000000000004,10,10
base,2024-07-24,perfect_foresight_upper_bound,9551.538469529087,0.0,9551.538469529087,2.0401662049861495,1.84125,10,9
base,2024-07-25,perfect_foresight_upper_bound,6775.670394736839,0.0,6775.670394736839,1.0921052631578947,0.985625,5,5
base,2024-07-26,perfect_foresight_upper_bound,7768.821312326867,0.0,7768.821312326867,2.369113573407202,2.1381249999999996,10,10
base,2024-07-27,perfect_foresight_upper_bound,6852.689196675902,0.0,6852.689196675902,1.1191135734072022,1.0100000000000002,5,5
base,2024-07-28,perfect_foresight_upper_bound,8424.410526315785,0.0,8424.410526315785,1.2631578947368423,1.1400000000000001,6,6
base,2024-07-29,perfect_foresight_upper_bound,13689.224999999997,0.0,13689.224999999997,1.6710526315789473,1.5081249999999997,7,8
base,2024-07-30,perfect_foresight_upper_bound,13620.698684210527,0.0,13620.698684210527,2.0131578947368425,1.816875,9,9
base,2024-07-31,perfect_foresight_upper_bound,12619.922368421054,0.0,12619.922368421054,1.513157894736842,1.365625,7,6
base,2024-08-01,perfect_foresight_upper_bound,13987.389335180058,0.0,13987.389335180058,1.3691135734072022,1.2356250000000002,6,5
base,2024-08-02,perfect_foresight_upper_bound,6540.594407894735,0.0,6540.594407894735,1.1710526315789473,1.0568749999999998,5,6
base,2024-08-03,perfect_foresight_upper_bound,4907.278947368422,0.0,4907.278947368422,1.2631578947368423,1.1400000000000001,6,6
base,2024-08-04,perfect_foresight_upper_bound,6165.857894736844,0.0,6165.857894736844,1.263157894736842,1.1400000000000001,6,6
base,2024-08-05,perfect_foresight_upper_bound,5394.805263157896,0.0,5394.805263157896,0.8421052631578948,0.7600000000000001,4,4
base,2024-08-06,perfect_foresight_upper_bound,8113.721052631574,0.0,8113.721052631574,2.105263157894737,1.9000000000000001,10,10
base,2024-08-07,perfect_foresight_upper_bound,5691.018282548475,0.0,5691.018282548475,1.6731301939058172,1.51,8,7
base,2024-08-08,perfect_foresight_upper_bound,7058.520221606651,0.0,7058.520221606651,1.817174515235457,1.6400000000000001,8,8
base,2024-08-09,perfect_foresight_upper_bound,5976.311357340722,0.0,5976.311357340722,1.4750692520775623,1.33125,7,7
base,2024-08-10,perfect_foresight_upper_bound,5668.600000000003,0.0,5668.600000000003,1.263157894736842,1.1400000000000001,6,6
base,2024-08-11,perfect_foresight_upper_bound,6384.926315789475,0.0,6384.926315789475,1.263157894736842,1.1400000000000001,6,6
base,2024-08-12,perfect_foresight_upper_bound,5284.410526315791,0.0,5284.410526315791,1.263157894736842,1.1400000000000001,6,6
base,2024-08-13,perfect_foresight_upper_bound,5900.421052631581,0.0,5900.421052631581,1.263157894736842,1.1400000000000001,6,6
base,2024-08-14,perfect_foresight_upper_bound,4604.936842105266,0.0,4604.936842105266,1.263157894736842,1.1400000000000001,6,6
base,2024-08-15,perfect_foresight_upper_bound,4588.547368421052,0.0,4588.547368421052,1.2631578947368423,1.1400000000000001,6,6
base,2024-08-16,perfect_foresight_upper_bound,4353.076973684211,0.0,4353.076973684211,1.1710526315789473,1.0568749999999998,5,6
base,2024-08-17,perfect_foresight_upper_bound,6997.242105263156,0.0,6997.242105263156,1.2631578947368423,1.1400000000000001,6,6
base,2024-08-18,perfect_foresight_upper_bound,7500.4157894736845,0.0,7500.4157894736845,1.2631578947368423,1.1400000000000001,6,6
base,2024-08-19,perfect_foresight_upper_bound,6039.089473684208,0.0,6039.089473684208,1.0921052631578947,0.985625,5,5
base,2024-08-20,perfect_foresight_upper_bound,6433.327631578949,0.0,6433.327631578949,1.3421052631578947,1.2112500000000002,6,6
base,2024-08-21,perfect_foresight_upper_bound,5579.0315789473725,0.0,5579.0315789473725,0.8421052631578947,0.7600000000000001,4,4
base,2024-08-22,perfect_foresight_upper_bound,5923.9713815789455,0.0,5923.9713815789455,1.5921052631578947,1.436875,7,7
base,2024-08-23,perfect_foresight_upper_bound,5660.414802631578,0.0,5660.414802631578,1.5921052631578947,1.4368750000000001,7,7
base,2024-08-24,perfect_foresight_upper_bound,5542.607565789471,0.0,5542.607565789471,1.513157894736842,1.3656249999999999,7,7
base,2024-08-25,perfect_foresight_upper_bound,3321.057894736843,0.0,3321.057894736843,1.2631578947368423,1.1400000000000001,6,6
base,2024-08-26,perfect_foresight_upper_bound,5797.196052631579,0.0,5797.196052631579,1.1710526315789473,1.056875,5,6
base,2024-08-27,perfect_foresight_upper_bound,6632.666447368421,0.0,6632.666447368421,1.3421052631578947,1.21125,6,6
base,2024-08-28,perfect_foresight_upper_bound,5903.779605263158,0.0,5903.779605263158,1.0921052631578947,0.985625,5,5
base,2024-08-29,perfect_foresight_upper_bound,5244.74210526316,0.0,5244.74210526316,0.8421052631578948,0.7600000000000001,4,4
base,2024-08-30,perfect_foresight_upper_bound,21476.68914473684,0.0,21476.68914473684,1.8421052631578947,1.6625,8,7
base,2024-08-31,perfect_foresight_upper_bound,2863.1263157894723,0.0,2863.1263157894723,0.8421052631578948,0.76,4,4
base,2024-09-01,perfect_foresight_upper_bound,6709.063157894738,0.0,6709.063157894738,1.2631578947368423,1.1400000000000001,6,6
base,2024-09-02,perfect_foresight_upper_bound,6389.915789473683,0.0,6389.915789473683,1.263157894736842,1.14,6,6
base,2024-09-03,perfect_foresight_upper_bound,5218.215789473683,0.0,5218.215789473683,1.263157894736842,1.1400000000000001,6,6
base,2024-09-04,perfect_foresight_upper_bound,5612.342105263162,0.0,5612.342105263162,1.263157894736842,1.1400000000000001,6,6
base,2024-09-05,perfect_foresight_upper_bound,6615.942105263157,0.0,6615.942105263157,1.263157894736842,1.1400000000000001,6,6
base,2024-09-06,perfect_foresight_upper_bound,6155.263157894737,0.0,6155.263157894737,1.263157894736842,1.1400000000000001,6,6
base,2024-09-07,perfect_foresight_upper_bound,5110.989473684212,0.0,5110.989473684212,1.263157894736842,1.1400000000000001,6,6
base,2024-09-08,perfect_foresight_upper_bound,6033.394736842104,0.0,6033.394736842104,1.263157894736842,1.1400000000000001,6,6
base,2024-09-09,perfect_foresight_upper_bound,13864.43157894737,0.0,13864.43157894737,0.9210526315789473,0.8312499999999999,4,5
base,2024-09-10,perfect_foresight_upper_bound,11880.399999999998,0.0,11880.399999999998,0.8421052631578948,0.76,4,4
base,2024-09-11,perfect_foresight_upper_bound,14890.262500000003,0.0,14890.262500000003,1.3421052631578947,1.2112500000000002,6,6
base,2024-09-12,perfect_foresight_upper_bound,9203.005263157896,0.0,9203.005263157896,1.3421052631578947,1.2112500000000002,6,6
base,2024-09-13,perfect_foresight_upper_bound,9674.429674515237,0.0,9674.429674515237,1.1980609418282548,1.08125,6,6
base,2024-09-14,perfect_foresight_upper_bound,6475.252631578946,0.0,6475.252631578946,1.2631578947368423,1.14,6,6
base,2024-09-15,perfect_foresight_upper_bound,3617.460595567869,0.0,3617.460595567869,1.3691135734072022,1.2356250000000002,6,6
base,2024-09-16,perfect_foresight_upper_bound,5974.584210526315,0.0,5974.584210526315,1.2631578947368423,1.1400000000000001,6,6
base,2024-09-17,perfect_foresight_upper_bound,16227.542105263157,0.0,16227.542105263157,1.263157894736842,1.14,6,6
base,2024-09-18,perfect_foresight_upper_bound,16394.834539473683,0.0,16394.834539473683,1.4210526315789473,1.2824999999999998,6,7
base,2024-09-19,perfect_foresight_upper_bound,19215.484764542933,0.0,19215.484764542933,1.3961218836565097,1.26,7,6
base,2024-09-20,perfect_foresight_upper_bound,16550.984868421056,0.0,16550.984868421056,1.6710526315789473,1.5081250000000002,7,8
base,2024-09-21,perfect_foresight_upper_bound,5531.021052631581,0.0,5531.021052631581,0.8421052631578948,0.7600000000000001,4,4
base,2024-09-22,perfect_foresight_upper_bound,3876.9947368421076,0.0,3876.9947368421076,1.263157894736842,1.1400000000000001,6,6
base,2024-09-23,perfect_foresight_upper_bound,3734.676973684211,0.0,3734.676973684211,1.513157894736842,1.365625,7,7
base,2024-09-24,perfect_foresight_upper_bound,7521.462880886426,0.0,7521.462880886426,1.961218836565097,1.77,9,9
base,2024-09-25,perfect_foresight_upper_bound,4491.587828947369,0.0,4491.587828947369,1.513157894736842,1.365625,7,7
base,2024-09-26,perfect_foresight_upper_bound,6723.041880193907,0.0,6723.041880193907,1.6461218836565097,1.485625,8,7
base,2024-09-27,perfect_foresight_upper_bound,4894.269736842104,0.0,4894.269736842104,1.0921052631578947,0.985625,5,5
base,2024-09-28,perfect_foresight_upper_bound,2797.5578947368426,0.0,2797.5578947368426,1.2631578947368423,1.1400000000000001,6,6
base,2024-09-29,perfect_foresight_upper_bound,2073.9526315789485,0.0,2073.9526315789485,1.2631578947368423,1.1400000000000001,6,6
base,2024-09-30,perfect_foresight_upper_bound,4817.210526315789,0.0,4817.210526315789,1.6842105263157896,1.52,8,8
base,2024-10-01,perfect_foresight_upper_bound,7053.0243421052655,0.0,7053.0243421052655,1.513157894736842,1.365625,7,7
base,2024-10-02,perfect_foresight_upper_bound,7418.7454293628825,0.0,7418.7454293628825,1.6731301939058172,1.51,8,7
base,2024-10-03,perfect_foresight_upper_bound,7186.0796052631595,0.0,7186.0796052631595,1.4210526315789473,1.2825000000000002,6,7
base,2024-10-04,perfect_foresight_upper_bound,7040.67236842105,0.0,7040.67236842105,1.3421052631578947,1.21125,6,6
base,2024-10-05,perfect_foresight_upper_bound,4070.6526315789456,0.0,4070.6526315789456,1.2631578947368423,1.1400000000000001,6,6
base,2024-10-06,perfect_foresight_upper_bound,7486.9315789473685,0.0,7486.9315789473685,1.2631578947368423,1.1400000000000001,6,6
base,2024-10-07,perfect_foresight_upper_bound,6964.684210526317,0.0,6964.684210526317,1.3421052631578947,1.2112500000000002,6,6
base,2024-10-08,perfect_foresight_upper_bound,5502.643299861492,0.0,5502.643299861492,1.64612188365651,1.485625,8,7
base,2024-10-09,perfect_foresight_upper_bound,8420.642105263156,0.0,8420.642105263156,1.6842105263157898,1.52,8,8
base,2024-10-10,perfect_foresight_upper_bound,10652.942105263159,0.0,10652.942105263159,1.6842105263157896,1.5200000000000002,8,8
base,2024-10-11,perfect_foresight_upper_bound,13768.066481994463,0.0,13768.066481994463,1.6731301939058172,1.51,8,7
base,2024-10-12,perfect_foresight_upper_bound,9867.404986149588,0.0,9867.404986149588,1.6731301939058172,1.51,8,7
base,2024-10-13,perfect_foresight_upper_bound,10298.747368421054,0.0,10298.747368421054,1.6842105263157896,1.52,8,8
base,2024-10-14,perfect_foresight_upper_bound,8068.7736842105305,0.0,8068.7736842105305,1.7631578947368423,1.59125,8,9
base,2024-10-15,perfect_foresight_upper_bound,8673.415789473684,0.0,8673.415789473684,1.6842105263157898,1.52,8,8
base,2024-10-16,perfect_foresight_upper_bound,5480.510526315792,0.0,5480.510526315792,0.8421052631578948,0.7600000000000001,4,4
base,2024-10-17,perfect_foresight_upper_bound,13697.458448753465,0.0,13697.458448753465,1.3961218836565097,1.2600000000000002,7,6
base,2024-10-18,perfect_foresight_upper_bound,11047.212742382273,0.0,11047.212742382273,1.6731301939058172,1.5100000000000002,8,7
base,2024-10-19,perfect_foresight_upper_bound,4748.778947368419,0.0,4748.778947368419,1.263157894736842,1.1400000000000001,6,6
base,2024-10-20,perfect_foresight_upper_bound,10853.022368421054,0.0,10853.022368421054,1.5131578947368423,1.365625,7,7
base,2024-10-21,perfect_foresight_upper_bound,8235.194736842108,0.0,8235.194736842108,1.6842105263157896,1.5200000000000002,8,8
base,2024-10-22,perfect_foresight_upper_bound,6494.238227146814,0.0,6494.238227146814,1.673130193905817,1.51,8,7
base,2024-10-23,perfect_foresight_upper_bound,6484.826869806094,0.0,6484.826869806094,1.1191135734072022,1.01,6,5
base,2024-10-24,perfect_foresight_upper_bound,8561.27368421053,0.0,8561.27368421053,1.6842105263157896,1.52,8,8
base,2024-10-25,perfect_foresight_upper_bound,6518.435526315791,0.0,6518.435526315791,1.763157894736842,1.59125,8,9
base,2024-10-26,perfect_foresight_upper_bound,4051.76842105263,0.0,4051.76842105263,1.2631578947368423,1.1400000000000001,6,6
base,2024-10-27,perfect_foresight_upper_bound,3901.0894736842106,0.0,3901.0894736842106,1.2631578947368423,1.1400000000000001,6,6
base,2024-10-28,perfect_foresight_upper_bound,8732.257894736842,0.0,8732.257894736842,1.6842105263157896,1.5200000000000002,8,8
base,2024-10-29,perfect_foresight_upper_bound,6840.5484764542925,0.0,6840.5484764542925,1.961218836565097,1.77,9,9
base,2024-10-30,perfect_foresight_upper_bound,7613.163157894735,0.0,7613.163157894735,1.6842105263157896,1.52,8,8
base,2024-10-31,perfect_foresight_upper_bound,5681.687534626041,0.0,5681.687534626041,1.6731301939058172,1.5100000000000002,8,7
base,2024-11-01,perfect_foresight_upper_bound,3589.866759002768,0.0,3589.866759002768,1.39612188365651,1.26,7,6
base,2024-11-02,perfect_foresight_upper_bound,1095.555921052632,0.0,1095.555921052632,1.4210526315789473,1.2825000000000002,6,7
base,2024-11-03,perfect_foresight_upper_bound,10083.988365650968,0.0,10083.988365650968,1.9612188365650973,1.77,9,9
base,2024-11-04,perfect_foresight_upper_bound,10416.375000000002,0.0,10416.375000000002,1.513157894736842,1.365625,7,7
base,2024-11-05,perfect_foresight_upper_bound,6787.447697368423,0.0,6787.447697368423,1.513157894736842,1.365625,7,7
base,2024-11-06,perfect_foresight_upper_bound,8594.662171052629,0.0,8594.662171052629,1.9342105263157898,1.745625,9,9
base,2024-11-07,perfect_foresight_upper_bound,10290.120498614959,0.0,10290.120498614959,1.6731301939058172,1.51,8,7
base,2024-11-08,perfect_foresight_upper_bound,8994.568421052632,0.0,8994.568421052632,1.6842105263157896,1.52,8,8
base,2024-11-09,perfect_foresight_upper_bound,6650.9000000000015,0.0,6650.9000000000015,1.6842105263157896,1.5200000000000002,8,8
base,2024-11-10,perfect_foresight_upper_bound,5788.823268698063,0.0,5788.823268698063,1.6731301939058172,1.51,8,7
base,2024-11-11,perfect_foresight_upper_bound,9997.313573407204,0.0,9997.313573407204,1.961218836565097,1.77,9,9
base,2024-11-12,perfect_foresight_upper_bound,10538.084210526316,0.0,10538.084210526316,1.6842105263157898,1.52,8,8
base,2024-11-13,perfect_foresight_upper_bound,10973.13157894737,0.0,10973.13157894737,1.6842105263157896,1.52,8,8
base,2024-11-14,perfect_foresight_upper_bound,8078.93684210526,0.0,8078.93684210526,1.6842105263157898,1.52,8,8
base,2024-11-15,perfect_foresight_upper_bound,4468.625986842104,0.0,4468.625986842104,1.5921052631578947,1.4368750000000001,7,7
base,2024-11-16,perfect_foresight_upper_bound,2697.1684210526296,0.0,2697.1684210526296,1.2631578947368423,1.1400000000000001,6,6
base,2024-11-17,perfect_foresight_upper_bound,4550.731578947367,0.0,4550.731578947367,1.6842105263157896,1.52,8,8
base,2024-11-18,perfect_foresight_upper_bound,7708.515789473686,0.0,7708.515789473686,1.6842105263157898,1.52,8,8
base,2024-11-19,perfect_foresight_upper_bound,9325.668421052631,0.0,9325.668421052631,1.6842105263157896,1.52,8,8
base,2024-11-20,perfect_foresight_upper_bound,9265.163157894738,0.0,9265.163157894738,1.6842105263157898,1.5200000000000002,8,8
base,2024-11-21,perfect_foresight_upper_bound,11631.405263157892,0.0,11631.405263157892,1.6842105263157896,1.52,8,8
base,2024-11-22,perfect_foresight_upper_bound,6772.852631578946,0.0,6772.852631578946,1.6842105263157894,1.52,8,8
base,2024-11-23,perfect_foresight_upper_bound,5116.835734072025,0.0,5116.835734072025,1.6731301939058172,1.51,8,7
base,2024-11-24,perfect_foresight_upper_bound,5887.484210526315,0.0,5887.484210526315,1.263157894736842,1.1400000000000001,6,6
base,2024-11-25,perfect_foresight_upper_bound,13395.303947368422,0.0,13395.303947368422,1.8421052631578947,1.6624999999999999,8,9
base,2024-11-26,perfect_foresight_upper_bound,9722.747368421053,0.0,9722.747368421053,1.6842105263157896,1.52,8,8
base,2024-11-27,perfect_foresight_upper_bound,8693.68947368421,0.0,8693.68947368421,1.7631578947368423,1.59125,8,9
base,2024-11-28,perfect_foresight_upper_bound,8712.589473684211,0.0,8712.589473684211,1.6842105263157896,1.52,8,8
base,2024-11-29,perfect_foresight_upper_bound,5553.653947368422,0.0,5553.653947368422,1.763157894736842,1.5912500000000005,8,9
base,2024-11-30,perfect_foresight_upper_bound,4143.342936288091,0.0,4143.342936288091,1.6731301939058172,1.51,8,7
base,2024-12-01,perfect_foresight_upper_bound,10892.035457063714,0.0,10892.035457063714,1.5401662049861498,1.3900000000000001,7,7
base,2024-12-02,perfect_foresight_upper_bound,11213.07697368421,0.0,11213.07697368421,1.9342105263157896,1.745625,9,9
base,2024-12-03,perfect_foresight_upper_bound,7862.8368421052655,0.0,7862.8368421052655,1.6842105263157894,1.52,8,8
base,2024-12-04,perfect_foresight_upper_bound,8610.810526315792,0.0,8610.810526315792,1.6842105263157896,1.52,8,8
base,2024-12-05,perfect_foresight_upper_bound,7892.957894736842,0.0,7892.957894736842,1.6842105263157894,1.52,8,8
base,2024-12-06,perfect_foresight_upper_bound,8267.726315789474,0.0,8267.726315789474,1.6842105263157896,1.52,8,8
base,2024-12-07,perfect_foresight_upper_bound,5021.452631578947,0.0,5021.452631578947,1.2631578947368423,1.1400000000000001,6,6
base,2024-12-08,perfect_foresight_upper_bound,7972.163157894735,0.0,7972.163157894735,1.263157894736842,1.1400000000000001,6,6
base,2024-12-09,perfect_foresight_upper_bound,7877.769806094184,0.0,7877.769806094184,1.9612188365650969,1.77,9,9
base,2024-12-10,perfect_foresight_upper_bound,7734.705263157895,0.0,7734.705263157895,1.6842105263157894,1.52,8,8
base,2024-12-11,perfect_foresight_upper_bound,9976.631578947368,0.0,9976.631578947368,1.6842105263157896,1.52,8,8
base,2024-12-12,perfect_foresight_upper_bound,9740.647368421052,0.0,9740.647368421052,1.6842105263157896,1.52,8,8
base,2024-12-13,perfect_foresight_upper_bound,9592.989473684209,0.0,9592.989473684209,1.961218836565097,1.77,9,9
base,2024-12-14,perfect_foresight_upper_bound,8863.279224376733,0.0,8863.279224376733,1.673130193905817,1.51,8,7
base,2024-12-15,perfect_foresight_upper_bound,6217.188815789471,0.0,6217.188815789471,1.5131578947368423,1.3656249999999999,7,7
base,2024-12-16,perfect_foresight_upper_bound,8623.447368421052,0.0,8623.447368421052,1.6842105263157896,1.52,8,8
base,2024-12-17,perfect_foresight_upper_bound,7483.489473684211,0.0,7483.489473684211,1.6842105263157896,1.52,8,8
base,2024-12-18,perfect_foresight_upper_bound,7768.210526315787,0.0,7768.210526315787,1.6842105263157896,1.52,8,8
base,2024-12-19,perfect_foresight_upper_bound,14162.147368421052,0.0,14162.147368421052,1.6842105263157898,1.52,8,8
base,2024-12-20,perfect_foresight_upper_bound,8983.975,0.0,8983.975,1.9342105263157896,1.7456250000000002,9,9
base,2024-12-21,perfect_foresight_upper_bound,2969.46842105263,0.0,2969.46842105263,1.2631578947368423,1.1400000000000001,6,6
base,2024-12-22,perfect_foresight_upper_bound,6601.778947368421,0.0,6601.778947368421,1.2631578947368423,1.1400000000000001,6,6
base,2024-12-23,perfect_foresight_upper_bound,9914.536842105264,0.0,9914.536842105264,1.6842105263157896,1.52,8,8
base,2024-12-24,perfect_foresight_upper_bound,9487.331578947365,0.0,9487.331578947365,1.6842105263157898,1.5200000000000002,8,8
base,2024-12-25,perfect_foresight_upper_bound,9405.547368421054,0.0,9405.547368421054,1.6842105263157898,1.5200000000000002,8,8
base,2024-12-26,perfect_foresight_upper_bound,7545.910526315788,0.0,7545.910526315788,1.6842105263157896,1.52,8,8
base,2024-12-27,perfect_foresight_upper_bound,5427.580055401659,0.0,5427.580055401659,1.9612188365650973,1.77,9,9
base,2024-12-28,perfect_foresight_upper_bound,9373.06814404432,0.0,9373.06814404432,1.961218836565097,1.7700000000000002,9,9
base,2024-12-29,perfect_foresight_upper_bound,6759.095360110804,0.0,6759.095360110804,2.211218836565097,1.995625,10,10
base,2024-12-30,perfect_foresight_upper_bound,8617.940443213298,0.0,8617.940443213298,1.9501385041551245,1.76,9,8
base,2024-12-31,perfect_foresight_upper_bound,9145.875,0.0,9145.875,1.5,1.3537499999999998,6,7
base,2025-01-01,perfect_foresight_upper_bound,10586.572697368421,0.0,10586.572697368421,1.592105263157895,1.436875,7,7
base,2025-01-02,perfect_foresight_upper_bound,11618.161495844877,0.0,11618.161495844877,1.9612188365650973,1.77,9,9
base,2025-01-03,perfect_foresight_upper_bound,7551.005263157899,0.0,7551.005263157899,1.6842105263157894,1.5200000000000002,8,8
base,2025-01-04,perfect_foresight_upper_bound,7031.655315096954,0.0,7031.655315096954,2.7112188365650973,2.446875,12,12
base,2025-01-05,perfect_foresight_upper_bound,5584.5903047091415,0.0,5584.5903047091415,1.9612188365650969,1.7700000000000002,9,9
base,2025-01-06,perfect_foresight_upper_bound,7291.71958102493,0.0,7291.71958102493,2.2901662049861495,2.066875,11,10
base,2025-01-07,perfect_foresight_upper_bound,7303.278947368421,0.0,7303.278947368421,1.6842105263157894,1.52,8,8
base,2025-01-08,perfect_foresight_upper_bound,7826.505263157892,0.0,7826.505263157892,1.6842105263157896,1.52,8,8
base,2025-01-09,perfect_foresight_upper_bound,10443.767105263165,0.0,10443.767105263165,1.763157894736842,1.5912500000000005,8,9
base,2025-01-10,perfect_foresight_upper_bound,9160.53157894737,0.0,9160.53157894737,1.6842105263157894,1.52,8,8
base,2025-01-11,perfect_foresight_upper_bound,5379.6936288088655,0.0,5379.6936288088655,1.3961218836565097,1.26,7,6
base,2025-01-12,perfect_foresight_upper_bound,3617.897229916897,0.0,3617.897229916897,1.3961218836565097,1.26,7,6
base,2025-01-13,perfect_foresight_upper_bound,7058.910526315784,0.0,7058.910526315784,1.6842105263157896,1.52,8,8
base,2025-01-14,perfect_foresight_upper_bound,7356.294736842105,0.0,7356.294736842105,1.6842105263157894,1.52,8,8
base,2025-01-15,perfect_foresight_upper_bound,6463.947368421051,0.0,6463.947368421051,1.6842105263157894,1.52,8,8
base,2025-01-16,perfect_foresight_upper_bound,9784.842105263157,0.0,9784.842105263157,1.6842105263157896,1.52,8,8
base,2025-01-17,perfect_foresight_upper_bound,8385.205921052633,0.0,8385.205921052633,1.9342105263157894,1.745625,9,8
base,2025-01-18,perfect_foresight_upper_bound,7470.747645429362,0.0,7470.747645429362,1.3961218836565097,1.26,7,6
base,2025-01-19,perfect_foresight_upper_bound,4493.852631578949,0.0,4493.852631578949,1.263157894736842,1.1400000000000001,6,6
base,2025-01-20,perfect_foresight_upper_bound,8051.55263157895,0.0,8051.55263157895,1.6842105263157894,1.52,8,8
base,2025-01-21,perfect_foresight_upper_bound,7337.939889196676,0.0,7337.939889196676,1.9612188365650973,1.77,9,9
base,2025-01-22,perfect_foresight_upper_bound,10122.005263157896,0.0,10122.005263157896,1.6842105263157894,1.52,8,8
base,2025-01-23,perfect_foresight_upper_bound,11189.384487534624,0.0,11189.384487534624,1.9612188365650969,1.77,9,9
base,2025-01-24,perfect_foresight_upper_bound,6819.620775623269,0.0,6819.620775623269,1.9612188365650969,1.77,9,9
base,2025-01-25,perfect_foresight_upper_bound,11276.29506578947,0.0,11276.29506578947,2.2631578947368425,2.0425,10,10
base,2025-01-26,perfect_foresight_upper_bound,11142.441447368421,0.0,11142.441447368421,2.0921052631578947,1.888125,9,9
base,2025-01-27,perfect_foresight_upper_bound,8891.372576177286,0.0,8891.372576177286,1.9612188365650973,1.7700000000000005,9,9
base,2025-01-28,perfect_foresight_upper_bound,6198.257894736843,0.0,6198.257894736843,1.6842105263157894,1.52,8,8
base,2025-01-29,perfect_foresight_upper_bound,6616.915789473684,0.0,6616.915789473684,1.6842105263157896,1.52,8,8
base,2025-01-30,perfect_foresight_upper_bound,9798.921052631578,0.0,9798.921052631578,1.6842105263157894,1.52,8,8
base,2025-01-31,perfect_foresight_upper_bound,7505.878947368422,0.0,7505.878947368422,1.6842105263157896,1.5200000000000002,8,8
base,2025-02-01,perfect_foresight_upper_bound,4099.952631578947,0.0,4099.952631578947,1.6842105263157896,1.52,8,8
base,2025-02-02,perfect_foresight_upper_bound,2790.293905817173,0.0,2790.293905817173,1.3961218836565097,1.26,7,6
base,2025-02-03,perfect_foresight_upper_bound,5947.468421052637,0.0,5947.468421052637,1.6842105263157894,1.52,8,8
base,2025-02-04,perfect_foresight_upper_bound,8038.436842105265,0.0,8038.436842105265,1.6842105263157894,1.52,8,8
base,2025-02-05,perfect_foresight_upper_bound,10108.273684210528,0.0,10108.273684210528,1.6842105263157896,1.5200000000000002,8,8
base,2025-02-06,perfect_foresight_upper_bound,11691.284210526315,0.0,11691.284210526315,1.6842105263157896,1.5200000000000002,8,8
base,2025-02-07,perfect_foresight_upper_bound,7345.242105263157,0.0,7345.242105263157,1.6842105263157896,1.52,8,8
base,2025-02-08,perfect_foresight_upper_bound,7640.648199445987,0.0,7640.648199445987,2.0941828254847645,1.8900000000000001,10,9
base,2025-02-09,perfect_foresight_upper_bound,5563.090131578948,0.0,5563.090131578948,1.513157894736842,1.365625,7,7
base,2025-02-10,perfect_foresight_upper_bound,10307.373684210528,0.0,10307.373684210528,1.6842105263157896,1.52,8,8
base,2025-02-11,perfect_foresight_upper_bound,8586.281717451528,0.0,8586.281717451528,1.673130193905817,1.51,8,7
base,2025-02-12,perfect_foresight_upper_bound,7644.121052631584,0.0,7644.121052631584,1.6842105263157894,1.5200000000000002,8,8
base,2025-02-13,perfect_foresight_upper_bound,8267.805263157892,0.0,8267.805263157892,1.6842105263157896,1.52,8,8
base,2025-02-14,perfect_foresight_upper_bound,11206.387499999999,0.0,11206.387499999999,1.75,1.5793749999999998,7,9
base,2025-02-15,perfect_foresight_upper_bound,8364.273095567867,0.0,8364.273095567867,1.6461218836565097,1.485625,8,7
base,2025-02-16,perfect_foresight_upper_bound,8420.625657894738,0.0,8420.625657894738,1.513157894736842,1.365625,7,7
base,2025-02-17,perfect_foresight_upper_bound,9466.621052631577,0.0,9466.621052631577,1.6842105263157894,1.52,8,8
base,2025-02-18,perfect_foresight_upper_bound,9597.73684210526,0.0,9597.73684210526,1.6842105263157898,1.52,8,8
base,2025-02-19,perfect_foresight_upper_bound,12330.85263157895,0.0,12330.85263157895,1.6842105263157896,1.52,8,8
base,2025-02-20,perfect_foresight_upper_bound,11012.931578947371,0.0,11012.931578947371,1.6842105263157894,1.52,8,8
base,2025-02-21,perfect_foresight_upper_bound,10046.221052631576,0.0,10046.221052631576,1.6842105263157898,1.52,8,8
base,2025-02-22,perfect_foresight_upper_bound,9713.1,0.0,9713.1,1.6842105263157896,1.52,8,8
base,2025-02-23,perfect_foresight_upper_bound,8219.68947368421,0.0,8219.68947368421,1.2631578947368423,1.1400000000000001,6,6
base,2025-02-24,perfect_foresight_upper_bound,10302.040166204992,0.0,10302.040166204992,1.6731301939058172,1.51,8,7
base,2025-02-25,perfect_foresight_upper_bound,13534.607894736842,0.0,13534.607894736842,1.8421052631578947,1.6624999999999999,8,9
base,2025-02-26,perfect_foresight_upper_bound,10563.251523545709,0.0,10563.251523545709,1.961218836565097,1.7700000000000005,9,9
base,2025-02-27,perfect_foresight_upper_bound,11335.388157894737,0.0,11335.388157894737,1.5131578947368423,1.365625,7,7
base,2025-02-28,perfect_foresight_upper_bound,5327.542105263156,0.0,5327.542105263156,1.6842105263157896,1.52,8,8
base,2025-03-01,perfect_foresight_upper_bound,10932.619944598338,0.0,10932.619944598338,1.3961218836565097,1.26,7,6
base,2025-03-02,perfect_foresight_upper_bound,9030.331578947369,0.0,9030.331578947369,1.263157894736842,1.1400000000000001,6,6
base,2025-03-03,perfect_foresight_upper_bound,7213.207236842108,0.0,7213.207236842108,1.0921052631578947,0.9856250000000001,5,5
base,2025-03-04,perfect_foresight_upper_bound,21173.026315789477,0.0,21173.026315789477,1.6842105263157896,1.52,8,8
base,2025-03-05,perfect_foresight_upper_bound,10631.997783933519,0.0,10631.997783933519,1.961218836565097,1.77,10,9
base,2025-03-06,perfect_foresight_upper_bound,8642.005263157895,0.0,8642.005263157895,1.6842105263157894,1.52,8,8
base,2025-03-07,perfect_foresight_upper_bound,13519.031578947366,0.0,13519.031578947366,1.6842105263157896,1.52,8,8
base,2025-03-08,perfect_foresight_upper_bound,6860.180886426595,0.0,6860.180886426595,1.673130193905817,1.51,8,7
base,2025-03-09,perfect_foresight_upper_bound,12600.237171052631,0.0,12600.237171052631,1.513157894736842,1.365625,7,7
base,2025-03-10,perfect_foresight_upper_bound,10700.263157894737,0.0,10700.263157894737,1.6842105263157896,1.52,8,8
base,2025-03-11,perfect_foresight_upper_bound,7327.200000000003,0.0,7327.200000000003,1.6842105263157896,1.5200000000000002,8,8
base,2025-03-12,perfect_foresight_upper_bound,6687.810526315789,0.0,6687.810526315789,1.6842105263157896,1.52,8,8
base,2025-03-13,perfect_foresight_upper_bound,6141.342105263157,0.0,6141.342105263157,1.6842105263157896,1.52,8,8
base,2025-03-14,perfect_foresight_upper_bound,12377.273684210526,0.0,12377.273684210526,1.6842105263157896,1.52,8,8
base,2025-03-15,perfect_foresight_upper_bound,4288.326315789473,0.0,4288.326315789473,1.6842105263157896,1.52,8,8
base,2025-03-16,perfect_foresight_upper_bound,2508.8939058171745,0.0,2508.8939058171745,1.6731301939058172,1.51,8,7
base,2025-03-17,perfect_foresight_upper_bound,8160.163157894738,0.0,8160.163157894738,1.6842105263157896,1.52,8,8
base,2025-03-18,perfect_foresight_upper_bound,10120.900000000003,0.0,10120.900000000003,1.6842105263157896,1.5200000000000005,8,8
base,2025-03-19,perfect_foresight_upper_bound,10453.857894736844,0.0,10453.857894736844,1.6842105263157894,1.5200000000000002,8,8
base,2025-03-20,perfect_foresight_upper_bound,13036.077631578948,0.0,13036.077631578948,1.5131578947368423,1.365625,7,7
base,2025-03-21,perfect_foresight_upper_bound,9574.897108725763,0.0,9574.897108725763,1.2250692520775623,1.105625,6,5
base,2025-03-22,perfect_foresight_upper_bound,9808.505263157895,0.0,9808.505263157895,1.2631578947368423,1.1400000000000001,6,6
base,2025-03-23,perfect_foresight_upper_bound,8286.352631578946,0.0,8286.352631578946,1.2631578947368423,1.1400000000000001,6,6
base,2025-03-24,perfect_foresight_upper_bound,3364.0842105263155,0.0,3364.0842105263155,1.6842105263157898,1.52,8,8
base,2025-03-25,perfect_foresight_upper_bound,8415.515789473686,0.0,8415.515789473686,1.6842105263157898,1.52,8,8
base,2025-03-26,perfect_foresight_upper_bound,9604.209210526318,0.0,9604.209210526318,1.9342105263157896,1.7456250000000004,9,9
base,2025-03-27,perfect_foresight_upper_bound,5597.56677631579,0.0,5597.56677631579,1.9342105263157896,1.7456250000000002,9,9
base,2025-03-28,perfect_foresight_upper_bound,3214.572697368423,0.0,3214.572697368423,1.9342105263157896,1.7456250000000004,9,8
base,2025-03-29,perfect_foresight_upper_bound,7468.333552631579,0.0,7468.333552631579,1.5131578947368423,1.365625,7,7
base,2025-03-30,perfect_foresight_upper_bound,9539.317728531856,0.0,9539.317728531856,1.6731301939058172,1.51,8,7
base,2025-03-31,perfect_foresight_upper_bound,7285.936842105265,0.0,7285.936842105265,1.7631578947368423,1.59125,8,9
rte_80,2024-04-01,no_operation,0.0,0.0,0.0,0.0,0.0,0,0
rte_80,2024-04-02,no_operation,0.0,0.0,0.0,0.0,0.0,0,0
rte_80,2024-04-03,no_operation,0.0,0.0,0.0,0.0,0.0,0,0
rte_80,2024-04-04,no_operation,0.0,0.0,0.0,0.0,0.0,0,0
rte_80,2024-04-05,no_operation,0.0,0.0,0.0,0.0,0.0,0,0
rte_80,2024-04-06,no_operation,0.0,0.0,0.0,0.0,0.0,0,0
rte_80,2024-04-07,no_operation,0.0,0.0,0.0,0.0,0.0,0,0
rte_80,2024-04-08,no_operation,0.0,0.0,0.0,0.0,0.0,0,0
rte_80,2024-04-09,no_operation,0.0,0.0,0.0,0.0,0.0,0,0
rte_80,2024-04-10,no_operation,0.0,0.0,0.0,0.0,0.0,0,0
rte_80,2024-04-11,no_operation,0.0,0.0,0.0,0.0,0.0,0,0
rte_80,2024-04-12,no_operation,0.0,0.0,0.0,0.0,0.0,0,0
rte_80,2024-04-13,no_operation,0.0,0.0,0.0,0.0,0.0,0,0
rte_80,2024-04-14,no_operation,0.0,0.0,0.0,0.0,0.0,0,0
rte_80,2024-04-15,no_operation,0.0,0.0,0.0,0.0,0.0,0,0
rte_80,2024-04-16,no_operation,0.0,0.0,0.0,0.0,0.0,0,0
rte_80,2024-04-17,no_operation,0.0,0.0,0.0,0.0,0.0,0,0
rte_80,2024-04-18,no_operation,0.0,0.0,0.0,0.0,0.0,0,0
rte_80,2024-04-19,no_operation,0.0,0.0,0.0,0.0,0.0,0,0
rte_80,2024-04-20,no_operation,0.0,0.0,0.0,0.0,0.0,0,0
rte_80,2024-04-21,no_operation,0.0,0.0,0.0,0.0,0.0,0,0
rte_80,2024-04-22,no_operation,0.0,0.0,0.0,0.0,0.0,0,0
rte_80,2024-04-23,no_operation,0.0,0.0,0.0,0.0,0.0,0,0
rte_80,2024-04-24,no_operation,0.0,0.0,0.0,0.0,0.0,0,0
rte_80,2024-04-25,no_operation,0.0,0.0,0.0,0.0,0.0,0,0
rte_80,2024-04-26,no_operation,0.0,0.0,0.0,0.0,0.0,0,0
rte_80,2024-04-27,no_operation,0.0,0.0,0.0,0.0,0.0,0,0
rte_80,2024-04-28,no_operation,0.0,0.0,0.0,0.0,0.0,0,0
rte_80,2024-04-29,no_operation,0.0,0.0,0.0,0.0,0.0,0,0
rte_80,2024-04-30,no_operation,0.0,0.0,0.0,0.0,0.0,0,0
rte_80,2024-05-01,no_operation,0.0,0.0,0.0,0.0,0.0,0,0
rte_80,2024-05-02,no_operation,0.0,0.0,0.0,0.0,0.0,0,0
rte_80,2024-05-03,no_operation,0.0,0.0,0.0,0.0,0.0,0,0
rte_80,2024-05-04,no_operation,0.0,0.0,0.0,0.0,0.0,0,0
rte_80,2024-05-05,no_operation,0.0,0.0,0.0,0.0,0.0,0,0
rte_80,2024-05-06,no_operation,0.0,0.0,0.0,0.0,0.0,0,0
rte_80,2024-05-07,no_operation,0.0,0.0,0.0,0.0,0.0,0,0
rte_80,2024-05-08,no_operation,0.0,0.0,0.0,0.0,0.0,0,0
rte_80,2024-05-09,no_operation,0.0,0.0,0.0,0.0,0.0,0,0
rte_80,2024-05-10,no_operation,0.0,0.0,0.0,0.0,0.0,0,0
rte_80,2024-05-11,no_operation,0.0,0.0,0.0,0.0,0.0,0,0
rte_80,2024-05-12,no_operation,0.0,0.0,0.0,0.0,0.0,0,0
rte_80,2024-05-13,no_operation,0.0,0.0,0.0,0.0,0.0,0,0
rte_80,2024-05-14,no_operation,0.0,0.0,0.0,0.0,0.0,0,0
rte_80,2024-05-15,no_operation,0.0,0.0,0.0,0.0,0.0,0,0
rte_80,2024-05-16,no_operation,0.0,0.0,0.0,0.0,0.0,0,0
rte_80,2024-05-17,no_operation,0.0,0.0,0.0,0.0,0.0,0,0
rte_80,2024-05-18,no_operation,0.0,0.0,0.0,0.0,0.0,0,0
rte_80,2024-05-19,no_operation,0.0,0.0,0.0,0.0,0.0,0,0
rte_80,2024-05-20,no_operation,0.0,0.0,0.0,0.0,0.0,0,0
rte_80,2024-05-21,no_operation,0.0,0.0,0.0,0.0,0.0,0,0
rte_80,2024-05-22,no_operation,0.0,0.0,0.0,0.0,0.0,0,0
rte_80,2024-05-23,no_operation,0.0,0.0,0.0,0.0,0.0,0,0
rte_80,2024-05-24,no_operation,0.0,0.0,0.0,0.0,0.0,0,0
rte_80,2024-05-25,no_operation,0.0,0.0,0.0,0.0,0.0,0,0
rte_80,2024-05-26,no_operation,0.0,0.0,0.0,0.0,0.0,0,0
rte_80,2024-05-27,no_operation,0.0,0.0,0.0,0.0,0.0,0,0
rte_80,2024-05-28,no_operation,0.0,0.0,0.0,0.0,0.0,0,0
rte_80,2024-05-29,no_operation,0.0,0.0,0.0,0.0,0.0,0,0
rte_80,2024-05-30,no_operation,0.0,0.0,0.0,0.0,0.0,0,0
rte_80,2024-05-31,no_operation,0.0,0.0,0.0,0.0,0.0,0,0
rte_80,2024-06-01,no_operation,0.0,0.0,0.0,0.0,0.0,0,0
rte_80,2024-06-02,no_operation,0.0,0.0,0.0,0.0,0.0,0,0
rte_80,2024-06-03,no_operation,0.0,0.0,0.0,0.0,0.0,0,0
rte_80,2024-06-04,no_operation,0.0,0.0,0.0,0.0,0.0,0,0
rte_80,2024-06-05,no_operation,0.0,0.0,0.0,0.0,0.0,0,0
rte_80,2024-06-06,no_operation,0.0,0.0,0.0,0.0,0.0,0,0
rte_80,2024-06-07,no_operation,0.0,0.0,0.0,0.0,0.0,0,0
rte_80,2024-06-08,no_operation,0.0,0.0,0.0,0.0,0.0,0,0
rte_80,2024-06-09,no_operation,0.0,0.0,0.0,0.0,0.0,0,0
rte_80,2024-06-10,no_operation,0.0,0.0,0.0,0.0,0.0,0,0
rte_80,2024-06-11,no_operation,0.0,0.0,0.0,0.0,0.0,0,0
rte_80,2024-06-12,no_operation,0.0,0.0,0.0,0.0,0.0,0,0
rte_80,2024-06-13,no_operation,0.0,0.0,0.0,0.0,0.0,0,0
rte_80,2024-06-14,no_operation,0.0,0.0,0.0,0.0,0.0,0,0
rte_80,2024-06-15,no_operation,0.0,0.0,0.0,0.0,0.0,0,0
rte_80,2024-06-16,no_operation,0.0,0.0,0.0,0.0,0.0,0,0
rte_80,2024-06-17,no_operation,0.0,0.0,0.0,0.0,0.0,0,0
rte_80,2024-06-18,no_operation,0.0,0.0,0.0,0.0,0.0,0,0
rte_80,2024-06-19,no_operation,0.0,0.0,0.0,0.0,0.0,0,0
rte_80,2024-06-20,no_operation,0.0,0.0,0.0,0.0,0.0,0,0
rte_80,2024-06-21,no_operation,0.0,0.0,0.0,0.0,0.0,0,0
rte_80,2024-06-22,no_operation,0.0,0.0,0.0,0.0,0.0,0,0
rte_80,2024-06-23,no_operation,0.0,0.0,0.0,0.0,0.0,0,0
rte_80,2024-06-24,no_operation,0.0,0.0,0.0,0.0,0.0,0,0
rte_80,2024-06-25,no_operation,0.0,0.0,0.0,0.0,0.0,0,0
rte_80,2024-06-26,no_operation,0.0,0.0,0.0,0.0,0.0,0,0
rte_80,2024-06-27,no_operation,0.0,0.0,0.0,0.0,0.0,0,0
rte_80,2024-06-28,no_operation,0.0,0.0,0.0,0.0,0.0,0,0
rte_80,2024-06-29,no_operation,0.0,0.0,0.0,0.0,0.0,0,0
rte_80,2024-06-30,no_operation,0.0,0.0,0.0,0.0,0.0,0,0
rte_80,2024-07-01,no_operation,0.0,0.0,0.0,0.0,0.0,0,0
rte_80,2024-07-02,no_operation,0.0,0.0,0.0,0.0,0.0,0,0
rte_80,2024-07-03,no_operation,0.0,0.0,0.0,0.0,0.0,0,0
rte_80,2024-07-04,no_operation,0.0,0.0,0.0,0.0,0.0,0,0
rte_80,2024-07-05,no_operation,0.0,0.0,0.0,0.0,0.0,0,0
rte_80,2024-07-06,no_operation,0.0,0.0,0.0,0.0,0.0,0,0
rte_80,2024-07-07,no_operation,0.0,0.0,0.0,0.0,0.0,0,0
rte_80,2024-07-08,no_operation,0.0,0.0,0.0,0.0,0.0,0,0
rte_80,2024-07-09,no_operation,0.0,0.0,0.0,0.0,0.0,0,0
rte_80,2024-07-10,no_operation,0.0,0.0,0.0,0.0,0.0,0,0
rte_80,2024-07-11,no_operation,0.0,0.0,0.0,0.0,0.0,0,0
rte_80,2024-07-12,no_operation,0.0,0.0,0.0,0.0,0.0,0,0
rte_80,2024-07-13,no_operation,0.0,0.0,0.0,0.0,0.0,0,0
rte_80,2024-07-14,no_operation,0.0,0.0,0.0,0.0,0.0,0,0
rte_80,2024-07-15,no_operation,0.0,0.0,0.0,0.0,0.0,0,0
rte_80,2024-07-16,no_operation,0.0,0.0,0.0,0.0,0.0,0,0
rte_80,2024-07-17,no_operation,0.0,0.0,0.0,0.0,0.0,0,0
rte_80,2024-07-18,no_operation,0.0,0.0,0.0,0.0,0.0,0,0
rte_80,2024-07-19,no_operation,0.0,0.0,0.0,0.0,0.0,0,0
rte_80,2024-07-20,no_operation,0.0,0.0,0.0,0.0,0.0,0,0
rte_80,2024-07-21,no_operation,0.0,0.0,0.0,0.0,0.0,0,0
rte_80,2024-07-22,no_operation,0.0,0.0,0.0,0.0,0.0,0,0
rte_80,2024-07-23,no_operation,0.0,0.0,0.0,0.0,0.0,0,0
rte_80,2024-07-24,no_operation,0.0,0.0,0.0,0.0,0.0,0,0
rte_80,2024-07-25,no_operation,0.0,0.0,0.0,0.0,0.0,0,0
rte_80,2024-07-26,no_operation,0.0,0.0,0.0,0.0,0.0,0,0
rte_80,2024-07-27,no_operation,0.0,0.0,0.0,0.0,0.0,0,0
rte_80,2024-07-28,no_operation,0.0,0.0,0.0,0.0,0.0,0,0
rte_80,2024-07-29,no_operation,0.0,0.0,0.0,0.0,0.0,0,0
rte_80,2024-07-30,no_operation,0.0,0.0,0.0,0.0,0.0,0,0
rte_80,2024-07-31,no_operation,0.0,0.0,0.0,0.0,0.0,0,0
rte_80,2024-08-01,no_operation,0.0,0.0,0.0,0.0,0.0,0,0
rte_80,2024-08-02,no_operation,0.0,0.0,0.0,0.0,0.0,0,0
rte_80,2024-08-03,no_operation,0.0,0.0,0.0,0.0,0.0,0,0
rte_80,2024-08-04,no_operation,0.0,0.0,0.0,0.0,0.0,0,0
rte_80,2024-08-05,no_operation,0.0,0.0,0.0,0.0,0.0,0,0
rte_80,2024-08-06,no_operation,0.0,0.0,0.0,0.0,0.0,0,0
rte_80,2024-08-07,no_operation,0.0,0.0,0.0,0.0,0.0,0,0
rte_80,2024-08-08,no_operation,0.0,0.0,0.0,0.0,0.0,0,0
rte_80,2024-08-09,no_operation,0.0,0.0,0.0,0.0,0.0,0,0
rte_80,2024-08-10,no_operation,0.0,0.0,0.0,0.0,0.0,0,0
rte_80,2024-08-11,no_operation,0.0,0.0,0.0,0.0,0.0,0,0
rte_80,2024-08-12,no_operation,0.0,0.0,0.0,0.0,0.0,0,0
rte_80,2024-08-13,no_operation,0.0,0.0,0.0,0.0,0.0,0,0
rte_80,2024-08-14,no_operation,0.0,0.0,0.0,0.0,0.0,0,0
rte_80,2024-08-15,no_operation,0.0,0.0,0.0,0.0,0.0,0,0
rte_80,2024-08-16,no_operation,0.0,0.0,0.0,0.0,0.0,0,0
rte_80,2024-08-17,no_operation,0.0,0.0,0.0,0.0,0.0,0,0
rte_80,2024-08-18,no_operation,0.0,0.0,0.0,0.0,0.0,0,0
rte_80,2024-08-19,no_operation,0.0,0.0,0.0,0.0,0.0,0,0
rte_80,2024-08-20,no_operation,0.0,0.0,0.0,0.0,0.0,0,0
rte_80,2024-08-21,no_operation,0.0,0.0,0.0,0.0,0.0,0,0
rte_80,2024-08-22,no_operation,0.0,0.0,0.0,0.0,0.0,0,0
rte_80,2024-08-23,no_operation,0.0,0.0,0.0,0.0,0.0,0,0
rte_80,2024-08-24,no_operation,0.0,0.0,0.0,0.0,0.0,0,0
rte_80,2024-08-25,no_operation,0.0,0.0,0.0,0.0,0.0,0,0
rte_80,2024-08-26,no_operation,0.0,0.0,0.0,0.0,0.0,0,0
rte_80,2024-08-27,no_operation,0.0,0.0,0.0,0.0,0.0,0,0
rte_80,2024-08-28,no_operation,0.0,0.0,0.0,0.0,0.0,0,0
rte_80,2024-08-29,no_operation,0.0,0.0,0.0,0.0,0.0,0,0
rte_80,2024-08-30,no_operation,0.0,0.0,0.0,0.0,0.0,0,0
rte_80,2024-08-31,no_operation,0.0,0.0,0.0,0.0,0.0,0,0
rte_80,2024-09-01,no_operation,0.0,0.0,0.0,0.0,0.0,0,0
rte_80,2024-09-02,no_operation,0.0,0.0,0.0,0.0,0.0,0,0
rte_80,2024-09-03,no_operation,0.0,0.0,0.0,0.0,0.0,0,0
rte_80,2024-09-04,no_operation,0.0,0.0,0.0,0.0,0.0,0,0
rte_80,2024-09-05,no_operation,0.0,0.0,0.0,0.0,0.0,0,0
rte_80,2024-09-06,no_operation,0.0,0.0,0.0,0.0,0.0,0,0
rte_80,2024-09-07,no_operation,0.0,0.0,0.0,0.0,0.0,0,0
rte_80,2024-09-08,no_operation,0.0,0.0,0.0,0.0,0.0,0,0
rte_80,2024-09-09,no_operation,0.0,0.0,0.0,0.0,0.0,0,0
rte_80,2024-09-10,no_operation,0.0,0.0,0.0,0.0,0.0,0,0
rte_80,2024-09-11,no_operation,0.0,0.0,0.0,0.0,0.0,0,0
rte_80,2024-09-12,no_operation,0.0,0.0,0.0,0.0,0.0,0,0
rte_80,2024-09-13,no_operation,0.0,0.0,0.0,0.0,0.0,0,0
rte_80,2024-09-14,no_operation,0.0,0.0,0.0,0.0,0.0,0,0
rte_80,2024-09-15,no_operation,0.0,0.0,0.0,0.0,0.0,0,0
rte_80,2024-09-16,no_operation,0.0,0.0,0.0,0.0,0.0,0,0
rte_80,2024-09-17,no_operation,0.0,0.0,0.0,0.0,0.0,0,0
rte_80,2024-09-18,no_operation,0.0,0.0,0.0,0.0,0.0,0,0
rte_80,2024-09-19,no_operation,0.0,0.0,0.0,0.0,0.0,0,0
rte_80,2024-09-20,no_operation,0.0,0.0,0.0,0.0,0.0,0,0
rte_80,2024-09-21,no_operation,0.0,0.0,0.0,0.0,0.0,0,0
rte_80,2024-09-22,no_operation,0.0,0.0,0.0,0.0,0.0,0,0
rte_80,2024-09-23,no_operation,0.0,0.0,0.0,0.0,0.0,0,0
rte_80,2024-09-24,no_operation,0.0,0.0,0.0,0.0,0.0,0,0
rte_80,2024-09-25,no_operation,0.0,0.0,0.0,0.0,0.0,0,0
rte_80,2024-09-26,no_operation,0.0,0.0,0.0,0.0,0.0,0,0
rte_80,2024-09-27,no_operation,0.0,0.0,0.0,0.0,0.0,0,0
rte_80,2024-09-28,no_operation,0.0,0.0,0.0,0.0,0.0,0,0
rte_80,2024-09-29,no_operation,0.0,0.0,0.0,0.0,0.0,0,0
rte_80,2024-09-30,no_operation,0.0,0.0,0.0,0.0,0.0,0,0
rte_80,2024-10-01,no_operation,0.0,0.0,0.0,0.0,0.0,0,0
rte_80,2024-10-02,no_operation,0.0,0.0,0.0,0.0,0.0,0,0
rte_80,2024-10-03,no_operation,0.0,0.0,0.0,0.0,0.0,0,0
rte_80,2024-10-04,no_operation,0.0,0.0,0.0,0.0,0.0,0,0
rte_80,2024-10-05,no_operation,0.0,0.0,0.0,0.0,0.0,0,0
rte_80,2024-10-06,no_operation,0.0,0.0,0.0,0.0,0.0,0,0
rte_80,2024-10-07,no_operation,0.0,0.0,0.0,0.0,0.0,0,0
rte_80,2024-10-08,no_operation,0.0,0.0,0.0,0.0,0.0,0,0
rte_80,2024-10-09,no_operation,0.0,0.0,0.0,0.0,0.0,0,0
rte_80,2024-10-10,no_operation,0.0,0.0,0.0,0.0,0.0,0,0
rte_80,2024-10-11,no_operation,0.0,0.0,0.0,0.0,0.0,0,0
rte_80,2024-10-12,no_operation,0.0,0.0,0.0,0.0,0.0,0,0
rte_80,2024-10-13,no_operation,0.0,0.0,0.0,0.0,0.0,0,0
rte_80,2024-10-14,no_operation,0.0,0.0,0.0,0.0,0.0,0,0
rte_80,2024-10-15,no_operation,0.0,0.0,0.0,0.0,0.0,0,0
rte_80,2024-10-16,no_operation,0.0,0.0,0.0,0.0,0.0,0,0
rte_80,2024-10-17,no_operation,0.0,0.0,0.0,0.0,0.0,0,0
rte_80,2024-10-18,no_operation,0.0,0.0,0.0,0.0,0.0,0,0
rte_80,2024-10-19,no_operation,0.0,0.0,0.0,0.0,0.0,0,0
rte_80,2024-10-20,no_operation,0.0,0.0,0.0,0.0,0.0,0,0
rte_80,2024-10-21,no_operation,0.0,0.0,0.0,0.0,0.0,0,0
rte_80,2024-10-22,no_operation,0.0,0.0,0.0,0.0,0.0,0,0
rte_80,2024-10-23,no_operation,0.0,0.0,0.0,0.0,0.0,0,0
rte_80,2024-10-24,no_operation,0.0,0.0,0.0,0.0,0.0,0,0
rte_80,2024-10-25,no_operation,0.0,0.0,0.0,0.0,0.0,0,0
rte_80,2024-10-26,no_operation,0.0,0.0,0.0,0.0,0.0,0,0
rte_80,2024-10-27,no_operation,0.0,0.0,0.0,0.0,0.0,0,0
rte_80,2024-10-28,no_operation,0.0,0.0,0.0,0.0,0.0,0,0
rte_80,2024-10-29,no_operation,0.0,0.0,0.0,0.0,0.0,0,0
rte_80,2024-10-30,no_operation,0.0,0.0,0.0,0.0,0.0,0,0
rte_80,2024-10-31,no_operation,0.0,0.0,0.0,0.0,0.0,0,0
rte_80,2024-11-01,no_operation,0.0,0.0,0.0,0.0,0.0,0,0
rte_80,2024-11-02,no_operation,0.0,0.0,0.0,0.0,0.0,0,0
rte_80,2024-11-03,no_operation,0.0,0.0,0.0,0.0,0.0,0,0
rte_80,2024-11-04,no_operation,0.0,0.0,0.0,0.0,0.0,0,0
rte_80,2024-11-05,no_operation,0.0,0.0,0.0,0.0,0.0,0,0
rte_80,2024-11-06,no_operation,0.0,0.0,0.0,0.0,0.0,0,0
rte_80,2024-11-07,no_operation,0.0,0.0,0.0,0.0,0.0,0,0
rte_80,2024-11-08,no_operation,0.0,0.0,0.0,0.0,0.0,0,0
rte_80,2024-11-09,no_operation,0.0,0.0,0.0,0.0,0.0,0,0
rte_80,2024-11-10,no_operation,0.0,0.0,0.0,0.0,0.0,0,0
rte_80,2024-11-11,no_operation,0.0,0.0,0.0,0.0,0.0,0,0
rte_80,2024-11-12,no_operation,0.0,0.0,0.0,0.0,0.0,0,0
rte_80,2024-11-13,no_operation,0.0,0.0,0.0,0.0,0.0,0,0
rte_80,2024-11-14,no_operation,0.0,0.0,0.0,0.0,0.0,0,0
rte_80,2024-11-15,no_operation,0.0,0.0,0.0,0.0,0.0,0,0
rte_80,2024-11-16,no_operation,0.0,0.0,0.0,0.0,0.0,0,0
rte_80,2024-11-17,no_operation,0.0,0.0,0.0,0.0,0.0,0,0
rte_80,2024-11-18,no_operation,0.0,0.0,0.0,0.0,0.0,0,0
rte_80,2024-11-19,no_operation,0.0,0.0,0.0,0.0,0.0,0,0
rte_80,2024-11-20,no_operation,0.0,0.0,0.0,0.0,0.0,0,0
rte_80,2024-11-21,no_operation,0.0,0.0,0.0,0.0,0.0,0,0
rte_80,2024-11-22,no_operation,0.0,0.0,0.0,0.0,0.0,0,0
rte_80,2024-11-23,no_operation,0.0,0.0,0.0,0.0,0.0,0,0
rte_80,2024-11-24,no_operation,0.0,0.0,0.0,0.0,0.0,0,0
rte_80,2024-11-25,no_operation,0.0,0.0,0.0,0.0,0.0,0,0
rte_80,2024-11-26,no_operation,0.0,0.0,0.0,0.0,0.0,0,0
rte_80,2024-11-27,no_operation,0.0,0.0,0.0,0.0,0.0,0,0
rte_80,2024-11-28,no_operation,0.0,0.0,0.0,0.0,0.0,0,0
rte_80,2024-11-29,no_operation,0.0,0.0,0.0,0.0,0.0,0,0
rte_80,2024-11-30,no_operation,0.0,0.0,0.0,0.0,0.0,0,0
rte_80,2024-12-01,no_operation,0.0,0.0,0.0,0.0,0.0,0,0
rte_80,2024-12-02,no_operation,0.0,0.0,0.0,0.0,0.0,0,0
rte_80,2024-12-03,no_operation,0.0,0.0,0.0,0.0,0.0,0,0
rte_80,2024-12-04,no_operation,0.0,0.0,0.0,0.0,0.0,0,0
rte_80,2024-12-05,no_operation,0.0,0.0,0.0,0.0,0.0,0,0
rte_80,2024-12-06,no_operation,0.0,0.0,0.0,0.0,0.0,0,0
rte_80,2024-12-07,no_operation,0.0,0.0,0.0,0.0,0.0,0,0
rte_80,2024-12-08,no_operation,0.0,0.0,0.0,0.0,0.0,0,0
rte_80,2024-12-09,no_operation,0.0,0.0,0.0,0.0,0.0,0,0
rte_80,2024-12-10,no_operation,0.0,0.0,0.0,0.0,0.0,0,0
rte_80,2024-12-11,no_operation,0.0,0.0,0.0,0.0,0.0,0,0
rte_80,2024-12-12,no_operation,0.0,0.0,0.0,0.0,0.0,0,0
rte_80,2024-12-13,no_operation,0.0,0.0,0.0,0.0,0.0,0,0
rte_80,2024-12-14,no_operation,0.0,0.0,0.0,0.0,0.0,0,0
rte_80,2024-12-15,no_operation,0.0,0.0,0.0,0.0,0.0,0,0
rte_80,2024-12-16,no_operation,0.0,0.0,0.0,0.0,0.0,0,0
rte_80,2024-12-17,no_operation,0.0,0.0,0.0,0.0,0.0,0,0
rte_80,2024-12-18,no_operation,0.0,0.0,0.0,0.0,0.0,0,0
rte_80,2024-12-19,no_operation,0.0,0.0,0.0,0.0,0.0,0,0
rte_80,2024-12-20,no_operation,0.0,0.0,0.0,0.0,0.0,0,0
rte_80,2024-12-21,no_operation,0.0,0.0,0.0,0.0,0.0,0,0
rte_80,2024-12-22,no_operation,0.0,0.0,0.0,0.0,0.0,0,0
rte_80,2024-12-23,no_operation,0.0,0.0,0.0,0.0,0.0,0,0
rte_80,2024-12-24,no_operation,0.0,0.0,0.0,0.0,0.0,0,0
rte_80,2024-12-25,no_operation,0.0,0.0,0.0,0.0,0.0,0,0
rte_80,2024-12-26,no_operation,0.0,0.0,0.0,0.0,0.0,0,0
rte_80,2024-12-27,no_operation,0.0,0.0,0.0,0.0,0.0,0,0
rte_80,2024-12-28,no_operation,0.0,0.0,0.0,0.0,0.0,0,0
rte_80,2024-12-29,no_operation,0.0,0.0,0.0,0.0,0.0,0,0
rte_80,2024-12-30,no_operation,0.0,0.0,0.0,0.0,0.0,0,0
rte_80,2024-12-31,no_operation,0.0,0.0,0.0,0.0,0.0,0,0
rte_80,2025-01-01,no_operation,0.0,0.0,0.0,0.0,0.0,0,0
rte_80,2025-01-02,no_operation,0.0,0.0,0.0,0.0,0.0,0,0
rte_80,2025-01-03,no_operation,0.0,0.0,0.0,0.0,0.0,0,0
rte_80,2025-01-04,no_operation,0.0,0.0,0.0,0.0,0.0,0,0
rte_80,2025-01-05,no_operation,0.0,0.0,0.0,0.0,0.0,0,0
rte_80,2025-01-06,no_operation,0.0,0.0,0.0,0.0,0.0,0,0
rte_80,2025-01-07,no_operation,0.0,0.0,0.0,0.0,0.0,0,0
rte_80,2025-01-08,no_operation,0.0,0.0,0.0,0.0,0.0,0,0
rte_80,2025-01-09,no_operation,0.0,0.0,0.0,0.0,0.0,0,0
rte_80,2025-01-10,no_operation,0.0,0.0,0.0,0.0,0.0,0,0
rte_80,2025-01-11,no_operation,0.0,0.0,0.0,0.0,0.0,0,0
rte_80,2025-01-12,no_operation,0.0,0.0,0.0,0.0,0.0,0,0
rte_80,2025-01-13,no_operation,0.0,0.0,0.0,0.0,0.0,0,0
rte_80,2025-01-14,no_operation,0.0,0.0,0.0,0.0,0.0,0,0
rte_80,2025-01-15,no_operation,0.0,0.0,0.0,0.0,0.0,0,0
rte_80,2025-01-16,no_operation,0.0,0.0,0.0,0.0,0.0,0,0
rte_80,2025-01-17,no_operation,0.0,0.0,0.0,0.0,0.0,0,0
rte_80,2025-01-18,no_operation,0.0,0.0,0.0,0.0,0.0,0,0
rte_80,2025-01-19,no_operation,0.0,0.0,0.0,0.0,0.0,0,0
rte_80,2025-01-20,no_operation,0.0,0.0,0.0,0.0,0.0,0,0
rte_80,2025-01-21,no_operation,0.0,0.0,0.0,0.0,0.0,0,0
rte_80,2025-01-22,no_operation,0.0,0.0,0.0,0.0,0.0,0,0
rte_80,2025-01-23,no_operation,0.0,0.0,0.0,0.0,0.0,0,0
rte_80,2025-01-24,no_operation,0.0,0.0,0.0,0.0,0.0,0,0
rte_80,2025-01-25,no_operation,0.0,0.0,0.0,0.0,0.0,0,0
rte_80,2025-01-26,no_operation,0.0,0.0,0.0,0.0,0.0,0,0
rte_80,2025-01-27,no_operation,0.0,0.0,0.0,0.0,0.0,0,0
rte_80,2025-01-28,no_operation,0.0,0.0,0.0,0.0,0.0,0,0
rte_80,2025-01-29,no_operation,0.0,0.0,0.0,0.0,0.0,0,0
rte_80,2025-01-30,no_operation,0.0,0.0,0.0,0.0,0.0,0,0
rte_80,2025-01-31,no_operation,0.0,0.0,0.0,0.0,0.0,0,0
rte_80,2025-02-01,no_operation,0.0,0.0,0.0,0.0,0.0,0,0
rte_80,2025-02-02,no_operation,0.0,0.0,0.0,0.0,0.0,0,0
rte_80,2025-02-03,no_operation,0.0,0.0,0.0,0.0,0.0,0,0
rte_80,2025-02-04,no_operation,0.0,0.0,0.0,0.0,0.0,0,0
rte_80,2025-02-05,no_operation,0.0,0.0,0.0,0.0,0.0,0,0
rte_80,2025-02-06,no_operation,0.0,0.0,0.0,0.0,0.0,0,0
rte_80,2025-02-07,no_operation,0.0,0.0,0.0,0.0,0.0,0,0
rte_80,2025-02-08,no_operation,0.0,0.0,0.0,0.0,0.0,0,0
rte_80,2025-02-09,no_operation,0.0,0.0,0.0,0.0,0.0,0,0
rte_80,2025-02-10,no_operation,0.0,0.0,0.0,0.0,0.0,0,0
rte_80,2025-02-11,no_operation,0.0,0.0,0.0,0.0,0.0,0,0
rte_80,2025-02-12,no_operation,0.0,0.0,0.0,0.0,0.0,0,0
rte_80,2025-02-13,no_operation,0.0,0.0,0.0,0.0,0.0,0,0
rte_80,2025-02-14,no_operation,0.0,0.0,0.0,0.0,0.0,0,0
rte_80,2025-02-15,no_operation,0.0,0.0,0.0,0.0,0.0,0,0
rte_80,2025-02-16,no_operation,0.0,0.0,0.0,0.0,0.0,0,0
rte_80,2025-02-17,no_operation,0.0,0.0,0.0,0.0,0.0,0,0
rte_80,2025-02-18,no_operation,0.0,0.0,0.0,0.0,0.0,0,0
rte_80,2025-02-19,no_operation,0.0,0.0,0.0,0.0,0.0,0,0
rte_80,2025-02-20,no_operation,0.0,0.0,0.0,0.0,0.0,0,0
rte_80,2025-02-21,no_operation,0.0,0.0,0.0,0.0,0.0,0,0
rte_80,2025-02-22,no_operation,0.0,0.0,0.0,0.0,0.0,0,0
rte_80,2025-02-23,no_operation,0.0,0.0,0.0,0.0,0.0,0,0
rte_80,2025-02-24,no_operation,0.0,0.0,0.0,0.0,0.0,0,0
rte_80,2025-02-25,no_operation,0.0,0.0,0.0,0.0,0.0,0,0
rte_80,2025-02-26,no_operation,0.0,0.0,0.0,0.0,0.0,0,0
rte_80,2025-02-27,no_operation,0.0,0.0,0.0,0.0,0.0,0,0
rte_80,2025-02-28,no_operation,0.0,0.0,0.0,0.0,0.0,0,0
rte_80,2025-03-01,no_operation,0.0,0.0,0.0,0.0,0.0,0,0
rte_80,2025-03-02,no_operation,0.0,0.0,0.0,0.0,0.0,0,0
rte_80,2025-03-03,no_operation,0.0,0.0,0.0,0.0,0.0,0,0
rte_80,2025-03-04,no_operation,0.0,0.0,0.0,0.0,0.0,0,0
rte_80,2025-03-05,no_operation,0.0,0.0,0.0,0.0,0.0,0,0
rte_80,2025-03-06,no_operation,0.0,0.0,0.0,0.0,0.0,0,0
rte_80,2025-03-07,no_operation,0.0,0.0,0.0,0.0,0.0,0,0
rte_80,2025-03-08,no_operation,0.0,0.0,0.0,0.0,0.0,0,0
rte_80,2025-03-09,no_operation,0.0,0.0,0.0,0.0,0.0,0,0
rte_80,2025-03-10,no_operation,0.0,0.0,0.0,0.0,0.0,0,0
rte_80,2025-03-11,no_operation,0.0,0.0,0.0,0.0,0.0,0,0
rte_80,2025-03-12,no_operation,0.0,0.0,0.0,0.0,0.0,0,0
rte_80,2025-03-13,no_operation,0.0,0.0,0.0,0.0,0.0,0,0
rte_80,2025-03-14,no_operation,0.0,0.0,0.0,0.0,0.0,0,0
rte_80,2025-03-15,no_operation,0.0,0.0,0.0,0.0,0.0,0,0
rte_80,2025-03-16,no_operation,0.0,0.0,0.0,0.0,0.0,0,0
rte_80,2025-03-17,no_operation,0.0,0.0,0.0,0.0,0.0,0,0
rte_80,2025-03-18,no_operation,0.0,0.0,0.0,0.0,0.0,0,0
rte_80,2025-03-19,no_operation,0.0,0.0,0.0,0.0,0.0,0,0
rte_80,2025-03-20,no_operation,0.0,0.0,0.0,0.0,0.0,0,0
rte_80,2025-03-21,no_operation,0.0,0.0,0.0,0.0,0.0,0,0
rte_80,2025-03-22,no_operation,0.0,0.0,0.0,0.0,0.0,0,0
rte_80,2025-03-23,no_operation,0.0,0.0,0.0,0.0,0.0,0,0
rte_80,2025-03-24,no_operation,0.0,0.0,0.0,0.0,0.0,0,0
rte_80,2025-03-25,no_operation,0.0,0.0,0.0,0.0,0.0,0,0
rte_80,2025-03-26,no_operation,0.0,0.0,0.0,0.0,0.0,0,0
rte_80,2025-03-27,no_operation,0.0,0.0,0.0,0.0,0.0,0,0
rte_80,2025-03-28,no_operation,0.0,0.0,0.0,0.0,0.0,0,0
rte_80,2025-03-29,no_operation,0.0,0.0,0.0,0.0,0.0,0,0
rte_80,2025-03-30,no_operation,0.0,0.0,0.0,0.0,0.0,0,0
rte_80,2025-03-31,no_operation,0.0,0.0,0.0,0.0,0.0,0,0
rte_80,2024-04-01,naive_forecast,9365.800550449161,0.0,9365.800550449161,1.5194271909999162,1.2155417527999326,7,5
rte_80,2024-04-02,naive_forecast,6666.374946391065,0.0,6666.374946391065,1.3416407864998738,1.0733126291998991,6,5
rte_80,2024-04-03,naive_forecast,399.8762078750731,0.0,399.8762078750731,1.788854381999832,1.4310835055998654,8,6
rte_80,2024-04-04,naive_forecast,719.3389404348891,0.0,719.3389404348891,1.394427190999916,1.1155417527999325,6,5
rte_80,2024-04-05,naive_forecast,2838.4018109686845,0.0,2838.4018109686845,1.5194271909999162,1.2155417527999326,7,5
rte_80,2024-04-06,naive_forecast,5451.067563095624,0.0,5451.067563095624,1.591640786499874,1.273312629199899,7,6
rte_80,2024-04-07,naive_forecast,8221.171323489209,0.0,8221.171323489209,1.394427190999916,1.1155417527999325,6,6
rte_80,2024-04-08,naive_forecast,-211.1656314599939,0.0,-211.1656314599939,1.341640786499874,1.0733126291998991,6,5
rte_80,2024-04-09,naive_forecast,3742.7931325396657,0.0,3742.7931325396657,1.206927190999916,0.9655417527999327,6,4
rte_80,2024-04-10,naive_forecast,3451.2525705489024,0.0,3451.2525705489024,1.788854381999832,1.4310835055998654,8,6
rte_80,2024-04-11,naive_forecast,3221.1303129624685,0.0,3221.1303129624685,1.788854381999832,1.4310835055998654,8,6
rte_80,2024-04-12,naive_forecast,7603.250844668624,0.0,7603.250844668624,1.5194271909999162,1.2155417527999326,7,5
rte_80,2024-04-13,naive_forecast,8592.336954949205,0.0,8592.336954949205,1.341640786499874,1.0733126291998991,6,5
rte_80,2024-04-14,naive_forecast,7645.270115855259,0.0,7645.270115855259,1.072213595499958,0.8577708763999663,5,4
rte_80,2024-04-15,naive_forecast,1415.711093214675,0.0,1415.711093214675,1.072213595499958,0.8577708763999663,5,4
rte_80,2024-04-16,naive_forecast,2251.36892649282,0.0,2251.36892649282,1.341640786499874,1.073312629199899,6,5
rte_80,2024-04-17,naive_forecast,5271.233435889513,0.0,5271.233435889513,0.894427190999916,0.7155417527999327,4,3
rte_80,2024-04-18,naive_forecast,6039.144288252538,0.0,6039.144288252538,1.4472135954999579,1.1577708763999661,6,6
rte_80,2024-04-19,naive_forecast,7923.433297433294,0.0,7923.433297433294,1.144427190999916,0.9155417527999326,5,5
rte_80,2024-04-20,naive_forecast,7437.865802601292,0.0,7437.865802601292,0.894427190999916,0.7155417527999327,4,4
rte_80,2024-04-21,naive_forecast,561.8102134497507,0.0,561.8102134497507,1.4569271909999162,1.1655417527999326,7,6
rte_80,2024-04-22,naive_forecast,-412.1314696398302,0.0,-412.1314696398302,0.894427190999916,0.7155417527999327,4,4
rte_80,2024-04-23,naive_forecast,1263.5841613379212,0.0,1263.5841613379212,0.894427190999916,0.7155417527999327,4,3
rte_80,2024-04-24,naive_forecast,1813.8776741499437,0.0,1813.8776741499437,0.894427190999916,0.7155417527999327,4,3
rte_80,2024-04-25,naive_forecast,2649.9820390838713,0.0,2649.9820390838713,1.2069271909999162,0.9655417527999327,6,4
rte_80,2024-04-26,naive_forecast,3584.7460314398445,0.0,3584.7460314398445,1.591640786499874,1.273312629199899,7,6
rte_80,2024-04-27,naive_forecast,5377.238456320374,0.0,5377.238456320374,1.4277864045000421,1.1422291236000335,6,6
rte_80,2024-04-28,naive_forecast,7545.146651599358,0.0,7545.146651599358,1.788854381999832,1.4310835055998654,8,6
rte_80,2024-04-29,naive_forecast,665.160973029971,0.0,665.160973029971,0.894427190999916,0.7155417527999327,4,4
rte_80,2024-04-30,naive_forecast,-165.55883371001622,0.0,-165.55883371001622,1.144427190999916,0.9155417527999328,5,5
rte_80,2024-05-01,naive_forecast,-6.869340896986653,0.0,-6.869340896986653,0.894427190999916,0.7155417527999327,4,3
rte_80,2024-05-02,naive_forecast,-895.2786404500052,0.0,-895.2786404500052,0.6250000000000001,0.5,3,2
rte_80,2024-05-03,naive_forecast,8269.87479159231,0.0,8269.87479159231,1.341640786499874,1.0733126291998991,6,5
rte_80,2024-05-04,naive_forecast,8271.640681693223,0.0,8271.640681693223,0.894427190999916,0.7155417527999327,4,4
rte_80,2024-05-05,naive_forecast,7525.995478097219,0.0,7525.995478097219,0.894427190999916,0.7155417527999327,4,4
rte_80,2024-05-06,naive_forecast,-675.5714975239706,0.0,-675.5714975239706,0.894427190999916,0.7155417527999327,4,4
rte_80,2024-05-07,naive_forecast,1504.0758280849627,0.0,1504.0758280849627,1.3416407864998738,1.073312629199899,6,5
rte_80,2024-05-08,naive_forecast,3640.1580222087146,0.0,3640.1580222087146,0.894427190999916,0.7155417527999327,4,3
rte_80,2024-05-09,naive_forecast,8517.319236572579,0.0,8517.319236572579,1.341640786499874,1.073312629199899,6,5
rte_80,2024-05-10,naive_forecast,8830.668890673158,0.0,8830.668890673158,1.9041407864998738,1.523312629199899,9,7
rte_80,2024-05-11,naive_forecast,10002.314318537146,0.0,10002.314318537146,1.072213595499958,0.8577708763999663,5,4
rte_80,2024-05-12,naive_forecast,531.0315388679361,0.0,531.0315388679361,1.5916407864998738,1.273312629199899,7,6
rte_80,2024-05-13,naive_forecast,1289.0341618201644,0.0,1289.0341618201644,1.3416407864998738,1.073312629199899,6,5
rte_80,2024-05-14,naive_forecast,3423.4952550348385,0.0,3423.4952550348385,1.644427190999916,1.3155417527999327,7,6
rte_80,2024-05-15,naive_forecast,8146.268597177061,0.0,8146.268597177061,1.519427190999916,1.2155417527999326,7,5
rte_80,2024-05-16,naive_forecast,9799.287765968264,0.0,9799.287765968264,1.3416407864998745,1.0733126291998991,6,5
rte_80,2024-05-17,naive_forecast,11078.962869087061,0.0,11078.962869087061,1.3416407864998738,1.0733126291998991,6,5
rte_80,2024-05-18,naive_forecast,7716.897997207287,0.0,7716.897997207287,1.341640786499874,1.073312629199899,6,5
rte_80,2024-05-19,naive_forecast,160.47384356376315,0.0,160.47384356376315,0.894427190999916,0.7155417527999326,4,4
rte_80,2024-05-20,naive_forecast,770.3878880819391,0.0,770.3878880819391,0.894427190999916,0.7155417527999326,4,4
rte_80,2024-05-21,naive_forecast,8183.572790728569,0.0,8183.572790728569,1.341640786499874,1.073312629199899,6,5
rte_80,2024-05-22,naive_forecast,7487.205726643269,0.0,7487.205726643269,1.4472135954999579,1.1577708763999661,6,6
rte_80,2024-05-23,naive_forecast,3805.5236017476263,0.0,3805.5236017476263,1.341640786499874,1.073312629199899,6,5
rte_80,2024-05-24,naive_forecast,6550.975464637391,0.0,6550.975464637391,1.341640786499874,1.073312629199899,6,5
rte_80,2024-05-25,naive_forecast,7770.697065521281,0.0,7770.697065521281,1.4472135954999579,1.1577708763999663,6,6
rte_80,2024-05-26,naive_forecast,8222.695754045168,0.0,8222.695754045168,0.894427190999916,0.7155417527999327,4,4
rte_80,2024-05-27,naive_forecast,49.625672803960796,0.0,49.625672803960796,1.144427190999916,0.9155417527999326,5,5
rte_80,2024-05-28,naive_forecast,2906.418081341949,0.0,2906.418081341949,1.206927190999916,0.9655417527999327,6,4
rte_80,2024-05-29,naive_forecast,-5830.479294259087,0.0,-5830.479294259087,1.394427190999916,1.1155417527999327,6,5
rte_80,2024-05-30,naive_forecast,2210.5577635677932,0.0,2210.5577635677932,1.322213595499958,1.0577708763999663,6,5
rte_80,2024-05-31,naive_forecast,-2515.8998961578372,0.0,-2515.8998961578372,1.3416407864998738,1.0733126291998991,6,5
rte_80,2024-06-01,naive_forecast,0.0,0.0,0.0,0.0,0.0,0,0
rte_80,2024-06-02,naive_forecast,8267.667320797244,0.0,8267.667320797244,0.894427190999916,0.7155417527999327,4,4
rte_80,2024-06-03,naive_forecast,462.24202874787767,0.0,462.24202874787767,1.788854381999832,1.4310835055998652,8,7
rte_80,2024-06-04,naive_forecast,7683.769633187473,0.0,7683.769633187473,0.894427190999916,0.7155417527999327,4,4
rte_80,2024-06-05,naive_forecast,9396.133814715135,0.0,9396.133814715135,0.894427190999916,0.7155417527999327,4,4
rte_80,2024-06-06,naive_forecast,2675.841718185877,0.0,2675.841718185877,1.072213595499958,0.8577708763999663,5,4
rte_80,2024-06-07,naive_forecast,1782.909213017881,0.0,1782.909213017881,0.894427190999916,0.7155417527999326,4,4
rte_80,2024-06-08,naive_forecast,7985.965733373183,0.0,7985.965733373183,0.894427190999916,0.7155417527999326,4,4
rte_80,2024-06-09,naive_forecast,135.23402336394864,0.0,135.23402336394864,1.144427190999916,0.9155417527999326,5,5
rte_80,2024-06-10,naive_forecast,3323.5711513834253,0.0,3323.5711513834253,0.894427190999916,0.7155417527999327,4,4
rte_80,2024-06-11,naive_forecast,8079.40193163563,0.0,8079.40193163563,1.341640786499874,1.0733126291998991,6,5
rte_80,2024-06-12,naive_forecast,5646.066666023674,0.0,5646.066666023674,1.341640786499874,1.0733126291998991,6,5
rte_80,2024-06-13,naive_forecast,5152.723636361679,0.0,5152.723636361679,1.3416407864998738,1.0733126291998991,6,5
rte_80,2024-06-14,naive_forecast,6790.425292049366,0.0,6790.425292049366,1.341640786499874,1.073312629199899,6,5
rte_80,2024-06-15,naive_forecast,4876.936161719417,0.0,4876.936161719417,1.341640786499874,1.073312629199899,6,5
rte_80,2024-06-16,naive_forecast,12359.788731303832,0.0,12359.788731303832,1.3416407864998738,1.073312629199899,6,5
rte_80,2024-06-17,naive_forecast,4335.18743906372,0.0,4335.18743906372,1.3416407864998738,1.073312629199899,6,5
rte_80,2024-06-18,naive_forecast,2783.4939435587253,0.0,2783.4939435587253,1.341640786499874,1.0733126291998991,6,5
rte_80,2024-06-19,naive_forecast,6425.982572949371,0.0,6425.982572949371,0.894427190999916,0.7155417527999327,4,3
rte_80,2024-06-20,naive_forecast,1732.4726186227854,0.0,1732.4726186227854,1.5916407864998738,1.273312629199899,7,6
rte_80,2024-06-21,naive_forecast,742.8292957058162,0.0,742.8292957058162,0.947213595499958,0.7577708763999663,4,4
rte_80,2024-06-22,naive_forecast,741.0919253879608,0.0,741.0919253879608,0.894427190999916,0.7155417527999327,4,3
rte_80,2024-06-23,naive_forecast,50.85270852287627,0.0,50.85270852287627,1.4277864045000421,1.1422291236000335,6,6
rte_80,2024-06-24,naive_forecast,2526.1339195217847,0.0,2526.1339195217847,0.894427190999916,0.7155417527999327,4,3
rte_80,2024-06-25,naive_forecast,2152.1311417707984,0.0,2152.1311417707984,0.894427190999916,0.7155417527999327,4,3
rte_80,2024-06-26,naive_forecast,858.4584885339588,0.0,858.4584885339588,0.947213595499958,0.7577708763999663,4,4
rte_80,2024-06-27,naive_forecast,1031.0114388729744,0.0,1031.0114388729744,0.947213595499958,0.7577708763999663,4,4
rte_80,2024-06-28,naive_forecast,-1035.5328503440528,0.0,-1035.5328503440528,0.75,0.6,3,3
rte_80,2024-06-29,naive_forecast,-4736.578674099572,0.0,-4736.578674099572,0.697213595499958,0.5577708763999663,3,3
rte_80,2024-06-30,naive_forecast,993.9032089799333,0.0,993.9032089799333,1.206927190999916,0.9655417527999326,6,5
rte_80,2024-07-01,naive_forecast,-1325.555313685837,0.0,-1325.555313685837,0.894427190999916,0.7155417527999327,4,4
rte_80,2024-07-02,naive_forecast,-1572.3525878559328,0.0,-1572.3525878559328,0.894427190999916,0.7155417527999327,4,3
rte_80,2024-07-03,naive_forecast,3625.7521561447393,0.0,3625.7521561447393,1.341640786499874,1.073312629199899,6,5
rte_80,2024-07-04,naive_forecast,6166.122876781459,0.0,6166.122876781459,0.947213595499958,0.7577708763999663,4,4
rte_80,2024-07-05,naive_forecast,5276.310368248506,0.0,5276.310368248506,1.206927190999916,0.9655417527999327,6,4
rte_80,2024-07-06,naive_forecast,2715.2675977096787,0.0,2715.2675977096787,1.341640786499874,1.073312629199899,6,5
rte_80,2024-07-07,naive_forecast,5690.522946009571,0.0,5690.522946009571,1.3416407864998738,1.0733126291998991,6,5
rte_80,2024-07-08,naive_forecast,3312.6350579276263,0.0,3312.6350579276263,1.341640786499874,1.073312629199899,6,5
rte_80,2024-07-09,naive_forecast,8555.87715493913,0.0,8555.87715493913,0.894427190999916,0.7155417527999327,4,3
rte_80,2024-07-10,naive_forecast,9372.36473245907,0.0,9372.36473245907,0.894427190999916,0.7155417527999327,4,3
rte_80,2024-07-11,naive_forecast,2853.6339195217856,0.0,2853.6339195217856,0.894427190999916,0.7155417527999327,4,3
rte_80,2024-07-12,naive_forecast,-29.876207875075167,0.0,-29.876207875075167,1.394427190999916,1.1155417527999325,6,5
rte_80,2024-07-13,naive_forecast,-208.50236334682126,0.0,-208.50236334682126,0.894427190999916,0.7155417527999327,4,3
rte_80,2024-07-14,naive_forecast,1195.7230671587604,0.0,1195.7230671587604,1.341640786499874,1.073312629199899,6,5
rte_80,2024-07-15,naive_forecast,1469.0318667369647,0.0,1469.0318667369647,1.341640786499874,1.0733126291998991,6,5
rte_80,2024-07-16,naive_forecast,351.9281746070004,0.0,351.9281746070004,0.894427190999916,0.7155417527999327,4,3
rte_80,2024-07-17,naive_forecast,1136.4442719099986,0.0,1136.4442719099986,0.625,0.5,3,2
rte_80,2024-07-18,naive_forecast,4589.511179267566,0.0,4589.511179267566,0.894427190999916,0.7155417527999327,4,3
rte_80,2024-07-19,naive_forecast,4644.789819717569,0.0,4644.789819717569,0.894427190999916,0.7155417527999327,4,3
rte_80,2024-07-20,naive_forecast,2604.637594344722,0.0,2604.637594344722,0.894427190999916,0.7155417527999327,4,3
rte_80,2024-07-21,naive_forecast,4786.232210948533,0.0,4786.232210948533,0.947213595499958,0.7577708763999663,4,4
rte_80,2024-07-22,naive_forecast,7067.741026869277,0.0,7067.741026869277,1.3416407864998738,1.073312629199899,6,5
rte_80,2024-07-23,naive_forecast,7929.849290894128,0.0,7929.849290894128,1.144427190999916,0.9155417527999327,5,4
rte_80,2024-07-24,naive_forecast,4298.789974516328,0.0,4298.789974516328,1.206927190999916,0.9655417527999327,6,4
rte_80,2024-07-25,naive_forecast,4353.876034804799,0.0,4353.876034804799,0.894427190999916,0.7155417527999327,4,3
rte_80,2024-07-26,naive_forecast,3801.807884234741,0.0,3801.807884234741,0.894427190999916,0.7155417527999327,4,3
rte_80,2024-07-27,naive_forecast,3383.9969626436036,0.0,3383.9969626436036,1.394427190999916,1.1155417527999325,6,5
rte_80,2024-07-28,naive_forecast,6177.128190949542,0.0,6177.128190949542,0.894427190999916,0.7155417527999327,4,3
rte_80,2024-07-29,naive_forecast,9424.468424589031,0.0,9424.468424589031,0.894427190999916,0.7155417527999327,4,3
rte_80,2024-07-30,naive_forecast,8368.790197578704,0.0,8368.790197578704,1.4375,1.15,7,5
rte_80,2024-07-31,naive_forecast,8642.469183928133,0.0,8642.469183928133,1.456927190999916,1.1655417527999326,7,5
rte_80,2024-08-01,naive_forecast,10547.700567273943,0.0,10547.700567273943,0.894427190999916,0.7155417527999327,4,3
rte_80,2024-08-02,naive_forecast,4662.385506463604,0.0,4662.385506463604,0.894427190999916,0.7155417527999327,4,3
rte_80,2024-08-03,naive_forecast,2970.327087157752,0.0,2970.327087157752,0.894427190999916,0.7155417527999327,4,3
rte_80,2024-08-04,naive_forecast,3940.509057254637,0.0,3940.509057254637,0.894427190999916,0.7155417527999327,4,3
rte_80,2024-08-05,naive_forecast,2887.837749625719,0.0,2887.837749625719,1.2069271909999162,0.9655417527999327,6,4
rte_80,2024-08-06,naive_forecast,3235.897928943663,0.0,3235.897928943663,0.894427190999916,0.7155417527999327,4,3
rte_80,2024-08-07,naive_forecast,1096.0596613127348,0.0,1096.0596613127348,1.9569271909999162,1.5655417527999327,9,7
rte_80,2024-08-08,naive_forecast,3421.940009612621,0.0,3421.940009612621,1.394427190999916,1.1155417527999325,6,5
rte_80,2024-08-09,naive_forecast,3215.05489928167,0.0,3215.05489928167,1.2069271909999162,0.9655417527999327,6,4
rte_80,2024-08-10,naive_forecast,3308.5291572495985,0.0,3308.5291572495985,0.894427190999916,0.7155417527999327,4,3
rte_80,2024-08-11,naive_forecast,3819.372842649648,0.0,3819.372842649648,0.894427190999916,0.7155417527999327,4,3
rte_80,2024-08-12,naive_forecast,2373.986266043824,0.0,2373.986266043824,1.3416407864998738,1.073312629199899,6,5
rte_80,2024-08-13,naive_forecast,3336.6388192857003,0.0,3336.6388192857003,0.894427190999916,0.7155417527999327,4,3
rte_80,2024-08-14,naive_forecast,2524.0218076037263,0.0,2524.0218076037263,1.3416407864998738,1.073312629199899,6,5
rte_80,2024-08-15,naive_forecast,2666.4636296317685,0.0,2666.4636296317685,1.3416407864998738,1.073312629199899,6,5
rte_80,2024-08-16,naive_forecast,1958.6902168147078,0.0,1958.6902168147078,1.1972135954999579,0.9577708763999662,5,4
rte_80,2024-08-17,naive_forecast,3351.0084880517165,0.0,3351.0084880517165,0.894427190999916,0.7155417527999327,4,3
rte_80,2024-08-18,naive_forecast,4986.66937454655,0.0,4986.66937454655,1.1972135954999579,0.9577708763999662,5,4
rte_80,2024-08-19,naive_forecast,2298.4858516396603,0.0,2298.4858516396603,1.206927190999916,0.9655417527999327,6,4
rte_80,2024-08-20,naive_forecast,2938.0026046807125,0.0,2938.0026046807125,0.894427190999916,0.7155417527999327,4,3
rte_80,2024-08-21,naive_forecast,3165.04811883872,0.0,3165.04811883872,1.206927190999916,0.9655417527999327,6,4
rte_80,2024-08-22,naive_forecast,2136.9627325598176,0.0,2136.9627325598176,0.894427190999916,0.7155417527999327,4,3
rte_80,2024-08-23,naive_forecast,2502.1918561598495,0.0,2502.1918561598495,1.394427190999916,1.1155417527999325,6,5
rte_80,2024-08-24,naive_forecast,1339.4305379538212,0.0,1339.4305379538212,1.144427190999916,0.9155417527999327,5,4
rte_80,2024-08-25,naive_forecast,978.6943925769447,0.0,978.6943925769447,1.341640786499874,1.073312629199899,6,5
rte_80,2024-08-26,naive_forecast,3196.8741541257646,0.0,3196.8741541257646,0.894427190999916,0.7155417527999327,4,3
rte_80,2024-08-27,naive_forecast,3606.4626460246827,0.0,3606.4626460246827,0.894427190999916,0.7155417527999327,4,3
rte_80,2024-08-28,naive_forecast,2709.7282947917006,0.0,2709.7282947917006,1.394427190999916,1.1155417527999325,6,5
rte_80,2024-08-29,naive_forecast,2937.541338395767,0.0,2937.541338395767,0.894427190999916,0.7155417527999327,4,3
rte_80,2024-08-30,naive_forecast,14276.714059896227,0.0,14276.714059896227,0.894427190999916,0.7155417527999327,4,3
rte_80,2024-08-31,naive_forecast,-2065.863940193772,0.0,-2065.863940193772,1.644427190999916,1.3155417527999327,7,6
rte_80,2024-09-01,naive_forecast,3044.0751723469057,0.0,3044.0751723469057,0.894427190999916,0.7155417527999327,4,3
rte_80,2024-09-02,naive_forecast,3694.9152511876405,0.0,3694.9152511876405,1.3416407864998738,1.073312629199899,6,5
rte_80,2024-09-03,naive_forecast,3206.4115763647033,0.0,3206.4115763647033,0.894427190999916,0.7155417527999327,4,3
rte_80,2024-09-04,naive_forecast,3501.9391125406764,0.0,3501.9391125406764,0.894427190999916,0.7155417527999327,4,3
rte_80,2024-09-05,naive_forecast,4494.871945577701,0.0,4494.871945577701,1.341640786499874,1.0733126291998991,6,5
rte_80,2024-09-06,naive_forecast,4064.6954444476514,0.0,4064.6954444476514,1.341640786499874,1.073312629199899,6,5
rte_80,2024-09-07,naive_forecast,1771.898102013936,0.0,1771.898102013936,0.947213595499958,0.7577708763999662,4,4
rte_80,2024-09-08,naive_forecast,3042.7023114257386,0.0,3042.7023114257386,1.3416407864998738,1.073312629199899,6,5
rte_80,2024-09-09,naive_forecast,8950.073273396354,0.0,8950.073273396354,1.3416407864998738,1.073312629199899,6,5
rte_80,2024-09-10,naive_forecast,8980.695512711274,0.0,8980.695512711274,0.894427190999916,0.7155417527999327,4,3
rte_80,2024-09-11,naive_forecast,11692.627189070943,0.0,11692.627189070943,0.894427190999916,0.7155417527999327,4,3
rte_80,2024-09-12,naive_forecast,6800.249774526401,0.0,6800.249774526401,0.894427190999916,0.7155417527999327,4,3
rte_80,2024-09-13,naive_forecast,7506.774532951388,0.0,7506.774532951388,0.894427190999916,0.7155417527999327,4,3
rte_80,2024-09-14,naive_forecast,4044.996065571655,0.0,4044.996065571655,0.894427190999916,0.7155417527999327,4,3
rte_80,2024-09-15,naive_forecast,1277.4713936818048,0.0,1277.4713936818048,0.947213595499958,0.7577708763999663,4,4
rte_80,2024-09-16,naive_forecast,3847.6648026516627,0.0,3847.6648026516627,0.894427190999916,0.7155417527999327,4,3
rte_80,2024-09-17,naive_forecast,11760.338248153803,0.0,11760.338248153803,0.894427190999916,0.7155417527999327,4,3
rte_80,2024-09-18,naive_forecast,13910.989904323735,0.0,13910.989904323735,0.894427190999916,0.7155417527999327,4,3
rte_80,2024-09-19,naive_forecast,14077.471357138773,0.0,14077.471357138773,0.894427190999916,0.7155417527999327,4,3
rte_80,2024-09-20,naive_forecast,13232.728344783809,0.0,13232.728344783809,0.894427190999916,0.7155417527999327,4,3
rte_80,2024-09-21,naive_forecast,2083.3465314146592,0.0,2083.3465314146592,1.144427190999916,0.9155417527999327,5,4
rte_80,2024-09-22,naive_forecast,1585.1305725678783,0.0,1585.1305725678783,0.894427190999916,0.7155417527999327,4,3
rte_80,2024-09-23,naive_forecast,1914.5147858268817,0.0,1914.5147858268817,0.894427190999916,0.7155417527999327,4,3
rte_80,2024-09-24,naive_forecast,4335.208108261605,0.0,4335.208108261605,0.894427190999916,0.7155417527999327,4,3
rte_80,2024-09-25,naive_forecast,2144.6970837927943,0.0,2144.6970837927943,1.341640786499874,1.073312629199899,6,5
rte_80,2024-09-26,naive_forecast,4893.8659756715615,0.0,4893.8659756715615,0.894427190999916,0.7155417527999327,4,3
rte_80,2024-09-27,naive_forecast,3226.102863321634,0.0,3226.102863321634,0.894427190999916,0.7155417527999327,4,3
rte_80,2024-09-28,naive_forecast,-612.8361626839074,0.0,-612.8361626839074,0.894427190999916,0.7155417527999327,4,3
rte_80,2024-09-29,naive_forecast,724.1123532519512,0.0,724.1123532519512,0.9999999999999999,0.7999999999999998,4,4
rte_80,2024-09-30,naive_forecast,1545.5170114408506,0.0,1545.5170114408506,0.7597135954999581,0.6077708763999663,4,3
rte_80,2024-10-01,naive_forecast,5132.6560549945425,0.0,5132.6560549945425,0.894427190999916,0.7155417527999327,4,3
rte_80,2024-10-02,naive_forecast,5321.504968027535,0.0,5321.504968027535,0.894427190999916,0.7155417527999327,4,3
rte_80,2024-10-03,naive_forecast,1746.2747060216586,0.0,1746.2747060216586,0.947213595499958,0.7577708763999662,4,4
rte_80,2024-10-04,naive_forecast,4126.029485118628,0.0,4126.029485118628,1.394427190999916,1.1155417527999325,6,5
rte_80,2024-10-05,naive_forecast,-1673.6287784239807,0.0,-1673.6287784239807,1.394427190999916,1.1155417527999325,6,5
rte_80,2024-10-06,naive_forecast,4428.561593189487,0.0,4428.561593189487,1.144427190999916,0.9155417527999327,5,5
rte_80,2024-10-07,naive_forecast,-411.7875429058868,0.0,-411.7875429058868,1.341640786499874,1.073312629199899,6,5
rte_80,2024-10-08,naive_forecast,2617.9379741348316,0.0,2617.9379741348316,0.894427190999916,0.7155417527999327,4,3
rte_80,2024-10-09,naive_forecast,4178.699205805724,0.0,4178.699205805724,1.394427190999916,1.1155417527999325,6,5
rte_80,2024-10-10,naive_forecast,8800.09394259424,0.0,8800.09394259424,1.341640786499874,1.0733126291998991,6,5
rte_80,2024-10-11,naive_forecast,11913.031588860042,0.0,11913.031588860042,1.3416407864998738,1.073312629199899,6,5
rte_80,2024-10-12,naive_forecast,8331.405674722188,0.0,8331.405674722188,1.341640786499874,1.073312629199899,6,5
rte_80,2024-10-13,naive_forecast,9019.337852021155,0.0,9019.337852021155,0.894427190999916,0.7155417527999327,4,4
rte_80,2024-10-14,naive_forecast,3191.4132839734675,0.0,3191.4132839734675,1.144427190999916,0.9155417527999327,5,5
rte_80,2024-10-15,naive_forecast,5756.871531173535,0.0,5756.871531173535,1.341640786499874,1.073312629199899,6,5
rte_80,2024-10-16,naive_forecast,2538.692425362771,0.0,2538.692425362771,1.341640786499874,1.0733126291998991,6,5
rte_80,2024-10-17,naive_forecast,4534.126465069262,0.0,4534.126465069262,0.894427190999916,0.7155417527999327,4,3
rte_80,2024-10-18,naive_forecast,5959.315976153804,0.0,5959.315976153804,1.341640786499874,1.073312629199899,6,5
rte_80,2024-10-19,naive_forecast,2023.7001894128098,0.0,2023.7001894128098,0.894427190999916,0.7155417527999327,4,3
rte_80,2024-10-20,naive_forecast,3878.2139916326078,0.0,3878.2139916326078,0.894427190999916,0.7155417527999327,4,3
rte_80,2024-10-21,naive_forecast,4196.79513388565,0.0,4196.79513388565,1.144427190999916,0.9155417527999326,5,5
rte_80,2024-10-22,naive_forecast,2988.0184606498187,0.0,2988.0184606498187,1.788854381999832,1.4310835055998654,8,6
rte_80,2024-10-23,naive_forecast,2269.3825739138592,0.0,2269.3825739138592,1.341640786499874,1.0733126291998991,6,5
rte_80,2024-10-24,naive_forecast,3730.9570905227083,0.0,3730.9570905227083,0.894427190999916,0.7155417527999327,4,3
rte_80,2024-10-25,naive_forecast,3172.2132676309284,0.0,3172.2132676309284,1.341640786499874,1.073312629199899,6,5
rte_80,2024-10-26,naive_forecast,257.1714282958584,0.0,257.1714282958584,1.1972135954999579,0.9577708763999662,5,4
rte_80,2024-10-27,naive_forecast,2108.678864476868,0.0,2108.678864476868,1.3416407864998738,1.073312629199899,6,5
rte_80,2024-10-28,naive_forecast,1193.6960319220873,0.0,1193.6960319220873,1.144427190999916,0.9155417527999326,5,5
rte_80,2024-10-29,naive_forecast,2796.259350991857,0.0,2796.259350991857,1.341640786499874,1.073312629199899,6,5
rte_80,2024-10-30,naive_forecast,2195.71530310872,0.0,2195.71530310872,0.894427190999916,0.7155417527999327,4,3
rte_80,2024-10-31,naive_forecast,2988.0769664908053,0.0,2988.0769664908053,1.341640786499874,1.073312629199899,6,5
rte_80,2024-11-01,naive_forecast,76.1148896690429,0.0,76.1148896690429,1.5194271909999162,1.2155417527999326,7,5
rte_80,2024-11-02,naive_forecast,-1234.5374222389403,0.0,-1234.5374222389403,0.894427190999916,0.7155417527999327,4,3
rte_80,2024-11-03,naive_forecast,-639.5000000000006,0.0,-639.5000000000006,0.25,0.19999999999999996,1,1
rte_80,2024-11-04,naive_forecast,5808.329190899166,0.0,5808.329190899166,1.144427190999916,0.9155417527999326,5,5
rte_80,2024-11-05,naive_forecast,4404.095513675761,0.0,4404.095513675761,1.144427190999916,0.9155417527999326,5,5
rte_80,2024-11-06,naive_forecast,5434.122307578539,0.0,5434.122307578539,1.341640786499874,1.0733126291998991,6,5
rte_80,2024-11-07,naive_forecast,7941.481675877421,0.0,7941.481675877421,1.788854381999832,1.4310835055998654,8,6
rte_80,2024-11-08,naive_forecast,6038.47097927764,0.0,6038.47097927764,1.341640786499874,1.0733126291998991,6,5
rte_80,2024-11-09,naive_forecast,3309.0964972828483,0.0,3309.0964972828483,1.7888543819998317,1.4310835055998654,8,6
rte_80,2024-11-10,naive_forecast,2336.817287629921,0.0,2336.817287629921,1.144427190999916,0.9155417527999327,5,5
rte_80,2024-11-11,naive_forecast,2147.309937984046,0.0,2147.309937984046,1.341640786499874,1.073312629199899,6,5
rte_80,2024-11-12,naive_forecast,6799.424568047684,0.0,6799.424568047684,1.788854381999832,1.4310835055998654,8,6
rte_80,2024-11-13,naive_forecast,8680.799291376374,0.0,8680.799291376374,1.341640786499874,1.073312629199899,6,5
rte_80,2024-11-14,naive_forecast,5669.189561076649,0.0,5669.189561076649,1.341640786499874,1.0733126291998991,6,5
rte_80,2024-11-15,naive_forecast,1203.130331233984,0.0,1203.130331233984,1.341640786499874,1.073312629199899,6,5
rte_80,2024-11-16,naive_forecast,-538.6575395409299,0.0,-538.6575395409299,0.894427190999916,0.7155417527999327,4,3
rte_80,2024-11-17,naive_forecast,3008.1487918838034,0.0,3008.1487918838034,1.144427190999916,0.9155417527999327,5,5
rte_80,2024-11-18,naive_forecast,3189.273153211652,0.0,3189.273153211652,1.144427190999916,0.9155417527999327,5,5
rte_80,2024-11-19,naive_forecast,5549.447532328769,0.0,5549.447532328769,1.788854381999832,1.4310835055998654,8,6
rte_80,2024-11-20,naive_forecast,5891.191113886655,0.0,5891.191113886655,1.788854381999832,1.4310835055998654,8,6
rte_80,2024-11-21,naive_forecast,7564.334350268488,0.0,7564.334350268488,1.788854381999832,1.4310835055998654,8,6
rte_80,2024-11-22,naive_forecast,3214.197980864743,0.0,3214.197980864743,1.788854381999832,1.4310835055998654,8,6
rte_80,2024-11-23,naive_forecast,2366.2289505297585,0.0,2366.2289505297585,1.341640786499874,1.073312629199899,6,5
rte_80,2024-11-24,naive_forecast,3675.963215227603,0.0,3675.963215227603,1.144427190999916,0.9155417527999327,5,5
rte_80,2024-11-25,naive_forecast,8816.975947305178,0.0,8816.975947305178,1.144427190999916,0.9155417527999327,5,5
rte_80,2024-11-26,naive_forecast,4612.813854140876,0.0,4612.813854140876,1.788854381999832,1.4310835055998654,8,6
rte_80,2024-11-27,naive_forecast,3716.8292091706794,0.0,3716.8292091706794,1.788854381999832,1.4310835055998654,8,6
rte_80,2024-11-28,naive_forecast,5686.60229411871,0.0,5686.60229411871,1.788854381999832,1.4310835055998654,8,6
rte_80,2024-11-29,naive_forecast,2839.706487187975,0.0,2839.706487187975,1.788854381999832,1.4310835055998654,8,6
rte_80,2024-11-30,naive_forecast,2043.593719531859,0.0,2043.593719531859,1.144427190999916,0.9155417527999326,5,5
rte_80,2024-12-01,naive_forecast,9118.125032926202,0.0,9118.125032926202,1.072213595499958,0.8577708763999663,5,4
rte_80,2024-12-02,naive_forecast,5814.078483963393,0.0,5814.078483963393,1.654140786499874,1.323312629199899,7,6
rte_80,2024-12-03,naive_forecast,5260.762939279654,0.0,5260.762939279654,1.894427190999916,1.5155417527999326,8,7
rte_80,2024-12-04,naive_forecast,6065.803225804715,0.0,6065.803225804715,1.519427190999916,1.2155417527999326,7,5
rte_80,2024-12-05,naive_forecast,3829.551638862898,0.0,3829.551638862898,1.5194271909999162,1.2155417527999326,7,5
rte_80,2024-12-06,naive_forecast,4759.472532087648,0.0,4759.472532087648,1.591640786499874,1.2733126291998988,7,6
rte_80,2024-12-07,naive_forecast,1664.0890611018358,0.0,1664.0890611018358,1.788854381999832,1.4310835055998654,8,6
rte_80,2024-12-08,naive_forecast,6087.728121721432,0.0,6087.728121721432,0.894427190999916,0.7155417527999327,4,4
rte_80,2024-12-09,naive_forecast,3517.8406480436574,0.0,3517.8406480436574,1.3416407864998738,1.0733126291998991,6,5
rte_80,2024-12-10,naive_forecast,4863.956193450758,0.0,4863.956193450758,1.788854381999832,1.4310835055998654,8,6
rte_80,2024-12-11,naive_forecast,6489.1798298124395,0.0,6489.1798298124395,1.788854381999832,1.4310835055998654,8,6
rte_80,2024-12-12,naive_forecast,6628.270202390393,0.0,6628.270202390393,1.788854381999832,1.4310835055998654,8,6
rte_80,2024-12-13,naive_forecast,5685.904381517588,0.0,5685.904381517588,1.788854381999832,1.4310835055998652,8,6
rte_80,2024-12-14,naive_forecast,3934.8170462960275,0.0,3934.8170462960275,1.788854381999832,1.4310835055998654,8,6
rte_80,2024-12-15,naive_forecast,2931.8841608556772,0.0,2931.8841608556772,1.519427190999916,1.2155417527999326,7,5
rte_80,2024-12-16,naive_forecast,3200.2459449047083,0.0,3200.2459449047083,1.341640786499874,1.073312629199899,6,5
rte_80,2024-12-17,naive_forecast,4782.46599297859,0.0,4782.46599297859,1.788854381999832,1.4310835055998654,8,6
rte_80,2024-12-18,naive_forecast,4979.328881301651,0.0,4979.328881301651,1.788854381999832,1.4310835055998654,8,6
rte_80,2024-12-19,naive_forecast,9507.821841253293,0.0,9507.821841253293,1.788854381999832,1.4310835055998654,8,6
rte_80,2024-12-20,naive_forecast,4536.38084803358,0.0,4536.38084803358,1.788854381999832,1.4310835055998654,8,6
rte_80,2024-12-21,naive_forecast,-450.7721013409469,0.0,-450.7721013409469,1.591640786499874,1.273312629199899,7,6
rte_80,2024-12-22,naive_forecast,3559.621497041723,0.0,3559.621497041723,1.144427190999916,0.9155417527999326,5,5
rte_80,2024-12-23,naive_forecast,2923.756400170596,0.0,2923.756400170596,1.3416407864998738,1.073312629199899,6,5
rte_80,2024-12-24,naive_forecast,6532.377086675505,0.0,6532.377086675505,1.788854381999832,1.4310835055998654,8,6
rte_80,2024-12-25,naive_forecast,5893.469339932498,0.0,5893.469339932498,1.788854381999832,1.4310835055998654,8,6
rte_80,2024-12-26,naive_forecast,3604.770461995799,0.0,3604.770461995799,1.788854381999832,1.4310835055998654,8,6
rte_80,2024-12-27,naive_forecast,650.9878188538277,0.0,650.9878188538277,1.788854381999832,1.4310835055998652,8,6
rte_80,2024-12-28,naive_forecast,3502.822515262864,0.0,3502.822515262864,1.591640786499874,1.273312629199899,7,6
rte_80,2024-12-29,naive_forecast,4099.298808708587,0.0,4099.298808708587,1.3416407864998738,1.073312629199899,6,5
rte_80,2024-12-30,naive_forecast,6227.585782411551,0.0,6227.585782411551,1.144427190999916,0.9155417527999327,5,5
rte_80,2024-12-31,naive_forecast,6178.360247099318,0.0,6178.360247099318,1.144427190999916,0.9155417527999328,5,5
rte_80,2025-01-01,naive_forecast,8975.835402139197,0.0,8975.835402139197,1.25,0.9999999999999998,5,6
rte_80,2025-01-02,naive_forecast,7886.633573381243,0.0,7886.633573381243,0.894427190999916,0.7155417527999327,4,4
rte_80,2025-01-03,naive_forecast,4758.591303781713,0.0,4758.591303781713,1.904140786499874,1.523312629199899,9,7
rte_80,2025-01-04,naive_forecast,4524.31890870355,0.0,4524.31890870355,1.322213595499958,1.0577708763999665,6,5
rte_80,2025-01-05,naive_forecast,2672.5385606447803,0.0,2672.5385606447803,1.5916407864998738,1.273312629199899,7,6
rte_80,2025-01-06,naive_forecast,1206.2908898597916,0.0,1206.2908898597916,1.5916407864998738,1.273312629199899,7,6
rte_80,2025-01-07,naive_forecast,-181.43322916967674,0.0,-181.43322916967674,1.2069271909999162,0.9655417527999327,6,4
rte_80,2025-01-08,naive_forecast,4567.731159077824,0.0,4567.731159077824,1.5916407864998738,1.273312629199899,7,6
rte_80,2025-01-09,naive_forecast,5997.848325558556,0.0,5997.848325558556,1.591640786499874,1.273312629199899,7,6
rte_80,2025-01-10,naive_forecast,4918.528501511542,0.0,4918.528501511542,1.788854381999832,1.4310835055998654,8,6
rte_80,2025-01-11,naive_forecast,1764.8522599869007,0.0,1764.8522599869007,1.788854381999832,1.4310835055998654,8,6
rte_80,2025-01-12,naive_forecast,1251.163664245822,0.0,1251.163664245822,1.144427190999916,0.9155417527999327,5,5
rte_80,2025-01-13,naive_forecast,4033.9700822056893,0.0,4033.9700822056893,1.144427190999916,0.9155417527999326,5,5
rte_80,2025-01-14,naive_forecast,4194.930123549657,0.0,4194.930123549657,1.341640786499874,1.073312629199899,6,5
rte_80,2025-01-15,naive_forecast,3508.9051237907793,0.0,3508.9051237907793,1.788854381999832,1.4310835055998654,8,6
rte_80,2025-01-16,naive_forecast,6341.102207583574,0.0,6341.102207583574,1.788854381999832,1.4310835055998654,8,6
rte_80,2025-01-17,naive_forecast,4616.617822218789,0.0,4616.617822218789,1.788854381999832,1.4310835055998654,8,6
rte_80,2025-01-18,naive_forecast,4299.662197970948,0.0,4299.662197970948,1.788854381999832,1.4310835055998654,8,6
rte_80,2025-01-19,naive_forecast,2852.51159367173,0.0,2852.51159367173,0.894427190999916,0.7155417527999326,4,4
rte_80,2025-01-20,naive_forecast,3759.4276736677007,0.0,3759.4276736677007,1.144427190999916,0.9155417527999326,5,5
rte_80,2025-01-21,naive_forecast,4734.351517713709,0.0,4734.351517713709,1.591640786499874,1.273312629199899,7,6
rte_80,2025-01-22,naive_forecast,6639.107435216521,0.0,6639.107435216521,1.788854381999832,1.4310835055998654,8,6
rte_80,2025-01-23,naive_forecast,8494.746099703467,0.0,8494.746099703467,1.591640786499874,1.273312629199899,7,6
rte_80,2025-01-24,naive_forecast,4130.018701983711,0.0,4130.018701983711,1.788854381999832,1.4310835055998654,8,6
rte_80,2025-01-25,naive_forecast,8759.33850775921,0.0,8759.33850775921,1.788854381999832,1.4310835055998654,8,6
rte_80,2025-01-26,naive_forecast,8690.248135181257,0.0,8690.248135181257,1.341640786499874,1.0733126291998991,6,5
rte_80,2025-01-27,naive_forecast,1086.3515177137072,0.0,1086.3515177137072,1.394427190999916,1.1155417527999325,6,6
rte_80,2025-01-28,naive_forecast,3448.2382673898046,0.0,3448.2382673898046,1.788854381999832,1.4310835055998654,8,6
rte_80,2025-01-29,naive_forecast,3861.2877842397756,0.0,3861.2877842397756,1.788854381999832,1.4310835055998654,8,6
rte_80,2025-01-30,naive_forecast,6454.446548721683,0.0,6454.446548721683,1.788854381999832,1.4310835055998652,8,6
rte_80,2025-01-31,naive_forecast,4230.59730781966,0.0,4230.59730781966,1.788854381999832,1.4310835055998654,8,6
rte_80,2025-02-01,naive_forecast,1534.8603519059664,0.0,1534.8603519059664,1.788854381999832,1.4310835055998654,8,6
rte_80,2025-02-02,naive_forecast,147.52819191402676,0.0,147.52819191402676,1.144427190999916,0.9155417527999327,5,5
rte_80,2025-02-03,naive_forecast,424.50866112198685,0.0,424.50866112198685,0.894427190999916,0.7155417527999327,4,3
rte_80,2025-02-04,naive_forecast,4703.684333443705,0.0,4703.684333443705,1.788854381999832,1.4310835055998654,8,6
rte_80,2025-02-05,naive_forecast,6410.3312446484715,0.0,6410.3312446484715,1.788854381999832,1.4310835055998654,8,6
rte_80,2025-02-06,naive_forecast,8086.400533624376,0.0,8086.400533624376,1.788854381999832,1.4310835055998654,8,6
rte_80,2025-02-07,naive_forecast,3925.2976703027393,0.0,3925.2976703027393,1.788854381999832,1.4310835055998654,8,6
rte_80,2025-02-08,naive_forecast,3636.671341760724,0.0,3636.671341760724,1.591640786499874,1.2733126291998988,7,6
rte_80,2025-02-09,naive_forecast,2900.0778635627557,0.0,2900.0778635627557,1.341640786499874,1.0733126291998991,6,5
rte_80,2025-02-10,naive_forecast,4284.725844909744,0.0,4284.725844909744,1.144427190999916,0.9155417527999327,5,5
rte_80,2025-02-11,naive_forecast,4406.889354356812,0.0,4406.889354356812,1.788854381999832,1.4310835055998654,8,6
rte_80,2025-02-12,naive_forecast,2074.987336186045,0.0,2074.987336186045,1.322213595499958,1.0577708763999663,6,5
rte_80,2025-02-13,naive_forecast,4449.806659293759,0.0,4449.806659293759,1.788854381999832,1.4310835055998654,8,6
rte_80,2025-02-14,naive_forecast,8085.695184842244,0.0,8085.695184842244,1.788854381999832,1.4310835055998654,8,6
rte_80,2025-02-15,naive_forecast,4481.512249409788,0.0,4481.512249409788,1.4472135954999579,1.1577708763999663,6,6
rte_80,2025-02-16,naive_forecast,3869.5040709555865,0.0,3869.5040709555865,0.894427190999916,0.7155417527999327,4,4
rte_80,2025-02-17,naive_forecast,3720.400378825622,0.0,3720.400378825622,1.5916407864998738,1.273312629199899,7,6
rte_80,2025-02-18,naive_forecast,6412.286714097553,0.0,6412.286714097553,1.591640786499874,1.273312629199899,7,6
rte_80,2025-02-19,naive_forecast,8039.742666214419,0.0,8039.742666214419,1.591640786499874,1.273312629199899,7,6
rte_80,2025-02-20,naive_forecast,7092.061593189485,0.0,7092.061593189485,1.788854381999832,1.4310835055998654,8,6
rte_80,2025-02-21,naive_forecast,6540.991648475522,0.0,6540.991648475522,1.788854381999832,1.4310835055998654,8,6
rte_80,2025-02-22,naive_forecast,6233.537076098393,0.0,6233.537076098393,1.591640786499874,1.2733126291998988,7,6
rte_80,2025-02-23,naive_forecast,5346.68428104038,0.0,5346.68428104038,1.322213595499958,1.0577708763999663,6,5
rte_80,2025-02-24,naive_forecast,6662.707780392575,0.0,6662.707780392575,1.341640786499874,1.073312629199899,6,5
rte_80,2025-02-25,naive_forecast,9195.187662126094,0.0,9195.187662126094,1.341640786499874,1.073312629199899,6,5
rte_80,2025-02-26,naive_forecast,7348.442372959446,0.0,7348.442372959446,1.591640786499874,1.273312629199899,7,6
rte_80,2025-02-27,naive_forecast,8906.449963939212,0.0,8906.449963939212,1.3222135954999579,1.0577708763999663,6,5
rte_80,2025-02-28,naive_forecast,3301.0899581737876,0.0,3301.0899581737876,0.894427190999916,0.7155417527999327,4,4
rte_80,2025-03-01,naive_forecast,9149.213076289141,0.0,9149.213076289141,1.144427190999916,0.9155417527999328,5,5
rte_80,2025-03-02,naive_forecast,6512.80845343766,0.0,6512.80845343766,1.144427190999916,0.9155417527999327,5,5
rte_80,2025-03-03,naive_forecast,-4857.839992305603,0.0,-4857.839992305603,1.341640786499874,1.073312629199899,6,5
rte_80,2025-03-04,naive_forecast,2338.7609903369976,0.0,2338.7609903369976,0.894427190999916,0.7155417527999327,4,3
rte_80,2025-03-05,naive_forecast,3372.792529204935,0.0,3372.792529204935,1.788854381999832,1.4310835055998654,8,6
rte_80,2025-03-06,naive_forecast,3175.357747225249,0.0,3175.357747225249,1.644427190999916,1.3155417527999327,7,6
rte_80,2025-03-07,naive_forecast,8428.871549445048,0.0,8428.871549445048,1.7888543819998317,1.4310835055998654,8,6
rte_80,2025-03-08,naive_forecast,3969.3146646776895,0.0,3969.3146646776895,1.788854381999832,1.4310835055998652,8,6
rte_80,2025-03-09,naive_forecast,9821.886713133066,0.0,9821.886713133066,1.144427190999916,0.9155417527999327,5,5
rte_80,2025-03-10,naive_forecast,4889.302966199309,0.0,4889.302966199309,1.394427190999916,1.1155417527999325,6,6
rte_80,2025-03-11,naive_forecast,4667.584644005707,0.0,4667.584644005707,1.788854381999832,1.4310835055998652,8,6
rte_80,2025-03-12,naive_forecast,4179.469185133739,0.0,4179.469185133739,1.341640786499874,1.073312629199899,6,5
rte_80,2025-03-13,naive_forecast,3684.111041775837,0.0,3684.111041775837,1.341640786499874,1.0733126291998991,6,5
rte_80,2025-03-14,naive_forecast,9937.86317964906,0.0,9937.86317964906,1.394427190999916,1.1155417527999325,6,6
rte_80,2025-03-15,naive_forecast,885.8720321128337,0.0,885.8720321128337,1.591640786499874,1.273312629199899,7,6
rte_80,2025-03-16,naive_forecast,-1128.671428295864,0.0,-1128.671428295864,1.144427190999916,0.9155417527999327,5,5
rte_80,2025-03-17,naive_forecast,3660.2973424337156,0.0,3660.2973424337156,0.894427190999916,0.7155417527999327,4,3
rte_80,2025-03-18,naive_forecast,6456.330434111657,0.0,6456.330434111657,1.788854381999832,1.4310835055998654,8,6
rte_80,2025-03-19,naive_forecast,5761.800448053728,0.0,5761.800448053728,1.788854381999832,1.4310835055998654,8,6
rte_80,2025-03-20,naive_forecast,6644.030555260848,0.0,6644.030555260848,1.788854381999832,1.4310835055998654,8,6
rte_80,2025-03-21,naive_forecast,8069.3637671234965,0.0,8069.3637671234965,1.341640786499874,1.0733126291998991,6,5
rte_80,2025-03-22,naive_forecast,8309.859591361259,0.0,8309.859591361259,0.894427190999916,0.7155417527999326,4,4
rte_80,2025-03-23,naive_forecast,7137.3605749683475,0.0,7137.3605749683475,1.341640786499874,1.0733126291998991,6,5
rte_80,2025-03-24,naive_forecast,-72.63654247401786,0.0,-72.63654247401786,1.144427190999916,0.9155417527999328,5,5
rte_80,2025-03-25,naive_forecast,3150.741131675929,0.0,3150.741131675929,1.5916407864998738,1.273312629199899,7,6
rte_80,2025-03-26,naive_forecast,7846.874463723279,0.0,7846.874463723279,1.591640786499874,1.273312629199899,7,6
rte_80,2025-03-27,naive_forecast,971.9840574957585,0.0,971.9840574957585,1.841640786499874,1.473312629199899,8,7
rte_80,2025-03-28,naive_forecast,1082.1046757370484,0.0,1082.1046757370484,1.341640786499874,1.073312629199899,6,5
rte_80,2025-03-29,naive_forecast,3170.8338164029874,0.0,3170.8338164029874,1.206927190999916,0.9655417527999327,6,4
rte_80,2025-03-30,naive_forecast,8562.602931585256,0.0,8562.602931585256,1.144427190999916,0.9155417527999326,5,5
rte_80,2025-03-31,naive_forecast,1556.4667352517833,0.0,1556.4667352517833,1.144427190999916,0.9155417527999326,5,5
rte_80,2024-04-01,lear_forecast,9475.979622128116,0.0,9475.979622128116,1.341640786499874,1.0733126291998991,6,5
rte_80,2024-04-02,lear_forecast,9984.946858319197,0.0,9984.946858319197,1.341640786499874,1.073312629199899,6,5
rte_80,2024-04-03,lear_forecast,152.56856497422567,0.0,152.56856497422567,1.341640786499874,1.073312629199899,6,5
rte_80,2024-04-04,lear_forecast,2875.567890964653,0.0,2875.567890964653,1.341640786499874,1.073312629199899,6,5
rte_80,2024-04-05,lear_forecast,2452.463629631767,0.0,2452.463629631767,1.144427190999916,0.9155417527999326,5,5
rte_80,2024-04-06,lear_forecast,6132.948584199478,0.0,6132.948584199478,1.144427190999916,0.9155417527999326,5,5
rte_80,2024-04-07,lear_forecast,8533.863594053226,0.0,8533.863594053226,1.144427190999916,0.9155417527999327,5,5
rte_80,2024-04-08,lear_forecast,830.4396134799767,0.0,830.4396134799767,1.341640786499874,1.0733126291998991,6,5
rte_80,2024-04-09,lear_forecast,2483.216614584836,0.0,2483.216614584836,1.341640786499874,1.0733126291998991,6,5
rte_80,2024-04-10,lear_forecast,10888.889163015026,0.0,10888.889163015026,1.341640786499874,1.073312629199899,6,5
rte_80,2024-04-11,lear_forecast,6939.342770056585,0.0,6939.342770056585,1.341640786499874,1.0733126291998991,6,5
rte_80,2024-04-12,lear_forecast,7650.216200180672,0.0,7650.216200180672,1.341640786499874,1.073312629199899,6,5
rte_80,2024-04-13,lear_forecast,8671.222393149188,0.0,8671.222393149188,1.144427190999916,0.9155417527999326,5,5
rte_80,2024-04-14,lear_forecast,7603.5454264172595,0.0,7603.5454264172595,1.456927190999916,1.1655417527999326,7,6
rte_80,2024-04-15,lear_forecast,8404.562576796574,0.0,8404.562576796574,1.341640786499874,1.0733126291998991,6,5
rte_80,2024-04-16,lear_forecast,2331.3689264928194,0.0,2331.3689264928194,1.341640786499874,1.073312629199899,6,5
rte_80,2024-04-17,lear_forecast,8724.734487760219,0.0,8724.734487760219,1.341640786499874,1.0733126291998991,6,5
rte_80,2024-04-18,lear_forecast,5540.580796112499,0.0,5540.580796112499,1.341640786499874,1.073312629199899,6,5
rte_80,2024-04-19,lear_forecast,7963.295202149271,0.0,7963.295202149271,1.144427190999916,0.9155417527999326,5,5
rte_80,2024-04-20,lear_forecast,7502.308521701282,0.0,7502.308521701282,0.894427190999916,0.7155417527999326,4,4
rte_80,2024-04-21,lear_forecast,1970.858505358743,0.0,1970.858505358743,1.1777864045000421,0.9422291236000335,5,5
rte_80,2024-04-22,lear_forecast,319.6550896589696,0.0,319.6550896589696,1.341640786499874,1.0733126291998991,6,5
rte_80,2024-04-23,lear_forecast,326.4445997790277,0.0,326.4445997790277,1.341640786499874,1.073312629199899,6,5
rte_80,2024-04-24,lear_forecast,570.3223604641074,0.0,570.3223604641074,1.144427190999916,0.9155417527999326,5,5
rte_80,2024-04-25,lear_forecast,9176.009038983124,0.0,9176.009038983124,1.341640786499874,1.073312629199899,6,5
rte_80,2024-04-26,lear_forecast,3800.640613429602,0.0,3800.640613429602,1.144427190999916,0.9155417527999326,5,5
rte_80,2024-04-27,lear_forecast,5271.300689387624,0.0,5271.300689387624,0.894427190999916,0.7155417527999326,4,4
rte_80,2024-04-28,lear_forecast,8571.667320797245,0.0,8571.667320797245,1.144427190999916,0.9155417527999326,5,5
rte_80,2024-04-29,lear_forecast,5702.67574058534,0.0,5702.67574058534,1.341640786499874,1.0733126291998991,6,5
rte_80,2024-04-30,lear_forecast,884.9411662899813,0.0,884.9411662899813,1.144427190999916,0.9155417527999327,5,5
rte_80,2024-05-01,lear_forecast,-1475.0788471698436,0.0,-1475.0788471698436,1.341640786499874,1.0733126291998991,6,5
rte_80,2024-05-02,lear_forecast,9753.838749093104,0.0,9753.838749093104,1.144427190999916,0.9155417527999326,5,5
rte_80,2024-05-03,lear_forecast,8644.975050233228,0.0,8644.975050233228,1.144427190999916,0.9155417527999326,5,5
rte_80,2024-05-04,lear_forecast,8206.02922551322,0.0,8206.02922551322,1.394427190999916,1.1155417527999325,6,6
rte_80,2024-05-05,lear_forecast,8182.979708663251,0.0,8182.979708663251,2.25,1.7999999999999996,9,9
rte_80,2024-05-06,lear_forecast,916.8541406659378,0.0,916.8541406659378,1.341640786499874,1.0733126291998991,6,5
rte_80,2024-05-07,lear_forecast,2344.977035718915,0.0,2344.977035718915,1.341640786499874,1.0733126291998991,6,5
rte_80,2024-05-08,lear_forecast,3257.008661121988,0.0,3257.008661121988,1.341640786499874,1.073312629199899,6,5
rte_80,2024-05-09,lear_forecast,9348.863024850305,0.0,9348.863024850305,1.341640786499874,1.073312629199899,6,5
rte_80,2024-05-10,lear_forecast,9167.377810677188,0.0,9167.377810677188,1.144427190999916,0.9155417527999326,5,5
rte_80,2024-05-11,lear_forecast,9317.767251569137,0.0,9317.767251569137,1.144427190999916,0.9155417527999326,5,5
rte_80,2024-05-12,lear_forecast,2925.8075734316153,0.0,2925.8075734316153,1.8125,1.4499999999999997,8,8
rte_80,2024-05-13,lear_forecast,1930.9296408818718,0.0,1930.9296408818718,1.341640786499874,1.073312629199899,6,5
rte_80,2024-05-14,lear_forecast,10542.600395168161,0.0,10542.600395168161,1.341640786499874,1.073312629199899,6,5
rte_80,2024-05-15,lear_forecast,10268.537472231046,0.0,10268.537472231046,1.341640786499874,1.0733126291998991,6,5
rte_80,2024-05-16,lear_forecast,8472.839095233647,0.0,8472.839095233647,1.144427190999916,0.9155417527999326,5,5
rte_80,2024-05-17,lear_forecast,10546.221978745023,0.0,10546.221978745023,1.144427190999916,0.9155417527999326,5,5
rte_80,2024-05-18,lear_forecast,8195.319874039122,0.0,8195.319874039122,1.072213595499958,0.8577708763999663,5,4
rte_80,2024-05-19,lear_forecast,6483.751896539331,0.0,6483.751896539331,1.706927190999916,1.3655417527999325,7,7
rte_80,2024-05-20,lear_forecast,6649.2070563908965,0.0,6649.2070563908965,1.341640786499874,1.073312629199899,6,5
rte_80,2024-05-21,lear_forecast,10474.079880769033,0.0,10474.079880769033,1.341640786499874,1.0733126291998991,6,5
rte_80,2024-05-22,lear_forecast,8420.883056581644,0.0,8420.883056581644,1.341640786499874,1.073312629199899,6,5
rte_80,2024-05-23,lear_forecast,3816.410592757617,0.0,3816.410592757617,1.341640786499874,1.073312629199899,6,5
rte_80,2024-05-24,lear_forecast,7199.233194555619,0.0,7199.233194555619,1.341640786499874,1.073312629199899,6,5
rte_80,2024-05-25,lear_forecast,7833.408211139283,0.0,7833.408211139283,1.341640786499874,1.073312629199899,6,5
rte_80,2024-05-26,lear_forecast,9158.851171573166,0.0,9158.851171573166,1.644427190999916,1.3155417527999325,7,7
rte_80,2024-05-27,lear_forecast,1962.2782260458375,0.0,1962.2782260458375,1.341640786499874,1.073312629199899,6,5
rte_80,2024-05-28,lear_forecast,-1447.2006903521137,0.0,-1447.2006903521137,1.341640786499874,1.073312629199899,6,5
rte_80,2024-05-29,lear_forecast,6639.5150612925845,0.0,6639.5150612925845,1.206927190999916,0.9655417527999327,6,4
rte_80,2024-05-30,lear_forecast,2452.3137676057395,0.0,2452.3137676057395,1.341640786499874,1.073312629199899,6,5
rte_80,2024-05-31,lear_forecast,-1808.699861543784,0.0,-1808.699861543784,1.341640786499874,1.0733126291998991,6,5
rte_80,2024-06-01,lear_forecast,6682.059867309208,0.0,6682.059867309208,1.144427190999916,0.9155417527999326,5,5
rte_80,2024-06-02,lear_forecast,8032.154656983291,0.0,8032.154656983291,1.144427190999916,0.9155417527999327,5,5
rte_80,2024-06-03,lear_forecast,8649.215043503315,0.0,8649.215043503315,1.341640786499874,1.0733126291998991,6,5
rte_80,2024-06-04,lear_forecast,7366.584798804465,0.0,7366.584798804465,1.341640786499874,1.0733126291998991,6,5
rte_80,2024-06-05,lear_forecast,9356.163559439172,0.0,9356.163559439172,1.144427190999916,0.9155417527999326,5,5
rte_80,2024-06-06,lear_forecast,2375.5475496357967,0.0,2375.5475496357967,1.144427190999916,0.9155417527999327,5,5
rte_80,2024-06-07,lear_forecast,2132.7042786399115,0.0,2132.7042786399115,1.144427190999916,0.9155417527999326,5,5
rte_80,2024-06-08,lear_forecast,8754.844063261186,0.0,8754.844063261186,0.894427190999916,0.7155417527999326,4,4
rte_80,2024-06-09,lear_forecast,740.1461006679531,0.0,740.1461006679531,0.894427190999916,0.7155417527999327,4,4
rte_80,2024-06-10,lear_forecast,3476.9427190999913,0.0,3476.9427190999913,1.206927190999916,0.9655417527999327,6,4
rte_80,2024-06-11,lear_forecast,8077.836230947525,0.0,8077.836230947525,1.144427190999916,0.9155417527999326,5,5
rte_80,2024-06-12,lear_forecast,5539.68833613567,0.0,5539.68833613567,1.341640786499874,1.073312629199899,6,5
rte_80,2024-06-13,lear_forecast,5675.47898466157,0.0,5675.47898466157,1.341640786499874,1.073312629199899,6,5
rte_80,2024-06-14,lear_forecast,6464.962904424482,0.0,6464.962904424482,1.206927190999916,0.9655417527999327,6,4
rte_80,2024-06-15,lear_forecast,4430.537162633531,0.0,4430.537162633531,1.341640786499874,1.073312629199899,6,5
rte_80,2024-06-16,lear_forecast,12454.804259403909,0.0,12454.804259403909,1.341640786499874,1.073312629199899,6,5
rte_80,2024-06-17,lear_forecast,5472.9681149915195,0.0,5472.9681149915195,0.947213595499958,0.7577708763999663,4,4
rte_80,2024-06-18,lear_forecast,3067.5325907386427,0.0,3067.5325907386427,0.947213595499958,0.7577708763999662,4,4
rte_80,2024-06-19,lear_forecast,6918.688818803455,0.0,6918.688818803455,1.341640786499874,1.073312629199899,6,5
rte_80,2024-06-20,lear_forecast,2491.2810037968256,0.0,2491.2810037968256,1.341640786499874,1.073312629199899,6,5
rte_80,2024-06-21,lear_forecast,-425.96583817983634,0.0,-425.96583817983634,1.341640786499874,1.073312629199899,6,5
rte_80,2024-06-22,lear_forecast,883.605486273864,0.0,883.605486273864,0.894427190999916,0.7155417527999326,4,4
rte_80,2024-06-23,lear_forecast,1064.1779674049187,0.0,1064.1779674049187,1.3416407864998738,1.073312629199899,6,5
rte_80,2024-06-24,lear_forecast,2724.6109552407,0.0,2724.6109552407,0.947213595499958,0.7577708763999662,4,4
rte_80,2024-06-25,lear_forecast,2886.1469112047675,0.0,2886.1469112047675,0.947213595499958,0.7577708763999662,4,4
rte_80,2024-06-26,lear_forecast,450.1559696650137,0.0,450.1559696650137,1.206927190999916,0.9655417527999327,6,4
rte_80,2024-06-27,lear_forecast,508.5114388729739,0.0,508.5114388729739,0.947213595499958,0.7577708763999663,4,4
rte_80,2024-06-28,lear_forecast,-628.51576943397,0.0,-628.51576943397,0.947213595499958,0.7577708763999663,4,4
rte_80,2024-06-29,lear_forecast,7871.421530691294,0.0,7871.421530691294,0.894427190999916,0.7155417527999327,4,4
rte_80,2024-06-30,lear_forecast,968.7309177439323,0.0,968.7309177439323,1.144427190999916,0.9155417527999327,5,5
rte_80,2024-07-01,lear_forecast,823.5751723469039,0.0,823.5751723469039,1.1972135954999579,0.9577708763999662,5,4
rte_80,2024-07-02,lear_forecast,1937.0562107577864,0.0,1937.0562107577864,0.947213595499958,0.7577708763999663,4,4
rte_80,2024-07-03,lear_forecast,3828.6768972626974,0.0,3828.6768972626974,1.341640786499874,1.0733126291998991,6,5
rte_80,2024-07-04,lear_forecast,6166.12287678146,0.0,6166.12287678146,0.947213595499958,0.7577708763999662,4,4
rte_80,2024-07-05,lear_forecast,5441.504640158505,0.0,5441.504640158505,0.894427190999916,0.7155417527999327,4,3
rte_80,2024-07-06,lear_forecast,3041.632366711778,0.0,3041.632366711778,1.3416407864998738,1.073312629199899,6,5
rte_80,2024-07-07,lear_forecast,7703.412696499031,0.0,7703.412696499031,1.3416407864998738,1.073312629199899,6,5
rte_80,2024-07-08,lear_forecast,6063.88353924943,0.0,6063.88353924943,1.144427190999916,0.9155417527999327,5,4
rte_80,2024-07-09,lear_forecast,9418.816768419107,0.0,9418.816768419107,0.894427190999916,0.7155417527999327,4,3
rte_80,2024-07-10,lear_forecast,9509.615508864073,0.0,9509.615508864073,0.894427190999916,0.7155417527999327,4,3
rte_80,2024-07-11,lear_forecast,3174.842528722693,0.0,3174.842528722693,0.894427190999916,0.7155417527999327,4,3
rte_80,2024-07-12,lear_forecast,171.4417354929041,0.0,171.4417354929041,0.947213595499958,0.7577708763999662,4,4
rte_80,2024-07-13,lear_forecast,2353.5699447139605,0.0,2353.5699447139605,1.341640786499874,1.073312629199899,6,5
rte_80,2024-07-14,lear_forecast,730.3720321128346,0.0,730.3720321128346,1.3416407864998738,1.073312629199899,6,5
rte_80,2024-07-15,lear_forecast,1280.0723945959191,0.0,1280.0723945959191,0.894427190999916,0.7155417527999327,4,3
rte_80,2024-07-16,lear_forecast,-236.45072448392312,0.0,-236.45072448392312,0.894427190999916,0.7155417527999327,4,3
rte_80,2024-07-17,lear_forecast,475.4821768167217,0.0,475.4821768167217,0.947213595499958,0.7577708763999663,4,4
rte_80,2024-07-18,lear_forecast,4999.369322625469,0.0,4999.369322625469,0.947213595499958,0.7577708763999662,4,4
rte_80,2024-07-19,lear_forecast,4334.9074871376015,0.0,4334.9074871376015,0.894427190999916,0.7155417527999327,4,3
rte_80,2024-07-20,lear_forecast,3086.521479734699,0.0,3086.521479734699,1.3416407864998738,1.073312629199899,6,5
rte_80,2024-07-21,lear_forecast,6482.346358344385,0.0,6482.346358344385,1.341640786499874,1.073312629199899,6,5
rte_80,2024-07-22,lear_forecast,10047.849290894128,0.0,10047.849290894128,0.894427190999916,0.7155417527999327,4,3
rte_80,2024-07-23,lear_forecast,9641.985746833008,0.0,9641.985746833008,0.947213595499958,0.7577708763999662,4,4
rte_80,2024-07-24,lear_forecast,6530.66773520141,0.0,6530.66773520141,0.894427190999916,0.7155417527999327,4,3
rte_80,2024-07-25,lear_forecast,4004.8574010847096,0.0,4004.8574010847096,0.894427190999916,0.7155417527999327,4,3
rte_80,2024-07-26,lear_forecast,4703.427017929644,0.0,4703.427017929644,0.894427190999916,0.7155417527999327,4,3
rte_80,2024-07-27,lear_forecast,4286.447117924605,0.0,4286.447117924605,1.341640786499874,1.073312629199899,6,5
rte_80,2024-07-28,lear_forecast,5871.4914071416315,0.0,5871.4914071416315,1.3416407864998738,1.073312629199899,6,5
rte_80,2024-07-29,lear_forecast,6792.7798471194665,0.0,6792.7798471194665,0.894427190999916,0.7155417527999327,4,3
rte_80,2024-07-30,lear_forecast,9594.850843704136,0.0,9594.850843704136,0.894427190999916,0.7155417527999327,4,3
rte_80,2024-07-31,lear_forecast,9561.097289548145,0.0,9561.097289548145,0.894427190999916,0.7155417527999327,4,3
rte_80,2024-08-01,lear_forecast,10971.072030183861,0.0,10971.072030183861,0.894427190999916,0.7155417527999327,4,3
rte_80,2024-08-02,lear_forecast,4387.979640399627,0.0,4387.979640399627,0.894427190999916,0.7155417527999327,4,3
rte_80,2024-08-03,lear_forecast,2694.77757030778,0.0,2694.77757030778,1.341640786499874,1.073312629199899,6,5
rte_80,2024-08-04,lear_forecast,3859.7471698456875,0.0,3859.7471698456875,1.3416407864998738,1.073312629199899,6,5
rte_80,2024-08-05,lear_forecast,3746.909695685666,0.0,3746.909695685666,0.894427190999916,0.7155417527999327,4,3
rte_80,2024-08-06,lear_forecast,3450.260161528668,0.0,3450.260161528668,0.894427190999916,0.7155417527999327,4,3
rte_80,2024-08-07,lear_forecast,2691.940993219711,0.0,2691.940993219711,0.947213595499958,0.7577708763999662,4,4
rte_80,2024-08-08,lear_forecast,3942.495737702625,0.0,3942.495737702625,0.894427190999916,0.7155417527999327,4,3
rte_80,2024-08-09,lear_forecast,3703.1338329866508,0.0,3703.1338329866508,0.894427190999916,0.7155417527999327,4,3
rte_80,2024-08-10,lear_forecast,3238.9041401836944,0.0,3238.9041401836944,1.3416407864998738,1.073312629199899,6,5
rte_80,2024-08-11,lear_forecast,3386.9843853647876,0.0,3386.9843853647876,1.3416407864998738,1.073312629199899,6,5
rte_80,2024-08-12,lear_forecast,2711.038232775753,0.0,2711.038232775753,0.894427190999916,0.7155417527999327,4,3
rte_80,2024-08-13,lear_forecast,2896.963543096632,0.0,2896.963543096632,0.947213595499958,0.7577708763999662,4,4
rte_80,2024-08-14,lear_forecast,2236.243822891778,0.0,2236.243822891778,0.894427190999916,0.7155417527999327,4,3
rte_80,2024-08-15,lear_forecast,2549.417787604735,0.0,2549.417787604735,0.894427190999916,0.7155417527999327,4,3
rte_80,2024-08-16,lear_forecast,2474.858056822769,0.0,2474.858056822769,0.894427190999916,0.7155417527999327,4,3
rte_80,2024-08-17,lear_forecast,4882.054812746535,0.0,4882.054812746535,1.3416407864998738,1.073312629199899,6,5
rte_80,2024-08-18,lear_forecast,5209.203121962552,0.0,5209.203121962552,1.341640786499874,1.073312629199899,6,5
rte_80,2024-08-19,lear_forecast,3951.0663381546433,0.0,3951.0663381546433,0.894427190999916,0.7155417527999327,4,3
rte_80,2024-08-20,lear_forecast,3321.550568720676,0.0,3321.550568720676,0.894427190999916,0.7155417527999327,4,3
rte_80,2024-08-21,lear_forecast,3750.279933654603,0.0,3750.279933654603,0.947213595499958,0.7577708763999662,4,4
rte_80,2024-08-22,lear_forecast,1729.9324186328606,0.0,1729.9324186328606,0.894427190999916,0.7155417527999327,4,3
rte_80,2024-08-23,lear_forecast,2898.1648891868012,0.0,2898.1648891868012,0.894427190999916,0.7155417527999327,4,3
rte_80,2024-08-24,lear_forecast,2904.5290024508404,0.0,2904.5290024508404,1.3416407864998738,1.073312629199899,6,5
rte_80,2024-08-25,lear_forecast,1290.8058487569472,0.0,1290.8058487569472,1.3416407864998738,1.073312629199899,6,5
rte_80,2024-08-26,lear_forecast,2990.619616362685,0.0,2990.619616362685,1.394427190999916,1.1155417527999325,6,5
rte_80,2024-08-27,lear_forecast,3661.324878609688,0.0,3661.324878609688,1.144427190999916,0.9155417527999327,5,4
rte_80,2024-08-28,lear_forecast,3065.282470071696,0.0,3065.282470071696,1.206927190999916,0.9655417527999327,6,4
rte_80,2024-08-29,lear_forecast,2624.5280188437555,0.0,2624.5280188437555,0.894427190999916,0.7155417527999327,4,3
rte_80,2024-08-30,lear_forecast,7841.740061533702,0.0,7841.740061533702,1.394427190999916,1.1155417527999325,6,5
rte_80,2024-08-31,lear_forecast,906.8392683039201,0.0,906.8392683039201,0.894427190999916,0.7155417527999327,4,3
rte_80,2024-09-01,lear_forecast,4040.36361232474,0.0,4040.36361232474,1.3416407864998738,1.0733126291998991,6,5
rte_80,2024-09-02,lear_forecast,4078.544029611617,0.0,4078.544029611617,0.894427190999916,0.7155417527999327,4,3
rte_80,2024-09-03,lear_forecast,2682.14535839476,0.0,2682.14535839476,0.894427190999916,0.7155417527999327,4,3
rte_80,2024-09-04,lear_forecast,3459.7750338906876,0.0,3459.7750338906876,0.947213595499958,0.7577708763999663,4,4
rte_80,2024-09-05,lear_forecast,4609.292028265636,0.0,4609.292028265636,0.947213595499958,0.7577708763999662,4,4
rte_80,2024-09-06,lear_forecast,4096.073118597597,0.0,4096.073118597597,0.947213595499958,0.7577708763999662,4,4
rte_80,2024-09-07,lear_forecast,2153.611283109728,0.0,2153.611283109728,1.341640786499874,1.0733126291998991,6,5
rte_80,2024-09-08,lear_forecast,4164.688991873726,0.0,4164.688991873726,1.3416407864998738,1.073312629199899,6,5
rte_80,2024-09-09,lear_forecast,11338.471530209048,0.0,11338.471530209048,0.894427190999916,0.7155417527999327,4,3
rte_80,2024-09-10,lear_forecast,9117.294632946348,0.0,9117.294632946348,0.894427190999916,0.7155417527999327,4,3
rte_80,2024-09-11,lear_forecast,11473.932140755942,0.0,11473.932140755942,0.894427190999916,0.7155417527999327,4,3
rte_80,2024-09-12,lear_forecast,6748.212352287462,0.0,6748.212352287462,0.894427190999916,0.7155417527999327,4,3
rte_80,2024-09-13,lear_forecast,7194.649188016454,0.0,7194.649188016454,0.894427190999916,0.7155417527999327,4,3
rte_80,2024-09-14,lear_forecast,4076.0146127566086,0.0,4076.0146127566086,1.341640786499874,1.073312629199899,6,5
rte_80,2024-09-15,lear_forecast,674.3541406659373,0.0,674.3541406659373,1.3416407864998738,1.073312629199899,6,5
rte_80,2024-09-16,lear_forecast,3083.640044226677,0.0,3083.640044226677,0.894427190999916,0.7155417527999327,4,3
rte_80,2024-09-17,lear_forecast,13871.503879613798,0.0,13871.503879613798,0.894427190999916,0.7155417527999327,4,3
rte_80,2024-09-18,lear_forecast,13972.12611892872,0.0,13972.12611892872,0.894427190999916,0.7155417527999327,4,3
rte_80,2024-09-19,lear_forecast,16239.054949273772,0.0,16239.054949273772,0.894427190999916,0.7155417527999327,4,3
rte_80,2024-09-20,lear_forecast,13435.322720053726,0.0,13435.322720053726,0.894427190999916,0.7155417527999327,4,3
rte_80,2024-09-21,lear_forecast,2416.5887332328093,0.0,2416.5887332328093,0.894427190999916,0.7155417527999327,4,3
rte_80,2024-09-22,lear_forecast,791.4216354979433,0.0,791.4216354979433,1.341640786499874,1.073312629199899,6,5
rte_80,2024-09-23,lear_forecast,1422.058091436821,0.0,1422.058091436821,0.894427190999916,0.7155417527999327,4,3
rte_80,2024-09-24,lear_forecast,5107.707780392576,0.0,5107.707780392576,0.894427190999916,0.7155417527999327,4,3
rte_80,2024-09-25,lear_forecast,3025.3180981667347,0.0,3025.3180981667347,0.947213595499958,0.7577708763999662,4,4
rte_80,2024-09-26,lear_forecast,4732.038146240617,0.0,4732.038146240617,0.947213595499958,0.7577708763999662,4,4
rte_80,2024-09-27,lear_forecast,3226.550896589706,0.0,3226.550896589706,0.947213595499958,0.7577708763999662,4,4
rte_80,2024-09-28,lear_forecast,684.4498274119708,0.0,684.4498274119708,1.3416407864998738,1.073312629199899,6,5
rte_80,2024-09-29,lear_forecast,563.775534829988,0.0,563.775534829988,1.3416407864998738,1.073312629199899,6,5
rte_80,2024-09-30,lear_forecast,3044.6524667067406,0.0,3044.6524667067406,0.894427190999916,0.7155417527999327,4,3
rte_80,2024-10-01,lear_forecast,5152.054812746535,0.0,5152.054812746535,0.894427190999916,0.7155417527999327,4,3
rte_80,2024-10-02,lear_forecast,5085.376517472587,0.0,5085.376517472587,0.894427190999916,0.7155417527999327,4,3
rte_80,2024-10-03,lear_forecast,3885.6047440006696,0.0,3885.6047440006696,0.894427190999916,0.7155417527999327,4,3
rte_80,2024-10-04,lear_forecast,3295.7490675906315,0.0,3295.7490675906315,1.206927190999916,0.9655417527999327,6,4
rte_80,2024-10-05,lear_forecast,1865.9089716839862,0.0,1865.9089716839862,1.341640786499874,1.073312629199899,6,5
rte_80,2024-10-06,lear_forecast,5756.161041293593,0.0,5756.161041293593,1.341640786499874,1.0733126291998991,6,5
rte_80,2024-10-07,lear_forecast,3359.1616970316513,0.0,3359.1616970316513,0.947213595499958,0.7577708763999662,4,4
rte_80,2024-10-08,lear_forecast,2789.7704619958,0.0,2789.7704619958,0.894427190999916,0.7155417527999327,4,3
rte_80,2024-10-09,lear_forecast,5269.035040620601,0.0,5269.035040620601,0.947213595499958,0.7577708763999662,4,4
rte_80,2024-10-10,lear_forecast,7622.30633142473,0.0,7622.30633142473,1.1972135954999579,0.9577708763999662,5,4
rte_80,2024-10-11,lear_forecast,11752.994735824024,0.0,11752.994735824024,1.341640786499874,1.073312629199899,6,5
rte_80,2024-10-12,lear_forecast,8825.371599437158,0.0,8825.371599437158,0.894427190999916,0.7155417527999327,4,4
rte_80,2024-10-13,lear_forecast,8965.283676741163,0.0,8965.283676741163,0.894427190999916,0.7155417527999327,4,4
rte_80,2024-10-14,lear_forecast,5732.485678569388,0.0,5732.485678569388,1.341640786499874,1.073312629199899,6,5
rte_80,2024-10-15,lear_forecast,6145.8881976794555,0.0,6145.8881976794555,1.341640786499874,1.073312629199899,6,5
rte_80,2024-10-16,lear_forecast,2502.6295889607886,0.0,2502.6295889607886,1.341640786499874,1.073312629199899,6,5
rte_80,2024-10-17,lear_forecast,6258.165112249177,0.0,6258.165112249177,1.341640786499874,1.073312629199899,6,5
rte_80,2024-10-18,lear_forecast,5804.5726359298105,0.0,5804.5726359298105,1.341640786499874,1.073312629199899,6,5
rte_80,2024-10-19,lear_forecast,1472.2782260458391,0.0,1472.2782260458391,1.341640786499874,1.0733126291998991,6,5
rte_80,2024-10-20,lear_forecast,9579.660453819159,0.0,9579.660453819159,1.341640786499874,1.0733126291998991,6,5
rte_80,2024-10-21,lear_forecast,5210.361645110568,0.0,5210.361645110568,1.341640786499874,1.0733126291998991,6,5
rte_80,2024-10-22,lear_forecast,3806.485610305766,0.0,3806.485610305766,1.341640786499874,1.073312629199899,6,5
rte_80,2024-10-23,lear_forecast,2507.981607613801,0.0,2507.981607613801,1.341640786499874,1.0733126291998991,6,5
rte_80,2024-10-24,lear_forecast,5092.052034995549,0.0,5092.052034995549,0.947213595499958,0.7577708763999662,4,4
rte_80,2024-10-25,lear_forecast,3384.6537781828542,0.0,3384.6537781828542,1.341640786499874,1.073312629199899,6,5
rte_80,2024-10-26,lear_forecast,1608.764009421876,0.0,1608.764009421876,1.144427190999916,0.9155417527999326,5,5
rte_80,2024-10-27,lear_forecast,1628.7262593139112,0.0,1628.7262593139112,1.144427190999916,0.9155417527999326,5,5
rte_80,2024-10-28,lear_forecast,5814.94401230459,0.0,5814.94401230459,0.947213595499958,0.7577708763999662,4,4
rte_80,2024-10-29,lear_forecast,3930.362870051548,0.0,3930.362870051548,0.947213595499958,0.7577708763999662,4,4
rte_80,2024-10-30,lear_forecast,4361.826190085802,0.0,4361.826190085802,0.947213595499958,0.7577708763999662,4,4
rte_80,2024-10-31,lear_forecast,3315.422446034755,0.0,3315.422446034755,1.341640786499874,1.073312629199899,6,5
rte_80,2024-11-01,lear_forecast,442.57436181008904,0.0,442.57436181008904,1.341640786499874,1.073312629199899,6,5
rte_80,2024-11-02,lear_forecast,-2723.6849891817656,0.0,-2723.6849891817656,0.894427190999916,0.7155417527999326,4,4
rte_80,2024-11-03,lear_forecast,8399.968838993198,0.0,8399.968838993198,1.144427190999916,0.9155417527999328,5,5
rte_80,2024-11-04,lear_forecast,9056.874705057171,0.0,9056.874705057171,1.341640786499874,1.073312629199899,6,5
rte_80,2024-11-05,lear_forecast,4860.884040188732,0.0,4860.884040188732,1.341640786499874,1.073312629199899,6,5
rte_80,2024-11-06,lear_forecast,5860.588560162537,0.0,5860.588560162537,1.341640786499874,1.0733126291998991,6,5
rte_80,2024-11-07,lear_forecast,7814.567390025352,0.0,7814.567390025352,1.341640786499874,1.073312629199899,6,5
rte_80,2024-11-08,lear_forecast,6245.486420842582,0.0,6245.486420842582,1.341640786499874,1.073312629199899,6,5
rte_80,2024-11-09,lear_forecast,4414.3377837575335,0.0,4414.3377837575335,1.144427190999916,0.9155417527999326,5,5
rte_80,2024-11-10,lear_forecast,3018.361248977919,0.0,3018.361248977919,1.144427190999916,0.9155417527999326,5,5
rte_80,2024-11-11,lear_forecast,6835.788025573667,0.0,6835.788025573667,1.341640786499874,1.073312629199899,6,5
rte_80,2024-11-12,lear_forecast,8647.721669147508,0.0,8647.721669147508,1.341640786499874,1.073312629199899,6,5
rte_80,2024-11-13,lear_forecast,8479.453329164637,0.0,8479.453329164637,1.341640786499874,1.073312629199899,6,5
rte_80,2024-11-14,lear_forecast,5492.988388056752,0.0,5492.988388056752,1.341640786499874,1.0733126291998991,6,5
rte_80,2024-11-15,lear_forecast,1212.0086611219879,0.0,1212.0086611219879,1.341640786499874,1.073312629199899,6,5
rte_80,2024-11-16,lear_forecast,852.3674602179483,0.0,852.3674602179483,0.894427190999916,0.7155417527999326,4,4
rte_80,2024-11-17,lear_forecast,2738.2456170356795,0.0,2738.2456170356795,1.144427190999916,0.9155417527999328,5,5
rte_80,2024-11-18,lear_forecast,4451.1584707446855,0.0,4451.1584707446855,1.5194271909999162,1.2155417527999326,7,5
rte_80,2024-11-19,lear_forecast,5840.778950047515,0.0,5840.778950047515,1.341640786499874,1.073312629199899,6,5
rte_80,2024-11-20,lear_forecast,5663.894736788511,0.0,5663.894736788511,1.341640786499874,1.073312629199899,6,5
rte_80,2024-11-21,lear_forecast,8128.8252406105275,0.0,8128.8252406105275,1.5194271909999162,1.2155417527999326,7,5
rte_80,2024-11-22,lear_forecast,4041.773273878597,0.0,4041.773273878597,1.5194271909999162,1.2155417527999326,7,5
rte_80,2024-11-23,lear_forecast,3017.570427381747,0.0,3017.570427381747,1.341640786499874,1.0733126291998991,6,5
rte_80,2024-11-24,lear_forecast,3441.75714244379,0.0,3441.75714244379,1.341640786499874,1.0733126291998991,6,5
rte_80,2024-11-25,lear_forecast,8827.793270272521,0.0,8827.793270272521,1.206927190999916,0.9655417527999327,6,4
rte_80,2024-11-26,lear_forecast,5734.167580402651,0.0,5734.167580402651,1.5194271909999162,1.2155417527999326,7,5
rte_80,2024-11-27,lear_forecast,5324.997049178739,0.0,5324.997049178739,1.788854381999832,1.4310835055998654,8,6
rte_80,2024-11-28,lear_forecast,5496.507263110736,0.0,5496.507263110736,1.788854381999832,1.4310835055998654,8,6
rte_80,2024-11-29,lear_forecast,2918.994685831919,0.0,2918.994685831919,1.5194271909999162,1.2155417527999326,7,5
rte_80,2024-11-30,lear_forecast,1511.4565213197886,0.0,1511.4565213197886,0.894427190999916,0.7155417527999326,4,4
rte_80,2024-12-01,lear_forecast,8872.82052977718,0.0,8872.82052977718,1.3416407864998738,1.0733126291998991,6,5
rte_80,2024-12-02,lear_forecast,8029.837663090586,0.0,8029.837663090586,1.5194271909999162,1.2155417527999326,7,5
rte_80,2024-12-03,lear_forecast,5261.222170086807,0.0,5261.222170086807,1.788854381999832,1.4310835055998654,8,6
rte_80,2024-12-04,lear_forecast,6129.997049178741,0.0,6129.997049178741,1.5194271909999162,1.2155417527999326,7,5
rte_80,2024-12-05,lear_forecast,3963.6058141428907,0.0,3963.6058141428907,1.5194271909999162,1.2155417527999326,7,5
rte_80,2024-12-06,lear_forecast,4580.166441996809,0.0,4580.166441996809,1.519427190999916,1.2155417527999326,7,5
rte_80,2024-12-07,lear_forecast,3042.8042094118027,0.0,3042.8042094118027,1.144427190999916,0.9155417527999327,5,5
rte_80,2024-12-08,lear_forecast,5670.066492953404,0.0,5670.066492953404,0.894427190999916,0.7155417527999326,4,4
rte_80,2024-12-09,lear_forecast,4837.592080186716,0.0,4837.592080186716,1.788854381999832,1.4310835055998654,8,6
rte_80,2024-12-10,lear_forecast,4698.318426035764,0.0,4698.318426035764,1.5194271909999162,1.2155417527999326,7,5
rte_80,2024-12-11,lear_forecast,6385.154087780368,0.0,6385.154087780368,1.788854381999832,1.4310835055998654,8,6
rte_80,2024-12-12,lear_forecast,7014.612990718493,0.0,7014.612990718493,1.788854381999832,1.4310835055998654,8,6
rte_80,2024-12-13,lear_forecast,5606.30583048543,0.0,5606.30583048543,1.788854381999832,1.4310835055998654,8,6
rte_80,2024-12-14,lear_forecast,5665.0829181254285,0.0,5665.0829181254285,1.144427190999916,0.9155417527999327,5,5
rte_80,2024-12-15,lear_forecast,4072.093632996724,0.0,4072.093632996724,1.3416407864998738,1.073312629199899,6,5
rte_80,2024-12-16,lear_forecast,6082.46533724053,0.0,6082.46533724053,1.788854381999832,1.4310835055998654,8,6
rte_80,2024-12-17,lear_forecast,4748.947117924605,0.0,4748.947117924605,1.788854381999832,1.4310835055998654,8,6
rte_80,2024-12-18,lear_forecast,5011.902259504658,0.0,5011.902259504658,1.788854381999832,1.4310835055998654,8,6
rte_80,2024-12-19,lear_forecast,10142.366371804212,0.0,10142.366371804212,1.788854381999832,1.4310835055998654,8,6
rte_80,2024-12-20,lear_forecast,5406.74741117958,0.0,5406.74741117958,1.788854381999832,1.4310835055998654,8,6
rte_80,2024-12-21,lear_forecast,820.1751896539315,0.0,820.1751896539315,1.144427190999916,0.9155417527999327,5,5
rte_80,2024-12-22,lear_forecast,3650.9274323338063,0.0,3650.9274323338063,1.144427190999916,0.9155417527999326,5,5
rte_80,2024-12-23,lear_forecast,5197.949413007805,0.0,5197.949413007805,1.394427190999916,1.1155417527999325,6,5
rte_80,2024-12-24,lear_forecast,6527.098446225503,0.0,6527.098446225503,1.788854381999832,1.4310835055998654,8,6
rte_80,2024-12-25,lear_forecast,6395.001862407518,0.0,6395.001862407518,1.788854381999832,1.4310835055998654,8,6
rte_80,2024-12-26,lear_forecast,3929.2270698507236,0.0,3929.2270698507236,1.788854381999832,1.4310835055998654,8,6
rte_80,2024-12-27,lear_forecast,2140.2375251166104,0.0,2140.2375251166104,1.5916407864998738,1.273312629199899,7,6
rte_80,2024-12-28,lear_forecast,5081.5391981113235,0.0,5081.5391981113235,0.894427190999916,0.7155417527999326,4,4
rte_80,2024-12-29,lear_forecast,3132.2131810957917,0.0,3132.2131810957917,1.144427190999916,0.9155417527999327,5,5
rte_80,2024-12-30,lear_forecast,5454.810816784483,0.0,5454.810816784483,1.788854381999832,1.4310835055998654,8,6
rte_80,2024-12-31,lear_forecast,6270.64804961061,0.0,6270.64804961061,1.788854381999832,1.4310835055998654,8,6
rte_80,2025-01-01,lear_forecast,8969.637817407101,0.0,8969.637817407101,1.072213595499958,0.8577708763999663,5,4
rte_80,2025-01-02,lear_forecast,8816.487472713288,0.0,8816.487472713288,0.894427190999916,0.7155417527999327,4,4
rte_80,2025-01-03,lear_forecast,5619.479225995465,0.0,5619.479225995465,1.144427190999916,0.9155417527999326,5,5
rte_80,2025-01-04,lear_forecast,4222.113974325581,0.0,4222.113974325581,0.894427190999916,0.7155417527999327,4,4
rte_80,2025-01-05,lear_forecast,2267.7844372858676,0.0,2267.7844372858676,1.341640786499874,1.073312629199899,6,5
rte_80,2025-01-06,lear_forecast,1875.9083159459303,0.0,1875.9083159459303,1.788854381999832,1.4310835055998654,8,6
rte_80,2025-01-07,lear_forecast,3798.956193450758,0.0,3798.956193450758,1.591640786499874,1.2733126291998988,7,6
rte_80,2025-01-08,lear_forecast,3455.8404067097604,0.0,3455.8404067097604,1.144427190999916,0.9155417527999327,5,5
rte_80,2025-01-09,lear_forecast,4656.8134056049,0.0,4656.8134056049,1.322213595499958,1.0577708763999663,6,5
rte_80,2025-01-10,lear_forecast,5464.2545194915565,0.0,5464.2545194915565,1.788854381999832,1.4310835055998654,8,6
rte_80,2025-01-11,lear_forecast,3170.495168499703,0.0,3170.495168499703,1.341640786499874,1.073312629199899,6,5
rte_80,2025-01-12,lear_forecast,1290.3571597508176,0.0,1290.3571597508176,1.3416407864998738,1.073312629199899,6,5
rte_80,2025-01-13,lear_forecast,3536.3459622117325,0.0,3536.3459622117325,1.788854381999832,1.4310835055998652,8,6
rte_80,2025-01-14,lear_forecast,4755.992959951635,0.0,4755.992959951635,1.788854381999832,1.4310835055998654,8,6
rte_80,2025-01-15,lear_forecast,3291.5680640349237,0.0,3291.5680640349237,1.788854381999832,1.4310835055998654,8,6
rte_80,2025-01-16,lear_forecast,6691.401517231462,0.0,6691.401517231462,1.788854381999832,1.4310835055998654,8,6
rte_80,2025-01-17,lear_forecast,4945.378484686757,0.0,4945.378484686757,1.788854381999832,1.4310835055998654,8,6
rte_80,2025-01-18,lear_forecast,5757.458798131473,0.0,5757.458798131473,1.144427190999916,0.9155417527999327,5,5
rte_80,2025-01-19,lear_forecast,2638.903243111745,0.0,2638.903243111745,1.144427190999916,0.9155417527999327,5,5
rte_80,2025-01-20,lear_forecast,5023.361403776675,0.0,5023.361403776675,1.788854381999832,1.4310835055998654,8,6
rte_80,2025-01-21,lear_forecast,4814.233522424646,0.0,4814.233522424646,1.788854381999832,1.4310835055998654,8,6
rte_80,2025-01-22,lear_forecast,7536.4816758774205,0.0,7536.4816758774205,1.788854381999832,1.4310835055998654,8,6
rte_80,2025-01-23,lear_forecast,7757.599516367725,0.0,7757.599516367725,1.591640786499874,1.273312629199899,7,6
rte_80,2025-01-24,lear_forecast,4105.65034469381,0.0,4105.65034469381,1.788854381999832,1.4310835055998654,8,6
rte_80,2025-01-25,lear_forecast,8409.655968459407,0.0,8409.655968459407,0.894427190999916,0.7155417527999326,4,4
rte_80,2025-01-26,lear_forecast,8474.403552709258,0.0,8474.403552709258,1.144427190999916,0.9155417527999327,5,5
rte_80,2025-01-27,lear_forecast,5333.140285560569,0.0,5333.140285560569,1.788854381999832,1.4310835055998654,8,6
rte_80,2025-01-28,lear_forecast,3528.707297724791,0.0,3528.707297724791,1.788854381999832,1.4310835055998654,8,6
rte_80,2025-01-29,lear_forecast,3844.983160423806,0.0,3844.983160423806,1.788854381999832,1.4310835055998654,8,6
rte_80,2025-01-30,lear_forecast,6747.56167972462,0.0,6747.56167972462,1.788854381999832,1.4310835055998654,8,6
rte_80,2025-01-31,lear_forecast,4701.007176575599,0.0,4701.007176575599,1.788854381999832,1.4310835055998654,8,6
rte_80,2025-02-01,lear_forecast,1839.4225325698908,0.0,1839.4225325698908,1.144427190999916,0.9155417527999327,5,5
rte_80,2025-02-02,lear_forecast,-153.21293976190108,0.0,-153.21293976190108,1.144427190999916,0.9155417527999328,5,5
rte_80,2025-02-03,lear_forecast,3352.900793229785,0.0,3352.900793229785,1.788854381999832,1.4310835055998654,8,6
rte_80,2025-02-04,lear_forecast,4774.798567374693,0.0,4774.798567374693,1.7888543819998317,1.4310835055998654,8,6
rte_80,2025-02-05,lear_forecast,6579.0847988044625,0.0,6579.0847988044625,1.788854381999832,1.4310835055998654,8,6
rte_80,2025-02-06,lear_forecast,8137.550636984294,0.0,8137.550636984294,1.788854381999832,1.4310835055998654,8,6
rte_80,2025-02-07,lear_forecast,3876.4785019937826,0.0,3876.4785019937826,1.788854381999832,1.4310835055998654,8,6
rte_80,2025-02-08,lear_forecast,3703.0016210736267,0.0,3703.0016210736267,1.341640786499874,1.073312629199899,6,5
rte_80,2025-02-09,lear_forecast,3409.703864235745,0.0,3409.703864235745,1.3416407864998738,1.073312629199899,6,5
rte_80,2025-02-10,lear_forecast,6966.774860820415,0.0,6966.774860820415,1.788854381999832,1.4310835055998654,8,6
rte_80,2025-02-11,lear_forecast,5166.543788277725,0.0,5166.543788277725,1.788854381999832,1.4310835055998654,8,6
rte_80,2025-02-12,lear_forecast,3629.3004480537265,0.0,3629.3004480537265,1.788854381999832,1.4310835055998654,8,6
rte_80,2025-02-13,lear_forecast,5295.215216573584,0.0,5295.215216573584,1.7888543819998317,1.4310835055998654,8,6
rte_80,2025-02-14,lear_forecast,7639.163973843335,0.0,7639.163973843335,1.788854381999832,1.4310835055998654,8,6
rte_80,2025-02-15,lear_forecast,5363.907969805388,0.0,5363.907969805388,0.894427190999916,0.7155417527999326,4,4
rte_80,2025-02-16,lear_forecast,5216.749861061538,0.0,5216.749861061538,1.144427190999916,0.9155417527999326,5,5
rte_80,2025-02-17,lear_forecast,6515.295703088571,0.0,6515.295703088571,1.7888543819998317,1.4310835055998654,8,6
rte_80,2025-02-18,lear_forecast,5800.920565355718,0.0,5800.920565355718,1.519427190999916,1.2155417527999326,7,5
rte_80,2025-02-19,lear_forecast,8850.946047782383,0.0,8850.946047782383,1.788854381999832,1.4310835055998654,8,6
rte_80,2025-02-20,lear_forecast,7636.020081723446,0.0,7636.020081723446,1.519427190999916,1.2155417527999326,7,5
rte_80,2025-02-21,lear_forecast,6313.376103068421,0.0,6313.376103068421,1.591640786499874,1.273312629199899,7,6
rte_80,2025-02-22,lear_forecast,6662.802724865415,0.0,6662.802724865415,1.144427190999916,0.9155417527999327,5,5
rte_80,2025-02-23,lear_forecast,5350.031607131557,0.0,5350.031607131557,1.341640786499874,1.0733126291998991,6,5
rte_80,2025-02-24,lear_forecast,6014.578104896646,0.0,6014.578104896646,1.788854381999832,1.4310835055998654,8,6
rte_80,2025-02-25,lear_forecast,10599.443270031394,0.0,10599.443270031394,1.788854381999832,1.4310835055998654,8,6
rte_80,2025-02-26,lear_forecast,7455.500637466541,0.0,7455.500637466541,1.788854381999832,1.4310835055998654,8,6
rte_80,2025-02-27,lear_forecast,8716.779674049196,0.0,8716.779674049196,1.591640786499874,1.273312629199899,7,6
rte_80,2025-02-28,lear_forecast,3160.5546579477777,0.0,3160.5546579477777,1.0722135954999579,0.8577708763999663,5,4
rte_80,2025-03-01,lear_forecast,9011.852724383174,0.0,9011.852724383174,0.894427190999916,0.7155417527999327,4,4
rte_80,2025-03-02,lear_forecast,6887.097790487446,0.0,6887.097790487446,1.144427190999916,0.9155417527999326,5,5
rte_80,2025-03-03,lear_forecast,-2478.7005172818426,0.0,-2478.7005172818426,1.788854381999832,1.4310835055998654,8,6
rte_80,2025-03-04,lear_forecast,8998.327396755267,0.0,8998.327396755267,1.788854381999832,1.4310835055998654,8,6
rte_80,2025-03-05,lear_forecast,2445.397947215176,0.0,2445.397947215176,1.788854381999832,1.4310835055998654,8,6
rte_80,2025-03-06,lear_forecast,4437.840648043656,0.0,4437.840648043656,1.341640786499874,1.0733126291998991,6,5
rte_80,2025-03-07,lear_forecast,9274.786541027283,0.0,9274.786541027283,1.341640786499874,1.073312629199899,6,5
rte_80,2025-03-08,lear_forecast,4223.544029611617,0.0,4223.544029611617,1.144427190999916,0.9155417527999327,5,5
rte_80,2025-03-09,lear_forecast,10143.74306234707,0.0,10143.74306234707,1.341640786499874,1.0733126291998991,6,5
rte_80,2025-03-10,lear_forecast,7864.3999644214555,0.0,7864.3999644214555,1.341640786499874,1.073312629199899,6,5
rte_80,2025-03-11,lear_forecast,4502.2069698557625,0.0,4502.2069698557625,1.591640786499874,1.273312629199899,7,6
rte_80,2025-03-12,lear_forecast,4185.117615016704,0.0,4185.117615016704,1.5194271909999162,1.2155417527999326,7,5
rte_80,2025-03-13,lear_forecast,3653.2555896337817,0.0,3653.2555896337817,1.591640786499874,1.273312629199899,7,6
rte_80,2025-03-14,lear_forecast,10180.87715493913,0.0,10180.87715493913,1.322213595499958,1.0577708763999665,6,5
rte_80,2025-03-15,lear_forecast,2514.9682880617916,0.0,2514.9682880617916,0.894427190999916,0.7155417527999327,4,4
rte_80,2025-03-16,lear_forecast,-1023.5426498718847,0.0,-1023.5426498718847,1.144427190999916,0.9155417527999327,5,5
rte_80,2025-03-17,lear_forecast,5253.544029611618,0.0,5253.544029611618,1.341640786499874,1.073312629199899,6,5
rte_80,2025-03-18,lear_forecast,6363.463870965658,0.0,6363.463870965658,1.341640786499874,1.0733126291998991,6,5
rte_80,2025-03-19,lear_forecast,4996.8815903067725,0.0,4996.8815903067725,1.341640786499874,1.073312629199899,6,5
rte_80,2025-03-20,lear_forecast,9701.436075184281,0.0,9701.436075184281,1.5194271909999157,1.2155417527999326,7,5
rte_80,2025-03-21,lear_forecast,8312.690612947357,0.0,8312.690612947357,1.144427190999916,0.9155417527999326,5,5
rte_80,2025-03-22,lear_forecast,8100.724601697251,0.0,8100.724601697251,0.894427190999916,0.7155417527999327,4,4
rte_80,2025-03-23,lear_forecast,7371.106692943328,0.0,7371.106692943328,1.5,1.1999999999999997,6,7
rte_80,2025-03-24,lear_forecast,605.982349886994,0.0,605.982349886994,1.341640786499874,1.073312629199899,6,5
rte_80,2025-03-25,lear_forecast,6878.995892501383,0.0,6878.995892501383,1.341640786499874,1.0733126291998991,6,5
rte_80,2025-03-26,lear_forecast,7546.933297433295,0.0,7546.933297433295,1.144427190999916,0.9155417527999326,5,5
rte_80,2025-03-27,lear_forecast,3261.4649411078835,0.0,3261.4649411078835,1.341640786499874,1.0733126291998991,6,5
rte_80,2025-03-28,lear_forecast,1296.5074361810077,0.0,1296.5074361810077,1.591640786499874,1.273312629199899,7,6
rte_80,2025-03-29,lear_forecast,3829.535782893794,0.0,3829.535782893794,1.144427190999916,0.9155417527999326,5,5
rte_80,2025-03-30,lear_forecast,8300.947945527327,0.0,8300.947945527327,1.456927190999916,1.1655417527999328,7,6
rte_80,2025-03-31,lear_forecast,4657.3502927727295,0.0,4657.3502927727295,1.341640786499874,1.0733126291998991,6,5
rte_80,2024-04-01,perfect_foresight_upper_bound,9594.272237868186,0.0,9594.272237868186,1.3416407864998738,1.0733126291998991,6,5
rte_80,2024-04-02,perfect_foresight_upper_bound,10572.40125762606,0.0,10572.40125762606,1.788854381999832,1.4310835055998654,8,6
rte_80,2024-04-03,perfect_foresight_upper_bound,3854.1254997336905,0.0,3854.1254997336905,1.394427190999916,1.1155417527999325,6,5
rte_80,2024-04-04,perfect_foresight_upper_bound,3329.4999134648638,0.0,3329.4999134648638,1.5194271909999162,1.2155417527999326,7,5
rte_80,2024-04-05,perfect_foresight_upper_bound,3161.852829189825,0.0,3161.852829189825,1.591640786499874,1.273312629199899,7,6
rte_80,2024-04-06,perfect_foresight_upper_bound,6580.4485841994765,0.0,6580.4485841994765,1.394427190999916,1.1155417527999325,6,6
rte_80,2024-04-07,perfect_foresight_upper_bound,8957.160781688186,0.0,8957.160781688186,1.341640786499874,1.0733126291998991,6,5
rte_80,2024-04-08,perfect_foresight_upper_bound,2097.447290994878,0.0,2097.447290994878,1.206927190999916,0.9655417527999327,6,4
rte_80,2024-04-09,perfect_foresight_upper_bound,4503.1338329866485,0.0,4503.1338329866485,1.788854381999832,1.4310835055998654,8,6
rte_80,2024-04-10,perfect_foresight_upper_bound,12093.088455355886,0.0,12093.088455355886,1.788854381999832,1.4310835055998654,8,6
rte_80,2024-04-11,perfect_foresight_upper_bound,7550.086230947525,0.0,7550.086230947525,1.5194271909999162,1.2155417527999326,7,5
rte_80,2024-04-12,perfect_foresight_upper_bound,8013.382072974561,0.0,8013.382072974561,1.341640786499874,1.0733126291998991,6,5
rte_80,2024-04-13,perfect_foresight_upper_bound,8748.832296519182,0.0,8748.832296519182,1.072213595499958,0.8577708763999663,5,4
rte_80,2024-04-14,perfect_foresight_upper_bound,7890.226154507261,0.0,7890.226154507261,1.072213595499958,0.8577708763999663,5,4
rte_80,2024-04-15,perfect_foresight_upper_bound,9163.495805966248,0.0,9163.495805966248,1.341640786499874,1.073312629199899,6,5
rte_80,2024-04-16,perfect_foresight_upper_bound,2512.7760174977725,0.0,2512.7760174977725,0.894427190999916,0.7155417527999327,4,3
rte_80,2024-04-17,perfect_foresight_upper_bound,9134.299774044159,0.0,9134.299774044159,1.4472135954999579,1.1577708763999661,6,6
rte_80,2024-04-18,perfect_foresight_upper_bound,7016.180813419526,0.0,7016.180813419526,1.144427190999916,0.9155417527999326,5,5
rte_80,2024-04-19,perfect_foresight_upper_bound,8237.454622369236,0.0,8237.454622369236,0.894427190999916,0.7155417527999327,4,4
rte_80,2024-04-20,perfect_foresight_upper_bound,8383.60603720527,0.0,8383.60603720527,1.4569271909999162,1.1655417527999326,7,6
rte_80,2024-04-21,perfect_foresight_upper_bound,2704.990268735789,0.0,2704.990268735789,0.894427190999916,0.7155417527999327,4,4
rte_80,2024-04-22,perfect_foresight_upper_bound,1765.6219114458884,0.0,1765.6219114458884,0.894427190999916,0.7155417527999327,4,3
rte_80,2024-04-23,perfect_foresight_upper_bound,1308.3055208879166,0.0,1308.3055208879166,0.894427190999916,0.7155417527999327,4,3
rte_80,2024-04-24,perfect_foresight_upper_bound,2900.6939781727788,0.0,2900.6939781727788,1.2069271909999162,0.9655417527999327,6,4
rte_80,2024-04-25,perfect_foresight_upper_bound,9954.484608427167,0.0,9954.484608427167,1.591640786499874,1.273312629199899,7,6
rte_80,2024-04-26,perfect_foresight_upper_bound,4908.383832986651,0.0,4908.383832986651,1.4277864045000421,1.1422291236000335,6,6
rte_80,2024-04-27,perfect_foresight_upper_bound,8318.153518577448,0.0,8318.153518577448,1.788854381999832,1.4310835055998654,8,6
rte_80,2024-04-28,perfect_foresight_upper_bound,8846.72860438922,0.0,8846.72860438922,0.894427190999916,0.7155417527999327,4,4
rte_80,2024-04-29,perfect_foresight_upper_bound,7265.5414066593885,0.0,7265.5414066593885,1.144427190999916,0.9155417527999328,5,5
rte_80,2024-04-30,perfect_foresight_upper_bound,1865.9225325698924,0.0,1865.9225325698924,0.894427190999916,0.7155417527999327,4,3
rte_80,2024-05-01,perfect_foresight_upper_bound,587.3529157249591,0.0,587.3529157249591,0.6250000000000001,0.5,3,2
rte_80,2024-05-02,perfect_foresight_upper_bound,9920.832537853075,0.0,9920.832537853075,1.341640786499874,1.0733126291998991,6,5
rte_80,2024-05-03,perfect_foresight_upper_bound,8959.98305561716,0.0,8959.98305561716,0.894427190999916,0.7155417527999327,4,4
rte_80,2024-05-04,perfect_foresight_upper_bound,8277.02922551322,0.0,8277.02922551322,0.894427190999916,0.7155417527999327,4,4
rte_80,2024-05-05,perfect_foresight_upper_bound,8287.718390457223,0.0,8287.718390457223,0.894427190999916,0.7155417527999327,4,4
rte_80,2024-05-06,perfect_foresight_upper_bound,1874.206728521869,0.0,1874.206728521869,1.3416407864998738,1.073312629199899,6,5
rte_80,2024-05-07,perfect_foresight_upper_bound,3184.2784673797314,0.0,3184.2784673797314,0.894427190999916,0.7155417527999327,4,3
rte_80,2024-05-08,perfect_foresight_upper_bound,3836.940751885819,0.0,3836.940751885819,1.341640786499874,1.073312629199899,6,5
rte_80,2024-05-09,perfect_foresight_upper_bound,10741.390146622112,0.0,10741.390146622112,1.9041407864998738,1.523312629199899,9,7
rte_80,2024-05-10,perfect_foresight_upper_bound,9183.553656069178,0.0,9183.553656069178,1.072213595499958,0.8577708763999663,5,4
rte_80,2024-05-11,perfect_foresight_upper_bound,10247.540905720089,0.0,10247.540905720089,1.5916407864998738,1.273312629199899,7,6
rte_80,2024-05-12,perfect_foresight_upper_bound,6552.171496559482,0.0,6552.171496559482,1.3416407864998738,1.073312629199899,6,5
rte_80,2024-05-13,perfect_foresight_upper_bound,3411.8490678317494,0.0,3411.8490678317494,1.644427190999916,1.3155417527999327,7,6
rte_80,2024-05-14,perfect_foresight_upper_bound,12083.418821203926,0.0,12083.418821203926,1.519427190999916,1.2155417527999326,7,5
rte_80,2024-05-15,perfect_foresight_upper_bound,10965.656692461083,0.0,10965.656692461083,1.3416407864998745,1.0733126291998991,6,5
rte_80,2024-05-16,perfect_foresight_upper_bound,10031.097289548146,0.0,10031.097289548146,1.3416407864998738,1.0733126291998991,6,5
rte_80,2024-05-17,perfect_foresight_upper_bound,11143.62539492704,0.0,11143.62539492704,1.341640786499874,1.073312629199899,6,5
rte_80,2024-05-18,perfect_foresight_upper_bound,8661.867596745193,0.0,8661.867596745193,0.894427190999916,0.7155417527999326,4,4
rte_80,2024-05-19,perfect_foresight_upper_bound,8013.826499683315,0.0,8013.826499683315,0.894427190999916,0.7155417527999326,4,4
rte_80,2024-05-20,perfect_foresight_upper_bound,7799.849309165644,0.0,7799.849309165644,1.341640786499874,1.073312629199899,6,5
rte_80,2024-05-21,perfect_foresight_upper_bound,11077.951430214085,0.0,11077.951430214085,1.4472135954999579,1.1577708763999661,6,6
rte_80,2024-05-22,perfect_foresight_upper_bound,9119.003656551418,0.0,9119.003656551418,1.341640786499874,1.073312629199899,6,5
rte_80,2024-05-23,perfect_foresight_upper_bound,4817.313111867684,0.0,4817.313111867684,1.341640786499874,1.073312629199899,6,5
rte_80,2024-05-24,perfect_foresight_upper_bound,8236.971461945426,0.0,8236.971461945426,1.4472135954999579,1.1577708763999663,6,6
rte_80,2024-05-25,perfect_foresight_upper_bound,8437.894235849213,0.0,8437.894235849213,0.894427190999916,0.7155417527999327,4,4
rte_80,2024-05-26,perfect_foresight_upper_bound,9159.851171573166,0.0,9159.851171573166,1.144427190999916,0.9155417527999326,5,5
rte_80,2024-05-27,perfect_foresight_upper_bound,3988.0156999647356,0.0,3988.0156999647356,1.206927190999916,0.9655417527999327,6,4
rte_80,2024-05-28,perfect_foresight_upper_bound,5839.306244889596,0.0,5839.306244889596,1.394427190999916,1.1155417527999327,6,5
rte_80,2024-05-29,perfect_foresight_upper_bound,10791.721616744186,0.0,10791.721616744186,1.322213595499958,1.0577708763999663,6,5
rte_80,2024-05-30,perfect_foresight_upper_bound,3324.168564009738,0.0,3324.168564009738,1.3416407864998738,1.0733126291998991,6,5
rte_80,2024-05-31,perfect_foresight_upper_bound,0.0,0.0,0.0,0.0,0.0,0,0
rte_80,2024-06-01,perfect_foresight_upper_bound,8597.124256521198,0.0,8597.124256521198,0.894427190999916,0.7155417527999327,4,4
rte_80,2024-06-02,perfect_foresight_upper_bound,8821.68464304122,0.0,8821.68464304122,1.788854381999832,1.4310835055998652,8,7
rte_80,2024-06-03,perfect_foresight_upper_bound,9042.60848708723,0.0,9042.60848708723,0.894427190999916,0.7155417527999327,4,4
rte_80,2024-06-04,perfect_foresight_upper_bound,7828.196824187388,0.0,7828.196824187388,0.894427190999916,0.7155417527999327,4,4
rte_80,2024-06-05,perfect_foresight_upper_bound,9455.158901009148,0.0,9455.158901009148,1.072213595499958,0.8577708763999663,5,4
rte_80,2024-06-06,perfect_foresight_upper_bound,3510.238508723699,0.0,3510.238508723699,0.894427190999916,0.7155417527999326,4,4
rte_80,2024-06-07,perfect_foresight_upper_bound,2482.22004807388,0.0,2482.22004807388,0.894427190999916,0.7155417527999326,4,4
rte_80,2024-06-08,perfect_foresight_upper_bound,8855.063870001175,0.0,8855.063870001175,1.144427190999916,0.9155417527999326,5,5
rte_80,2024-06-09,perfect_foresight_upper_bound,804.0095581939378,0.0,804.0095581939378,0.894427190999916,0.7155417527999327,4,4
rte_80,2024-06-10,perfect_foresight_upper_bound,4188.033333011836,0.0,4188.033333011836,1.341640786499874,1.0733126291998991,6,5
rte_80,2024-06-11,perfect_foresight_upper_bound,8363.534954085466,0.0,8363.534954085466,1.341640786499874,1.0733126291998991,6,5
rte_80,2024-06-12,perfect_foresight_upper_bound,5791.352414785658,0.0,5791.352414785658,1.3416407864998738,1.0733126291998991,6,5
rte_80,2024-06-13,perfect_foresight_upper_bound,5897.5749127414965,0.0,5897.5749127414965,1.341640786499874,1.073312629199899,6,5
rte_80,2024-06-14,perfect_foresight_upper_bound,7411.539853849378,0.0,7411.539853849378,1.341640786499874,1.073312629199899,6,5
rte_80,2024-06-15,perfect_foresight_upper_bound,5838.12639680564,0.0,5838.12639680564,1.3416407864998738,1.073312629199899,6,5
rte_80,2024-06-16,perfect_foresight_upper_bound,12468.814473335904,0.0,12468.814473335904,1.3416407864998738,1.073312629199899,6,5
rte_80,2024-06-17,perfect_foresight_upper_bound,6145.617321279488,0.0,6145.617321279488,1.341640786499874,1.0733126291998991,6,5
rte_80,2024-06-18,perfect_foresight_upper_bound,3817.877828948702,0.0,3817.877828948702,0.894427190999916,0.7155417527999327,4,3
rte_80,2024-06-19,perfect_foresight_upper_bound,9475.193959901266,0.0,9475.193959901266,1.5916407864998738,1.273312629199899,7,6
rte_80,2024-06-20,perfect_foresight_upper_bound,3098.806331424732,0.0,3098.806331424732,0.947213595499958,0.7577708763999663,4,4
rte_80,2024-06-21,perfect_foresight_upper_bound,1198.4816941489362,0.0,1198.4816941489362,0.894427190999916,0.7155417527999327,4,3
rte_80,2024-06-22,perfect_foresight_upper_bound,4269.418115473762,0.0,4269.418115473762,1.4277864045000421,1.1422291236000335,6,6
rte_80,2024-06-23,perfect_foresight_upper_bound,1815.7974289688518,0.0,1815.7974289688518,0.894427190999916,0.7155417527999327,4,3
rte_80,2024-06-24,perfect_foresight_upper_bound,3261.705089176725,0.0,3261.705089176725,0.894427190999916,0.7155417527999327,4,3
rte_80,2024-06-25,perfect_foresight_upper_bound,3570.8258622167727,0.0,3570.8258622167727,0.947213595499958,0.7577708763999663,4,4
rte_80,2024-06-26,perfect_foresight_upper_bound,1109.5361972979592,0.0,1109.5361972979592,0.947213595499958,0.7577708763999663,4,4
rte_80,2024-06-27,perfect_foresight_upper_bound,1280.6532089799334,0.0,1280.6532089799334,0.75,0.6,3,3
rte_80,2024-06-28,perfect_foresight_upper_bound,230.99689437998404,0.0,230.99689437998404,0.697213595499958,0.5577708763999663,3,3
rte_80,2024-06-29,perfect_foresight_upper_bound,8683.921530691292,0.0,8683.921530691292,1.206927190999916,0.9655417527999326,6,5
rte_80,2024-06-30,perfect_foresight_upper_bound,2537.799309647888,0.0,2537.799309647888,0.894427190999916,0.7155417527999327,4,4
rte_80,2024-07-01,perfect_foresight_upper_bound,2805.2540368237737,0.0,2805.2540368237737,0.894427190999916,0.7155417527999327,4,3
rte_80,2024-07-02,perfect_foresight_upper_bound,2302.3590404298548,0.0,2302.3590404298548,1.341640786499874,1.073312629199899,6,5
rte_80,2024-07-03,perfect_foresight_upper_bound,3928.2530532166893,0.0,3928.2530532166893,0.947213595499958,0.7577708763999663,4,4
rte_80,2024-07-04,perfect_foresight_upper_bound,6274.134091386448,0.0,6274.134091386448,1.206927190999916,0.9655417527999327,6,4
rte_80,2024-07-05,perfect_foresight_upper_bound,5685.170271618499,0.0,5685.170271618499,1.341640786499874,1.073312629199899,6,5
rte_80,2024-07-06,perfect_foresight_upper_bound,3578.2964453617637,0.0,3578.2964453617637,1.3416407864998738,1.0733126291998991,6,5
rte_80,2024-07-07,perfect_foresight_upper_bound,9972.666665059189,0.0,9972.666665059189,1.341640786499874,1.073312629199899,6,5
rte_80,2024-07-08,perfect_foresight_upper_bound,7002.6838325044055,0.0,7002.6838325044055,0.894427190999916,0.7155417527999327,4,3
rte_80,2024-07-09,perfect_foresight_upper_bound,9573.816768419103,0.0,9573.816768419103,0.894427190999916,0.7155417527999327,4,3
rte_80,2024-07-10,perfect_foresight_upper_bound,10055.920460549069,0.0,10055.920460549069,0.894427190999916,0.7155417527999327,4,3
rte_80,2024-07-11,perfect_foresight_upper_bound,4984.758936587692,0.0,4984.758936587692,1.394427190999916,1.1155417527999325,6,5
rte_80,2024-07-12,perfect_foresight_upper_bound,1473.5912696499026,0.0,1473.5912696499026,0.894427190999916,0.7155417527999327,4,3
rte_80,2024-07-13,perfect_foresight_upper_bound,3083.743822891779,0.0,3083.743822891779,1.341640786499874,1.073312629199899,6,5
rte_80,2024-07-14,perfect_foresight_upper_bound,2499.639561558894,0.0,2499.639561558894,1.341640786499874,1.0733126291998991,6,5
rte_80,2024-07-15,perfect_foresight_upper_bound,2146.516666505919,0.0,2146.516666505919,0.894427190999916,0.7155417527999327,4,3
rte_80,2024-07-16,perfect_foresight_upper_bound,708.4891303299461,0.0,708.4891303299461,0.625,0.5,3,2
rte_80,2024-07-17,perfect_foresight_upper_bound,2327.4398548138693,0.0,2327.4398548138693,0.894427190999916,0.7155417527999327,4,3
rte_80,2024-07-18,perfect_foresight_upper_bound,5139.012732077575,0.0,5139.012732077575,0.894427190999916,0.7155417527999327,4,3
rte_80,2024-07-19,perfect_foresight_upper_bound,4812.370306232556,0.0,4812.370306232556,0.894427190999916,0.7155417527999327,4,3
rte_80,2024-07-20,perfect_foresight_upper_bound,3772.203536366719,0.0,3772.203536366719,0.947213595499958,0.7577708763999663,4,4
rte_80,2024-07-21,perfect_foresight_upper_bound,7328.028087107379,0.0,7328.028087107379,1.3416407864998738,1.073312629199899,6,5
rte_80,2024-07-22,perfect_foresight_upper_bound,10784.23007066409,0.0,10784.23007066409,1.144427190999916,0.9155417527999327,5,4
rte_80,2024-07-23,perfect_foresight_upper_bound,10929.662696499032,0.0,10929.662696499032,1.206927190999916,0.9655417527999327,6,4
rte_80,2024-07-24,perfect_foresight_upper_bound,6885.667735201407,0.0,6885.667735201407,0.894427190999916,0.7155417527999327,4,3
rte_80,2024-07-25,perfect_foresight_upper_bound,4895.707211189655,0.0,4895.707211189655,0.894427190999916,0.7155417527999327,4,3
rte_80,2024-07-26,perfect_foresight_upper_bound,4990.786144894633,0.0,4990.786144894633,1.394427190999916,1.1155417527999325,6,5
rte_80,2024-07-27,perfect_foresight_upper_bound,5245.427259263537,0.0,5245.427259263537,0.894427190999916,0.7155417527999327,4,3
rte_80,2024-07-28,perfect_foresight_upper_bound,6251.519840389552,0.0,6251.519840389552,0.894427190999916,0.7155417527999327,4,3
rte_80,2024-07-29,perfect_foresight_upper_bound,10819.348859424057,0.0,10819.348859424057,1.4375,1.15,7,5
rte_80,2024-07-30,perfect_foresight_upper_bound,10291.252154939126,0.0,10291.252154939126,1.456927190999916,1.1655417527999326,7,5
rte_80,2024-07-31,perfect_foresight_upper_bound,10212.731951343127,0.0,10212.731951343127,0.894427190999916,0.7155417527999327,4,3
rte_80,2024-08-01,perfect_foresight_upper_bound,11247.878052011078,0.0,11247.878052011078,0.894427190999916,0.7155417527999327,4,3
rte_80,2024-08-02,perfect_foresight_upper_bound,4831.270944663587,0.0,4831.270944663587,0.894427190999916,0.7155417527999327,4,3
rte_80,2024-08-03,perfect_foresight_upper_bound,3175.7592644567194,0.0,3175.7592644567194,0.894427190999916,0.7155417527999327,4,3
rte_80,2024-08-04,perfect_foresight_upper_bound,4255.285368489628,0.0,4255.285368489628,1.2069271909999162,0.9655417527999327,6,4
rte_80,2024-08-05,perfect_foresight_upper_bound,3786.909695685666,0.0,3786.909695685666,0.894427190999916,0.7155417527999327,4,3
rte_80,2024-08-06,perfect_foresight_upper_bound,4632.13593793367,0.0,4632.13593793367,1.9569271909999162,1.5655417527999327,9,7
rte_80,2024-08-07,perfect_foresight_upper_bound,3252.933884907729,0.0,3252.933884907729,1.394427190999916,1.1155417527999325,6,5
rte_80,2024-08-08,perfect_foresight_upper_bound,4653.369961297622,0.0,4653.369961297622,1.2069271909999162,0.9655417527999327,6,4
rte_80,2024-08-09,perfect_foresight_upper_bound,3899.5781048966505,0.0,3899.5781048966505,0.894427190999916,0.7155417527999327,4,3
rte_80,2024-08-10,perfect_foresight_upper_bound,3884.629830294683,0.0,3884.629830294683,0.894427190999916,0.7155417527999327,4,3
rte_80,2024-08-11,perfect_foresight_upper_bound,4343.910920626644,0.0,4343.910920626644,1.3416407864998738,1.073312629199899,6,5
rte_80,2024-08-12,perfect_foresight_upper_bound,3460.9936156896965,0.0,3460.9936156896965,0.894427190999916,0.7155417527999327,4,3
rte_80,2024-08-13,perfect_foresight_upper_bound,3973.8598509666676,0.0,3973.8598509666676,1.3416407864998738,1.073312629199899,6,5
rte_80,2024-08-14,perfect_foresight_upper_bound,2775.1880948017797,0.0,2775.1880948017797,1.3416407864998738,1.073312629199899,6,5
rte_80,2024-08-15,perfect_foresight_upper_bound,2772.2450478327582,0.0,2772.2450478327582,1.1972135954999579,0.9577708763999662,5,4
rte_80,2024-08-16,perfect_foresight_upper_bound,2762.7537089547477,0.0,2762.7537089547477,0.894427190999916,0.7155417527999327,4,3
rte_80,2024-08-17,perfect_foresight_upper_bound,4958.657607804548,0.0,4958.657607804548,1.1972135954999579,0.9577708763999662,5,4
rte_80,2024-08-18,perfect_foresight_upper_bound,5466.7726181405405,0.0,5466.7726181405405,1.206927190999916,0.9655417527999327,6,4
rte_80,2024-08-19,perfect_foresight_upper_bound,4129.204105569638,0.0,4129.204105569638,0.894427190999916,0.7155417527999327,4,3
rte_80,2024-08-20,perfect_foresight_upper_bound,3882.8388709656583,0.0,3882.8388709656583,1.206927190999916,0.9655417527999327,6,4
rte_80,2024-08-21,perfect_foresight_upper_bound,3985.0254824266635,0.0,3985.0254824266635,0.894427190999916,0.7155417527999327,4,3
rte_80,2024-08-22,perfect_foresight_upper_bound,3339.4122321027594,0.0,3339.4122321027594,1.394427190999916,1.1155417527999325,6,5
rte_80,2024-08-23,perfect_foresight_upper_bound,3118.855279071779,0.0,3118.855279071779,1.144427190999916,0.9155417527999327,5,4
rte_80,2024-08-24,perfect_foresight_upper_bound,3439.6815556927177,0.0,3439.6815556927177,1.341640786499874,1.073312629199899,6,5
rte_80,2024-08-25,perfect_foresight_upper_bound,1606.2305898749037,0.0,1606.2305898749037,0.894427190999916,0.7155417527999327,4,3
rte_80,2024-08-26,perfect_foresight_upper_bound,4159.797911636636,0.0,4159.797911636636,0.894427190999916,0.7155417527999327,4,3
rte_80,2024-08-27,perfect_foresight_upper_bound,4054.9626460246777,0.0,4054.9626460246777,1.394427190999916,1.1155417527999325,6,5
rte_80,2024-08-28,perfect_foresight_upper_bound,4170.282470071696,0.0,4170.282470071696,0.894427190999916,0.7155417527999327,4,3
rte_80,2024-08-29,perfect_foresight_upper_bound,3634.387715011667,0.0,3634.387715011667,0.894427190999916,0.7155417527999327,4,3
rte_80,2024-08-30,perfect_foresight_upper_bound,17117.621720104096,0.0,17117.621720104096,1.644427190999916,1.3155417527999327,7,6
rte_80,2024-08-31,perfect_foresight_upper_bound,1491.1426671789077,0.0,1491.1426671789077,0.894427190999916,0.7155417527999327,4,3
rte_80,2024-09-01,perfect_foresight_upper_bound,4813.675585786583,0.0,4813.675585786583,1.3416407864998738,1.073312629199899,6,5
rte_80,2024-09-02,perfect_foresight_upper_bound,4584.951120616571,0.0,4584.951120616571,0.894427190999916,0.7155417527999327,4,3
rte_80,2024-09-03,perfect_foresight_upper_bound,3471.4920628796885,0.0,3471.4920628796885,0.894427190999916,0.7155417527999327,4,3
rte_80,2024-09-04,perfect_foresight_upper_bound,3707.144702656704,0.0,3707.144702656704,1.341640786499874,1.0733126291998991,6,5
rte_80,2024-09-05,perfect_foresight_upper_bound,4699.915251187639,0.0,4699.915251187639,1.341640786499874,1.073312629199899,6,5
rte_80,2024-09-06,perfect_foresight_upper_bound,4326.343097925613,0.0,4326.343097925613,0.947213595499958,0.7577708763999662,4,4
rte_80,2024-09-07,perfect_foresight_upper_bound,3365.957746260765,0.0,3365.957746260765,1.3416407864998738,1.073312629199899,6,5
rte_80,2024-09-08,perfect_foresight_upper_bound,4294.673463773652,0.0,4294.673463773652,1.3416407864998738,1.073312629199899,6,5
rte_80,2024-09-09,perfect_foresight_upper_bound,11924.849204358996,0.0,11924.849204358996,0.894427190999916,0.7155417527999327,4,3
rte_80,2024-09-10,perfect_foresight_upper_bound,9935.497358776252,0.0,9935.497358776252,0.894427190999916,0.7155417527999327,4,3
rte_80,2024-09-11,perfect_foresight_upper_bound,11820.816026145916,0.0,11820.816026145916,0.894427190999916,0.7155417527999327,4,3
rte_80,2024-09-12,perfect_foresight_upper_bound,7052.925947787419,0.0,7052.925947787419,0.894427190999916,0.7155417527999327,4,3
rte_80,2024-09-13,perfect_foresight_upper_bound,7703.072704193433,0.0,7703.072704193433,0.894427190999916,0.7155417527999327,4,3
rte_80,2024-09-14,perfect_foresight_upper_bound,4540.542148932582,0.0,4540.542148932582,0.947213595499958,0.7577708763999663,4,4
rte_80,2024-09-15,perfect_foresight_upper_bound,1980.2841094168398,0.0,1980.2841094168398,0.894427190999916,0.7155417527999327,4,3
rte_80,2024-09-16,perfect_foresight_upper_bound,4160.1570386016265,0.0,4160.1570386016265,0.894427190999916,0.7155417527999327,4,3
rte_80,2024-09-17,perfect_foresight_upper_bound,13947.112230173787,0.0,13947.112230173787,0.894427190999916,0.7155417527999327,4,3
rte_80,2024-09-18,perfect_foresight_upper_bound,13976.349031288726,0.0,13976.349031288726,0.894427190999916,0.7155417527999327,4,3
rte_80,2024-09-19,perfect_foresight_upper_bound,16723.708727456633,0.0,16723.708727456633,0.894427190999916,0.7155417527999327,4,3
rte_80,2024-09-20,perfect_foresight_upper_bound,13803.84903128872,0.0,13803.84903128872,1.144427190999916,0.9155417527999327,5,4
rte_80,2024-09-21,perfect_foresight_upper_bound,3967.385834332633,0.0,3967.385834332633,0.894427190999916,0.7155417527999327,4,3
rte_80,2024-09-22,perfect_foresight_upper_bound,2304.330848515825,0.0,2304.330848515825,0.894427190999916,0.7155417527999327,4,3
rte_80,2024-09-23,perfect_foresight_upper_bound,2149.7417008788493,0.0,2149.7417008788493,0.894427190999916,0.7155417527999327,4,3
rte_80,2024-09-24,perfect_foresight_upper_bound,5323.924809381577,0.0,5323.924809381577,1.341640786499874,1.073312629199899,6,5
rte_80,2024-09-25,perfect_foresight_upper_bound,3066.2803480587677,0.0,3066.2803480587677,0.894427190999916,0.7155417527999327,4,3
rte_80,2024-09-26,perfect_foresight_upper_bound,5028.139957691544,0.0,5028.139957691544,0.894427190999916,0.7155417527999327,4,3
rte_80,2024-09-27,perfect_foresight_upper_bound,3501.118391421709,0.0,3501.118391421709,0.894427190999916,0.7155417527999327,4,3
rte_80,2024-09-28,perfect_foresight_upper_bound,1272.2819874039105,0.0,1272.2819874039105,0.9999999999999999,0.7999999999999998,4,4
rte_80,2024-09-29,perfect_foresight_upper_bound,929.799413248928,0.0,929.799413248928,0.7597135954999581,0.6077708763999663,4,3
rte_80,2024-09-30,perfect_foresight_upper_bound,3167.4016903017355,0.0,3167.4016903017355,0.894427190999916,0.7155417527999327,4,3
rte_80,2024-10-01,perfect_foresight_upper_bound,5152.054812746535,0.0,5152.054812746535,0.894427190999916,0.7155417527999327,4,3
rte_80,2024-10-02,perfect_foresight_upper_bound,5336.356986680546,0.0,5336.356986680546,0.947213595499958,0.7577708763999662,4,4
rte_80,2024-10-03,perfect_foresight_upper_bound,4677.464440168581,0.0,4677.464440168581,1.394427190999916,1.1155417527999325,6,5
rte_80,2024-10-04,perfect_foresight_upper_bound,4524.62329118562,0.0,4524.62329118562,1.394427190999916,1.1155417527999325,6,5
rte_80,2024-10-05,perfect_foresight_upper_bound,2448.963388297874,0.0,2448.963388297874,1.144427190999916,0.9155417527999327,5,5
rte_80,2024-10-06,perfect_foresight_upper_bound,5777.011835005624,0.0,5777.011835005624,1.341640786499874,1.073312629199899,6,5
rte_80,2024-10-07,perfect_foresight_upper_bound,4797.48764578356,0.0,4797.48764578356,0.894427190999916,0.7155417527999327,4,3
rte_80,2024-10-08,perfect_foresight_upper_bound,3110.8255343477413,0.0,3110.8255343477413,1.394427190999916,1.1155417527999325,6,5
rte_80,2024-10-09,perfect_foresight_upper_bound,6252.744633428593,0.0,6252.744633428593,1.341640786499874,1.0733126291998991,6,5
rte_80,2024-10-10,perfect_foresight_upper_bound,8876.494908894298,0.0,8876.494908894298,1.3416407864998738,1.073312629199899,6,5
rte_80,2024-10-11,perfect_foresight_upper_bound,12106.81423200201,0.0,12106.81423200201,1.341640786499874,1.073312629199899,6,5
rte_80,2024-10-12,perfect_foresight_upper_bound,8982.138473145158,0.0,8982.138473145158,0.894427190999916,0.7155417527999327,4,4
rte_80,2024-10-13,perfect_foresight_upper_bound,9191.837852021155,0.0,9191.837852021155,1.144427190999916,0.9155417527999327,5,5
rte_80,2024-10-14,perfect_foresight_upper_bound,6414.436817457475,0.0,6414.436817457475,1.341640786499874,1.073312629199899,6,5
rte_80,2024-10-15,perfect_foresight_upper_bound,6417.9414758875,0.0,6417.9414758875,1.341640786499874,1.0733126291998991,6,5
rte_80,2024-10-16,perfect_foresight_upper_bound,3927.3638536586327,0.0,3927.3638536586327,0.894427190999916,0.7155417527999327,4,3
rte_80,2024-10-17,perfect_foresight_upper_bound,11170.628259213161,0.0,11170.628259213161,1.341640786499874,1.073312629199899,6,5
rte_80,2024-10-18,perfect_foresight_upper_bound,8942.979968268657,0.0,8942.979968268657,0.894427190999916,0.7155417527999327,4,3
rte_80,2024-10-19,perfect_foresight_upper_bound,3161.632038842749,0.0,3161.632038842749,0.894427190999916,0.7155417527999327,4,3
rte_80,2024-10-20,perfect_foresight_upper_bound,9666.007486173115,0.0,9666.007486173115,1.144427190999916,0.9155417527999326,5,5
rte_80,2024-10-21,perfect_foresight_upper_bound,5820.148946682561,0.0,5820.148946682561,1.788854381999832,1.4310835055998654,8,6
rte_80,2024-10-22,perfect_foresight_upper_bound,4316.315561749641,0.0,4316.315561749641,1.341640786499874,1.0733126291998991,6,5
rte_80,2024-10-23,perfect_foresight_upper_bound,4836.329450504575,0.0,4836.329450504575,0.894427190999916,0.7155417527999327,4,3
rte_80,2024-10-24,perfect_foresight_upper_bound,6290.456348249514,0.0,6290.456348249514,1.341640786499874,1.073312629199899,6,5
rte_80,2024-10-25,perfect_foresight_upper_bound,4314.25060333473,0.0,4314.25060333473,1.1972135954999579,0.9577708763999662,5,4
rte_80,2024-10-26,perfect_foresight_upper_bound,2320.1008278438385,0.0,2320.1008278438385,1.3416407864998738,1.073312629199899,6,5
rte_80,2024-10-27,perfect_foresight_upper_bound,2338.77667323583,0.0,2338.77667323583,1.144427190999916,0.9155417527999326,5,5
rte_80,2024-10-28,perfect_foresight_upper_bound,6269.848981296615,0.0,6269.848981296615,1.341640786499874,1.073312629199899,6,5
rte_80,2024-10-29,perfect_foresight_upper_bound,4720.670030284608,0.0,4720.670030284608,0.894427190999916,0.7155417527999327,4,3
rte_80,2024-10-30,perfect_foresight_upper_bound,5511.109643764586,0.0,5511.109643764586,1.341640786499874,1.073312629199899,6,5
rte_80,2024-10-31,perfect_foresight_upper_bound,3618.329088503733,0.0,3618.329088503733,1.5194271909999162,1.2155417527999326,7,5
rte_80,2024-11-01,perfect_foresight_upper_bound,2083.370807171856,0.0,2083.370807171856,0.894427190999916,0.7155417527999327,4,3
rte_80,2024-11-02,perfect_foresight_upper_bound,166.4999999999992,0.0,166.4999999999992,0.25,0.19999999999999996,1,1
rte_80,2024-11-03,perfect_foresight_upper_bound,8746.479052925193,0.0,8746.479052925193,1.144427190999916,0.9155417527999326,5,5
rte_80,2024-11-04,perfect_foresight_upper_bound,9207.57253112316,0.0,9207.57253112316,1.144427190999916,0.9155417527999326,5,5
rte_80,2024-11-05,perfect_foresight_upper_bound,5019.241286474687,0.0,5019.241286474687,1.341640786499874,1.0733126291998991,6,5
rte_80,2024-11-06,perfect_foresight_upper_bound,6197.135954999576,0.0,6197.135954999576,1.788854381999832,1.4310835055998654,8,6
rte_80,2024-11-07,perfect_foresight_upper_bound,8216.517873175382,0.0,8216.517873175382,1.341640786499874,1.0733126291998991,6,5
rte_80,2024-11-08,perfect_foresight_upper_bound,6578.059799045587,0.0,6578.059799045587,1.7888543819998317,1.4310835055998654,8,6
rte_80,2024-11-09,perfect_foresight_upper_bound,4934.47784625573,0.0,4934.47784625573,1.144427190999916,0.9155417527999327,5,5
rte_80,2024-11-10,perfect_foresight_upper_bound,4130.062007593651,0.0,4130.062007593651,1.341640786499874,1.073312629199899,6,5
rte_80,2024-11-11,perfect_foresight_upper_bound,7637.956676118544,0.0,7637.956676118544,1.788854381999832,1.4310835055998654,8,6
rte_80,2024-11-12,perfect_foresight_upper_bound,8740.40462285148,0.0,8740.40462285148,1.341640786499874,1.073312629199899,6,5
rte_80,2024-11-13,perfect_foresight_upper_bound,8997.77886351238,0.0,8997.77886351238,1.341640786499874,1.0733126291998991,6,5
rte_80,2024-11-14,perfect_foresight_upper_bound,5789.189561076649,0.0,5789.189561076649,1.341640786499874,1.073312629199899,6,5
rte_80,2024-11-15,perfect_foresight_upper_bound,2387.0797442417916,0.0,2387.0797442417916,0.894427190999916,0.7155417527999327,4,3
rte_80,2024-11-16,perfect_foresight_upper_bound,1108.0606278539153,0.0,1108.0606278539153,1.144427190999916,0.9155417527999327,5,5
rte_80,2024-11-17,perfect_foresight_upper_bound,3013.3379568278056,0.0,3013.3379568278056,1.144427190999916,0.9155417527999327,5,5
rte_80,2024-11-18,perfect_foresight_upper_bound,5242.261386469647,0.0,5242.261386469647,1.788854381999832,1.4310835055998654,8,6
rte_80,2024-11-19,perfect_foresight_upper_bound,6361.4244815125485,0.0,6361.4244815125485,1.788854381999832,1.4310835055998654,8,6
rte_80,2024-11-20,perfect_foresight_upper_bound,6184.232866686589,0.0,6184.232866686589,1.788854381999832,1.4310835055998654,8,6
rte_80,2024-11-21,perfect_foresight_upper_bound,8582.199601938373,0.0,8582.199601938373,1.788854381999832,1.4310835055998654,8,6
rte_80,2024-11-22,perfect_foresight_upper_bound,4504.703208497689,0.0,4504.703208497689,1.341640786499874,1.073312629199899,6,5
rte_80,2024-11-23,perfect_foresight_upper_bound,3181.057107829735,0.0,3181.057107829735,1.144427190999916,0.9155417527999327,5,5
rte_80,2024-11-24,perfect_foresight_upper_bound,4097.782470071697,0.0,4097.782470071697,1.144427190999916,0.9155417527999327,5,5
rte_80,2024-11-25,perfect_foresight_upper_bound,10715.043856541346,0.0,10715.043856541346,1.788854381999832,1.4310835055998654,8,6
rte_80,2024-11-26,perfect_foresight_upper_bound,6589.437145326499,0.0,6589.437145326499,1.788854381999832,1.4310835055998654,8,6
rte_80,2024-11-27,perfect_foresight_upper_bound,6035.816786690619,0.0,6035.816786690619,1.788854381999832,1.4310835055998654,8,6
rte_80,2024-11-28,perfect_foresight_upper_bound,6136.256400170596,0.0,6136.256400170596,1.788854381999832,1.4310835055998654,8,6
rte_80,2024-11-29,perfect_foresight_upper_bound,3437.198067399881,0.0,3437.198067399881,1.144427190999916,0.9155417527999326,5,5
rte_80,2024-11-30,perfect_foresight_upper_bound,2422.5717388578605,0.0,2422.5717388578605,1.072213595499958,0.8577708763999663,5,4
rte_80,2024-12-01,perfect_foresight_upper_bound,9705.906243925108,0.0,9705.906243925108,1.654140786499874,1.323312629199899,7,6
rte_80,2024-12-02,perfect_foresight_upper_bound,8799.782866204347,0.0,8799.782866204347,1.894427190999916,1.5155417527999326,8,7
rte_80,2024-12-03,perfect_foresight_upper_bound,5788.761921540759,0.0,5788.761921540759,1.519427190999916,1.2155417527999326,7,5
rte_80,2024-12-04,perfect_foresight_upper_bound,6297.49704917874,0.0,6297.49704917874,1.5194271909999162,1.2155417527999326,7,5
rte_80,2024-12-05,perfect_foresight_upper_bound,5331.015596363695,0.0,5331.015596363695,1.591640786499874,1.2733126291998988,7,6
rte_80,2024-12-06,perfect_foresight_upper_bound,5727.5035017526625,0.0,5727.5035017526625,1.788854381999832,1.4310835055998654,8,6
rte_80,2024-12-07,perfect_foresight_upper_bound,3818.91255997179,0.0,3818.91255997179,0.894427190999916,0.7155417527999327,4,4
rte_80,2024-12-08,perfect_foresight_upper_bound,6635.498998121399,0.0,6635.498998121399,1.3416407864998738,1.0733126291998991,6,5
rte_80,2024-12-09,perfect_foresight_upper_bound,5388.69822219864,0.0,5388.69822219864,1.788854381999832,1.4310835055998654,8,6
rte_80,2024-12-10,perfect_foresight_upper_bound,5227.225189171688,0.0,5227.225189171688,1.788854381999832,1.4310835055998654,8,6
rte_80,2024-12-11,perfect_foresight_upper_bound,7302.3615585754305,0.0,7302.3615585754305,1.788854381999832,1.4310835055998654,8,6
rte_80,2024-12-12,perfect_foresight_upper_bound,7128.799050042481,0.0,7128.799050042481,1.788854381999832,1.4310835055998652,8,6
rte_80,2024-12-13,perfect_foresight_upper_bound,6546.973670493493,0.0,6546.973670493493,1.788854381999832,1.4310835055998654,8,6
rte_80,2024-12-14,perfect_foresight_upper_bound,6654.338888031566,0.0,6654.338888031566,1.519427190999916,1.2155417527999326,7,5
rte_80,2024-12-15,perfect_foresight_upper_bound,4516.536352096715,0.0,4516.536352096715,1.341640786499874,1.073312629199899,6,5
rte_80,2024-12-16,perfect_foresight_upper_bound,6209.8114725225405,0.0,6209.8114725225405,1.788854381999832,1.4310835055998654,8,6
rte_80,2024-12-17,perfect_foresight_upper_bound,5000.303467138609,0.0,5000.303467138609,1.788854381999832,1.4310835055998654,8,6
rte_80,2024-12-18,perfect_foresight_upper_bound,5181.835989613632,0.0,5181.835989613632,1.788854381999832,1.4310835055998654,8,6
rte_80,2024-12-19,perfect_foresight_upper_bound,11064.967527517081,0.0,11064.967527517081,1.788854381999832,1.4310835055998654,8,6
rte_80,2024-12-20,perfect_foresight_upper_bound,6210.904053648559,0.0,6210.904053648559,1.591640786499874,1.273312629199899,7,6
rte_80,2024-12-21,perfect_foresight_upper_bound,1226.0330916779435,0.0,1226.0330916779435,1.144427190999916,0.9155417527999326,5,5
rte_80,2024-12-22,perfect_foresight_upper_bound,4795.244961297623,0.0,4795.244961297623,1.3416407864998738,1.073312629199899,6,5
rte_80,2024-12-23,perfect_foresight_upper_bound,7092.449809140453,0.0,7092.449809140453,1.788854381999832,1.4310835055998654,8,6
rte_80,2024-12-24,perfect_foresight_upper_bound,6635.74920532348,0.0,6635.74920532348,1.788854381999832,1.4310835055998654,8,6
rte_80,2024-12-25,perfect_foresight_upper_bound,6539.576137682472,0.0,6539.576137682472,1.788854381999832,1.4310835055998654,8,6
rte_80,2024-12-26,perfect_foresight_upper_bound,5037.92857073965,0.0,5037.92857073965,1.788854381999832,1.4310835055998652,8,6
rte_80,2024-12-27,perfect_foresight_upper_bound,3264.7735676158154,0.0,3264.7735676158154,1.591640786499874,1.273312629199899,7,6
rte_80,2024-12-28,perfect_foresight_upper_bound,7588.9512754153275,0.0,7588.9512754153275,1.3416407864998738,1.073312629199899,6,5
rte_80,2024-12-29,perfect_foresight_upper_bound,4567.682780633698,0.0,4567.682780633698,1.144427190999916,0.9155417527999327,5,5
rte_80,2024-12-30,perfect_foresight_upper_bound,6923.309591843504,0.0,6923.309591843504,1.144427190999916,0.9155417527999328,5,5
rte_80,2024-12-31,perfect_foresight_upper_bound,8131.561834523378,0.0,8131.561834523378,1.25,0.9999999999999998,5,6
rte_80,2025-01-01,perfect_foresight_upper_bound,9542.372496509108,0.0,9542.372496509108,0.894427190999916,0.7155417527999327,4,4
rte_80,2025-01-02,perfect_foresight_upper_bound,9755.479397860126,0.0,9755.479397860126,1.904140786499874,1.523312629199899,9,7
rte_80,2025-01-03,perfect_foresight_upper_bound,5940.052690733606,0.0,5940.052690733606,1.322213595499958,1.0577708763999665,6,5
rte_80,2025-01-04,perfect_foresight_upper_bound,4791.599429832589,0.0,4791.599429832589,1.5916407864998738,1.273312629199899,7,6
rte_80,2025-01-05,perfect_foresight_upper_bound,3258.8144233437984,0.0,3258.8144233437984,1.5916407864998738,1.273312629199899,7,6
rte_80,2025-01-06,perfect_foresight_upper_bound,4624.0806413137425,0.0,4624.0806413137425,1.2069271909999162,0.9655417527999327,6,4
rte_80,2025-01-07,perfect_foresight_upper_bound,4774.34342579464,0.0,4774.34342579464,1.5916407864998738,1.273312629199899,7,6
rte_80,2025-01-08,perfect_foresight_upper_bound,5117.9740848976535,0.0,5117.9740848976535,1.591640786499874,1.273312629199899,7,6
rte_80,2025-01-09,perfect_foresight_upper_bound,7233.145754527412,0.0,7233.145754527412,1.788854381999832,1.4310835055998654,8,6
rte_80,2025-01-10,perfect_foresight_upper_bound,5941.365319933504,0.0,5941.365319933504,1.788854381999832,1.4310835055998654,8,6
rte_80,2025-01-11,perfect_foresight_upper_bound,3568.647480407689,0.0,3568.647480407689,1.144427190999916,0.9155417527999327,5,5
rte_80,2025-01-12,perfect_foresight_upper_bound,1634.5661833558877,0.0,1634.5661833558877,1.144427190999916,0.9155417527999326,5,5
rte_80,2025-01-13,perfect_foresight_upper_bound,4920.6186327556015,0.0,4920.6186327556015,1.341640786499874,1.073312629199899,6,5
rte_80,2025-01-14,perfect_foresight_upper_bound,4831.762283541595,0.0,4831.762283541595,1.788854381999832,1.4310835055998654,8,6
rte_80,2025-01-15,perfect_foresight_upper_bound,3813.8314177187453,0.0,3813.8314177187453,1.788854381999832,1.4310835055998654,8,6
rte_80,2025-01-16,perfect_foresight_upper_bound,6751.0213931995595,0.0,6751.0213931995595,1.788854381999832,1.4310835055998654,8,6
rte_80,2025-01-17,perfect_foresight_upper_bound,5391.6895610766505,0.0,5391.6895610766505,1.788854381999832,1.4310835055998654,8,6
rte_80,2025-01-18,perfect_foresight_upper_bound,6044.555140615564,0.0,6044.555140615564,0.894427190999916,0.7155417527999326,4,4
rte_80,2025-01-19,perfect_foresight_upper_bound,3068.7478255837455,0.0,3068.7478255837455,1.144427190999916,0.9155417527999326,5,5
rte_80,2025-01-20,perfect_foresight_upper_bound,5610.819564441605,0.0,5610.819564441605,1.591640786499874,1.273312629199899,7,6
rte_80,2025-01-21,perfect_foresight_upper_bound,4954.85707321568,0.0,4954.85707321568,1.788854381999832,1.4310835055998654,8,6
rte_80,2025-01-22,perfect_foresight_upper_bound,7987.574912741497,0.0,7987.574912741497,1.591640786499874,1.273312629199899,7,6
rte_80,2025-01-23,perfect_foresight_upper_bound,8862.199929807402,0.0,8862.199929807402,1.788854381999832,1.4310835055998654,8,6
rte_80,2025-01-24,perfect_foresight_upper_bound,4710.01870198371,0.0,4710.01870198371,1.788854381999832,1.4310835055998654,8,6
rte_80,2025-01-25,perfect_foresight_upper_bound,9508.87625786718,0.0,9508.87625786718,1.341640786499874,1.0733126291998991,6,5
rte_80,2025-01-26,perfect_foresight_upper_bound,9908.578086625133,0.0,9908.578086625133,1.394427190999916,1.1155417527999325,6,6
rte_80,2025-01-27,perfect_foresight_upper_bound,6325.031935000584,0.0,6325.031935000584,1.788854381999832,1.4310835055998654,8,6
rte_80,2025-01-28,perfect_foresight_upper_bound,3854.630813901769,0.0,3854.630813901769,1.788854381999832,1.4310835055998654,8,6
rte_80,2025-01-29,perfect_foresight_upper_bound,4120.50326041877,0.0,4120.50326041877,1.788854381999832,1.4310835055998652,8,6
rte_80,2025-01-30,perfect_foresight_upper_bound,7237.136282868604,0.0,7237.136282868604,1.788854381999832,1.4310835055998654,8,6
rte_80,2025-01-31,perfect_foresight_upper_bound,4898.427017929642,0.0,4898.427017929642,1.788854381999832,1.4310835055998654,8,6
rte_80,2025-02-01,perfect_foresight_upper_bound,2097.422532569891,0.0,2097.422532569891,1.144427190999916,0.9155417527999327,5,5
rte_80,2025-02-02,perfect_foresight_upper_bound,1156.6708590929372,0.0,1156.6708590929372,0.894427190999916,0.7155417527999327,4,3
rte_80,2025-02-03,perfect_foresight_upper_bound,3539.3457208778427,0.0,3539.3457208778427,1.788854381999832,1.4310835055998654,8,6
rte_80,2025-02-04,perfect_foresight_upper_bound,5407.737197247581,0.0,5407.737197247581,1.788854381999832,1.4310835055998654,8,6
rte_80,2025-02-05,perfect_foresight_upper_bound,6928.92382577449,0.0,6928.92382577449,1.788854381999832,1.4310835055998654,8,6
rte_80,2025-02-06,perfect_foresight_upper_bound,8414.383452714292,0.0,8414.383452714292,1.788854381999832,1.4310835055998654,8,6
rte_80,2025-02-07,perfect_foresight_upper_bound,4145.493943558724,0.0,4145.493943558724,1.591640786499874,1.2733126291998988,7,6
rte_80,2025-02-08,perfect_foresight_upper_bound,4580.83165905264,0.0,4580.83165905264,1.341640786499874,1.0733126291998991,6,5
rte_80,2025-02-09,perfect_foresight_upper_bound,3746.8295370397095,0.0,3746.8295370397095,1.144427190999916,0.9155417527999327,5,5
rte_80,2025-02-10,perfect_foresight_upper_bound,7219.180485550498,0.0,7219.180485550498,1.788854381999832,1.4310835055998654,8,6
rte_80,2025-02-11,perfect_foresight_upper_bound,6083.6784842045145,0.0,6083.6784842045145,1.322213595499958,1.0577708763999663,6,5
rte_80,2025-02-12,perfect_foresight_upper_bound,4454.667011199727,0.0,4454.667011199727,1.788854381999832,1.4310835055998654,8,6
rte_80,2025-02-13,perfect_foresight_upper_bound,5564.671824428508,0.0,5564.671824428508,1.788854381999832,1.4310835055998654,8,6
rte_80,2025-02-14,perfect_foresight_upper_bound,9232.75753857644,0.0,9232.75753857644,1.4472135954999579,1.1577708763999663,6,6
rte_80,2025-02-15,perfect_foresight_upper_bound,6776.151310029384,0.0,6776.151310029384,0.894427190999916,0.7155417527999327,4,4
rte_80,2025-02-16,perfect_foresight_upper_bound,6694.336472281419,0.0,6694.336472281419,1.5916407864998738,1.273312629199899,7,6
rte_80,2025-02-17,perfect_foresight_upper_bound,7029.585126673491,0.0,7029.585126673491,1.591640786499874,1.273312629199899,7,6
rte_80,2025-02-18,perfect_foresight_upper_bound,6455.549912982617,0.0,6455.549912982617,1.591640786499874,1.273312629199899,7,6
rte_80,2025-02-19,perfect_foresight_upper_bound,9002.82216912232,0.0,9002.82216912232,1.788854381999832,1.4310835055998654,8,6
rte_80,2025-02-20,perfect_foresight_upper_bound,7809.333366661401,0.0,7809.333366661401,1.788854381999832,1.4310835055998654,8,6
rte_80,2025-02-21,perfect_foresight_upper_bound,7076.651310029381,0.0,7076.651310029381,1.591640786499874,1.2733126291998988,7,6
rte_80,2025-02-22,perfect_foresight_upper_bound,6819.863111385439,0.0,6819.863111385439,1.322213595499958,1.0577708763999663,6,5
rte_80,2025-02-23,perfect_foresight_upper_bound,6260.23588577147,0.0,6260.23588577147,1.341640786499874,1.073312629199899,6,5
rte_80,2025-02-24,perfect_foresight_upper_bound,7923.555623283347,0.0,7923.555623283347,1.341640786499874,1.073312629199899,6,5
rte_80,2025-02-25,perfect_foresight_upper_bound,10837.829277434299,0.0,10837.829277434299,1.591640786499874,1.273312629199899,7,6
rte_80,2025-02-26,perfect_foresight_upper_bound,8412.72346329141,0.0,8412.72346329141,1.3222135954999579,1.0577708763999663,6,5
rte_80,2025-02-27,perfect_foresight_upper_bound,9887.571634051212,0.0,9887.571634051212,0.894427190999916,0.7155417527999327,4,4
rte_80,2025-02-28,perfect_foresight_upper_bound,3437.3788125557876,0.0,3437.3788125557876,1.144427190999916,0.9155417527999328,5,5
rte_80,2025-03-01,perfect_foresight_upper_bound,9824.784573813113,0.0,9824.784573813113,1.144427190999916,0.9155417527999327,5,5
rte_80,2025-03-02,perfect_foresight_upper_bound,7610.902414303414,0.0,7610.902414303414,1.341640786499874,1.073312629199899,6,5
rte_80,2025-03-03,perfect_foresight_upper_bound,5374.539940384518,0.0,5374.539940384518,0.894427190999916,0.7155417527999327,4,3
rte_80,2025-03-04,perfect_foresight_upper_bound,17199.788403434803,0.0,17199.788403434803,1.788854381999832,1.4310835055998654,8,6
rte_80,2025-03-05,perfect_foresight_upper_bound,6936.022704675673,0.0,6936.022704675673,1.644427190999916,1.3155417527999327,7,6
rte_80,2025-03-06,perfect_foresight_upper_bound,5550.662266234571,0.0,5550.662266234571,1.7888543819998317,1.4310835055998654,8,6
rte_80,2025-03-07,perfect_foresight_upper_bound,10512.749118788346,0.0,10512.749118788346,1.788854381999832,1.4310835055998652,8,6
rte_80,2025-03-08,perfect_foresight_upper_bound,4636.942787363611,0.0,4636.942787363611,1.144427190999916,0.9155417527999327,5,5
rte_80,2025-03-09,perfect_foresight_upper_bound,11158.502172005034,0.0,11158.502172005034,1.394427190999916,1.1155417527999325,6,6
rte_80,2025-03-10,perfect_foresight_upper_bound,8134.180813419526,0.0,8134.180813419526,1.788854381999832,1.4310835055998652,8,6
rte_80,2025-03-11,perfect_foresight_upper_bound,5096.235403103682,0.0,5096.235403103682,1.341640786499874,1.073312629199899,6,5
rte_80,2025-03-12,perfect_foresight_upper_bound,4565.341303781713,0.0,4565.341303781713,1.341640786499874,1.0733126291998991,6,5
rte_80,2025-03-13,perfect_foresight_upper_bound,4271.553760875827,0.0,4271.553760875827,1.394427190999916,1.1155417527999325,6,6
rte_80,2025-03-14,perfect_foresight_upper_bound,10759.942441223067,0.0,10759.942441223067,1.591640786499874,1.273312629199899,7,6
rte_80,2025-03-15,perfect_foresight_upper_bound,2761.706969855761,0.0,2761.706969855761,1.144427190999916,0.9155417527999327,5,5
rte_80,2025-03-16,perfect_foresight_upper_bound,760.7473429159586,0.0,760.7473429159586,0.894427190999916,0.7155417527999327,4,3
rte_80,2025-03-17,perfect_foresight_upper_bound,5534.7901475865965,0.0,5534.7901475865965,1.788854381999832,1.4310835055998654,8,6
rte_80,2025-03-18,perfect_foresight_upper_bound,7302.501206669462,0.0,7302.501206669462,1.788854381999832,1.4310835055998654,8,6
rte_80,2025-03-19,perfect_foresight_upper_bound,7325.381986439422,0.0,7325.381986439422,1.788854381999832,1.4310835055998654,8,6
rte_80,2025-03-20,perfect_foresight_upper_bound,11243.95029180824,0.0,11243.95029180824,1.341640786499874,1.0733126291998991,6,5
rte_80,2025-03-21,perfect_foresight_upper_bound,8809.96369789539,0.0,8809.96369789539,0.894427190999916,0.7155417527999326,4,4
rte_80,2025-03-22,perfect_foresight_upper_bound,8765.166665059187,0.0,8765.166665059187,1.341640786499874,1.0733126291998991,6,5
rte_80,2025-03-23,perfect_foresight_upper_bound,7416.817838561329,0.0,7416.817838561329,1.144427190999916,0.9155417527999328,5,5
rte_80,2025-03-24,perfect_foresight_upper_bound,1510.2117148209197,0.0,1510.2117148209197,1.5916407864998738,1.273312629199899,7,6
rte_80,2025-03-25,perfect_foresight_upper_bound,7281.093701260346,0.0,7281.093701260346,1.591640786499874,1.273312629199899,7,6
rte_80,2025-03-26,perfect_foresight_upper_bound,8240.515664627317,0.0,8240.515664627317,1.841640786499874,1.473312629199899,8,7
rte_80,2025-03-27,perfect_foresight_upper_bound,3793.2305033397693,0.0,3793.2305033397693,1.341640786499874,1.073312629199899,6,5
rte_80,2025-03-28,perfect_foresight_upper_bound,1706.4489474059267,0.0,1706.4489474059267,1.206927190999916,0.9655417527999327,6,4
rte_80,2025-03-29,perfect_foresight_upper_bound,6403.811800391569,0.0,6403.811800391569,1.144427190999916,0.9155417527999326,5,5
rte_80,2025-03-30,perfect_foresight_upper_bound,8630.498583717233,0.0,8630.498583717233,1.144427190999916,0.9155417527999326,5,5
rte_80,2025-03-31,perfect_foresight_upper_bound,5553.30224219763,0.0,5553.30224219763,1.341640786499874,1.0733126291998991,6,5
rte_90,2024-04-01,no_operation,0.0,0.0,0.0,0.0,0.0,0,0
rte_90,2024-04-02,no_operation,0.0,0.0,0.0,0.0,0.0,0,0
rte_90,2024-04-03,no_operation,0.0,0.0,0.0,0.0,0.0,0,0
rte_90,2024-04-04,no_operation,0.0,0.0,0.0,0.0,0.0,0,0
rte_90,2024-04-05,no_operation,0.0,0.0,0.0,0.0,0.0,0,0
rte_90,2024-04-06,no_operation,0.0,0.0,0.0,0.0,0.0,0,0
rte_90,2024-04-07,no_operation,0.0,0.0,0.0,0.0,0.0,0,0
rte_90,2024-04-08,no_operation,0.0,0.0,0.0,0.0,0.0,0,0
rte_90,2024-04-09,no_operation,0.0,0.0,0.0,0.0,0.0,0,0
rte_90,2024-04-10,no_operation,0.0,0.0,0.0,0.0,0.0,0,0
rte_90,2024-04-11,no_operation,0.0,0.0,0.0,0.0,0.0,0,0
rte_90,2024-04-12,no_operation,0.0,0.0,0.0,0.0,0.0,0,0
rte_90,2024-04-13,no_operation,0.0,0.0,0.0,0.0,0.0,0,0
rte_90,2024-04-14,no_operation,0.0,0.0,0.0,0.0,0.0,0,0
rte_90,2024-04-15,no_operation,0.0,0.0,0.0,0.0,0.0,0,0
rte_90,2024-04-16,no_operation,0.0,0.0,0.0,0.0,0.0,0,0
rte_90,2024-04-17,no_operation,0.0,0.0,0.0,0.0,0.0,0,0
rte_90,2024-04-18,no_operation,0.0,0.0,0.0,0.0,0.0,0,0
rte_90,2024-04-19,no_operation,0.0,0.0,0.0,0.0,0.0,0,0
rte_90,2024-04-20,no_operation,0.0,0.0,0.0,0.0,0.0,0,0
rte_90,2024-04-21,no_operation,0.0,0.0,0.0,0.0,0.0,0,0
rte_90,2024-04-22,no_operation,0.0,0.0,0.0,0.0,0.0,0,0
rte_90,2024-04-23,no_operation,0.0,0.0,0.0,0.0,0.0,0,0
rte_90,2024-04-24,no_operation,0.0,0.0,0.0,0.0,0.0,0,0
rte_90,2024-04-25,no_operation,0.0,0.0,0.0,0.0,0.0,0,0
rte_90,2024-04-26,no_operation,0.0,0.0,0.0,0.0,0.0,0,0
rte_90,2024-04-27,no_operation,0.0,0.0,0.0,0.0,0.0,0,0
rte_90,2024-04-28,no_operation,0.0,0.0,0.0,0.0,0.0,0,0
rte_90,2024-04-29,no_operation,0.0,0.0,0.0,0.0,0.0,0,0
rte_90,2024-04-30,no_operation,0.0,0.0,0.0,0.0,0.0,0,0
rte_90,2024-05-01,no_operation,0.0,0.0,0.0,0.0,0.0,0,0
rte_90,2024-05-02,no_operation,0.0,0.0,0.0,0.0,0.0,0,0
rte_90,2024-05-03,no_operation,0.0,0.0,0.0,0.0,0.0,0,0
rte_90,2024-05-04,no_operation,0.0,0.0,0.0,0.0,0.0,0,0
rte_90,2024-05-05,no_operation,0.0,0.0,0.0,0.0,0.0,0,0
rte_90,2024-05-06,no_operation,0.0,0.0,0.0,0.0,0.0,0,0
rte_90,2024-05-07,no_operation,0.0,0.0,0.0,0.0,0.0,0,0
rte_90,2024-05-08,no_operation,0.0,0.0,0.0,0.0,0.0,0,0
rte_90,2024-05-09,no_operation,0.0,0.0,0.0,0.0,0.0,0,0
rte_90,2024-05-10,no_operation,0.0,0.0,0.0,0.0,0.0,0,0
rte_90,2024-05-11,no_operation,0.0,0.0,0.0,0.0,0.0,0,0
rte_90,2024-05-12,no_operation,0.0,0.0,0.0,0.0,0.0,0,0
rte_90,2024-05-13,no_operation,0.0,0.0,0.0,0.0,0.0,0,0
rte_90,2024-05-14,no_operation,0.0,0.0,0.0,0.0,0.0,0,0
rte_90,2024-05-15,no_operation,0.0,0.0,0.0,0.0,0.0,0,0
rte_90,2024-05-16,no_operation,0.0,0.0,0.0,0.0,0.0,0,0
rte_90,2024-05-17,no_operation,0.0,0.0,0.0,0.0,0.0,0,0
rte_90,2024-05-18,no_operation,0.0,0.0,0.0,0.0,0.0,0,0
rte_90,2024-05-19,no_operation,0.0,0.0,0.0,0.0,0.0,0,0
rte_90,2024-05-20,no_operation,0.0,0.0,0.0,0.0,0.0,0,0
rte_90,2024-05-21,no_operation,0.0,0.0,0.0,0.0,0.0,0,0
rte_90,2024-05-22,no_operation,0.0,0.0,0.0,0.0,0.0,0,0
rte_90,2024-05-23,no_operation,0.0,0.0,0.0,0.0,0.0,0,0
rte_90,2024-05-24,no_operation,0.0,0.0,0.0,0.0,0.0,0,0
rte_90,2024-05-25,no_operation,0.0,0.0,0.0,0.0,0.0,0,0
rte_90,2024-05-26,no_operation,0.0,0.0,0.0,0.0,0.0,0,0
rte_90,2024-05-27,no_operation,0.0,0.0,0.0,0.0,0.0,0,0
rte_90,2024-05-28,no_operation,0.0,0.0,0.0,0.0,0.0,0,0
rte_90,2024-05-29,no_operation,0.0,0.0,0.0,0.0,0.0,0,0
rte_90,2024-05-30,no_operation,0.0,0.0,0.0,0.0,0.0,0,0
rte_90,2024-05-31,no_operation,0.0,0.0,0.0,0.0,0.0,0,0
rte_90,2024-06-01,no_operation,0.0,0.0,0.0,0.0,0.0,0,0
rte_90,2024-06-02,no_operation,0.0,0.0,0.0,0.0,0.0,0,0
rte_90,2024-06-03,no_operation,0.0,0.0,0.0,0.0,0.0,0,0
rte_90,2024-06-04,no_operation,0.0,0.0,0.0,0.0,0.0,0,0
rte_90,2024-06-05,no_operation,0.0,0.0,0.0,0.0,0.0,0,0
rte_90,2024-06-06,no_operation,0.0,0.0,0.0,0.0,0.0,0,0
rte_90,2024-06-07,no_operation,0.0,0.0,0.0,0.0,0.0,0,0
rte_90,2024-06-08,no_operation,0.0,0.0,0.0,0.0,0.0,0,0
rte_90,2024-06-09,no_operation,0.0,0.0,0.0,0.0,0.0,0,0
rte_90,2024-06-10,no_operation,0.0,0.0,0.0,0.0,0.0,0,0
rte_90,2024-06-11,no_operation,0.0,0.0,0.0,0.0,0.0,0,0
rte_90,2024-06-12,no_operation,0.0,0.0,0.0,0.0,0.0,0,0
rte_90,2024-06-13,no_operation,0.0,0.0,0.0,0.0,0.0,0,0
rte_90,2024-06-14,no_operation,0.0,0.0,0.0,0.0,0.0,0,0
rte_90,2024-06-15,no_operation,0.0,0.0,0.0,0.0,0.0,0,0
rte_90,2024-06-16,no_operation,0.0,0.0,0.0,0.0,0.0,0,0
rte_90,2024-06-17,no_operation,0.0,0.0,0.0,0.0,0.0,0,0
rte_90,2024-06-18,no_operation,0.0,0.0,0.0,0.0,0.0,0,0
rte_90,2024-06-19,no_operation,0.0,0.0,0.0,0.0,0.0,0,0
rte_90,2024-06-20,no_operation,0.0,0.0,0.0,0.0,0.0,0,0
rte_90,2024-06-21,no_operation,0.0,0.0,0.0,0.0,0.0,0,0
rte_90,2024-06-22,no_operation,0.0,0.0,0.0,0.0,0.0,0,0
rte_90,2024-06-23,no_operation,0.0,0.0,0.0,0.0,0.0,0,0
rte_90,2024-06-24,no_operation,0.0,0.0,0.0,0.0,0.0,0,0
rte_90,2024-06-25,no_operation,0.0,0.0,0.0,0.0,0.0,0,0
rte_90,2024-06-26,no_operation,0.0,0.0,0.0,0.0,0.0,0,0
rte_90,2024-06-27,no_operation,0.0,0.0,0.0,0.0,0.0,0,0
rte_90,2024-06-28,no_operation,0.0,0.0,0.0,0.0,0.0,0,0
rte_90,2024-06-29,no_operation,0.0,0.0,0.0,0.0,0.0,0,0
rte_90,2024-06-30,no_operation,0.0,0.0,0.0,0.0,0.0,0,0
rte_90,2024-07-01,no_operation,0.0,0.0,0.0,0.0,0.0,0,0
rte_90,2024-07-02,no_operation,0.0,0.0,0.0,0.0,0.0,0,0
rte_90,2024-07-03,no_operation,0.0,0.0,0.0,0.0,0.0,0,0
rte_90,2024-07-04,no_operation,0.0,0.0,0.0,0.0,0.0,0,0
rte_90,2024-07-05,no_operation,0.0,0.0,0.0,0.0,0.0,0,0
rte_90,2024-07-06,no_operation,0.0,0.0,0.0,0.0,0.0,0,0
rte_90,2024-07-07,no_operation,0.0,0.0,0.0,0.0,0.0,0,0
rte_90,2024-07-08,no_operation,0.0,0.0,0.0,0.0,0.0,0,0
rte_90,2024-07-09,no_operation,0.0,0.0,0.0,0.0,0.0,0,0
rte_90,2024-07-10,no_operation,0.0,0.0,0.0,0.0,0.0,0,0
rte_90,2024-07-11,no_operation,0.0,0.0,0.0,0.0,0.0,0,0
rte_90,2024-07-12,no_operation,0.0,0.0,0.0,0.0,0.0,0,0
rte_90,2024-07-13,no_operation,0.0,0.0,0.0,0.0,0.0,0,0
rte_90,2024-07-14,no_operation,0.0,0.0,0.0,0.0,0.0,0,0
rte_90,2024-07-15,no_operation,0.0,0.0,0.0,0.0,0.0,0,0
rte_90,2024-07-16,no_operation,0.0,0.0,0.0,0.0,0.0,0,0
rte_90,2024-07-17,no_operation,0.0,0.0,0.0,0.0,0.0,0,0
rte_90,2024-07-18,no_operation,0.0,0.0,0.0,0.0,0.0,0,0
rte_90,2024-07-19,no_operation,0.0,0.0,0.0,0.0,0.0,0,0
rte_90,2024-07-20,no_operation,0.0,0.0,0.0,0.0,0.0,0,0
rte_90,2024-07-21,no_operation,0.0,0.0,0.0,0.0,0.0,0,0
rte_90,2024-07-22,no_operation,0.0,0.0,0.0,0.0,0.0,0,0
rte_90,2024-07-23,no_operation,0.0,0.0,0.0,0.0,0.0,0,0
rte_90,2024-07-24,no_operation,0.0,0.0,0.0,0.0,0.0,0,0
rte_90,2024-07-25,no_operation,0.0,0.0,0.0,0.0,0.0,0,0
rte_90,2024-07-26,no_operation,0.0,0.0,0.0,0.0,0.0,0,0
rte_90,2024-07-27,no_operation,0.0,0.0,0.0,0.0,0.0,0,0
rte_90,2024-07-28,no_operation,0.0,0.0,0.0,0.0,0.0,0,0
rte_90,2024-07-29,no_operation,0.0,0.0,0.0,0.0,0.0,0,0
rte_90,2024-07-30,no_operation,0.0,0.0,0.0,0.0,0.0,0,0
rte_90,2024-07-31,no_operation,0.0,0.0,0.0,0.0,0.0,0,0
rte_90,2024-08-01,no_operation,0.0,0.0,0.0,0.0,0.0,0,0
rte_90,2024-08-02,no_operation,0.0,0.0,0.0,0.0,0.0,0,0
rte_90,2024-08-03,no_operation,0.0,0.0,0.0,0.0,0.0,0,0
rte_90,2024-08-04,no_operation,0.0,0.0,0.0,0.0,0.0,0,0
rte_90,2024-08-05,no_operation,0.0,0.0,0.0,0.0,0.0,0,0
rte_90,2024-08-06,no_operation,0.0,0.0,0.0,0.0,0.0,0,0
rte_90,2024-08-07,no_operation,0.0,0.0,0.0,0.0,0.0,0,0
rte_90,2024-08-08,no_operation,0.0,0.0,0.0,0.0,0.0,0,0
rte_90,2024-08-09,no_operation,0.0,0.0,0.0,0.0,0.0,0,0
rte_90,2024-08-10,no_operation,0.0,0.0,0.0,0.0,0.0,0,0
rte_90,2024-08-11,no_operation,0.0,0.0,0.0,0.0,0.0,0,0
rte_90,2024-08-12,no_operation,0.0,0.0,0.0,0.0,0.0,0,0
rte_90,2024-08-13,no_operation,0.0,0.0,0.0,0.0,0.0,0,0
rte_90,2024-08-14,no_operation,0.0,0.0,0.0,0.0,0.0,0,0
rte_90,2024-08-15,no_operation,0.0,0.0,0.0,0.0,0.0,0,0
rte_90,2024-08-16,no_operation,0.0,0.0,0.0,0.0,0.0,0,0
rte_90,2024-08-17,no_operation,0.0,0.0,0.0,0.0,0.0,0,0
rte_90,2024-08-18,no_operation,0.0,0.0,0.0,0.0,0.0,0,0
rte_90,2024-08-19,no_operation,0.0,0.0,0.0,0.0,0.0,0,0
rte_90,2024-08-20,no_operation,0.0,0.0,0.0,0.0,0.0,0,0
rte_90,2024-08-21,no_operation,0.0,0.0,0.0,0.0,0.0,0,0
rte_90,2024-08-22,no_operation,0.0,0.0,0.0,0.0,0.0,0,0
rte_90,2024-08-23,no_operation,0.0,0.0,0.0,0.0,0.0,0,0
rte_90,2024-08-24,no_operation,0.0,0.0,0.0,0.0,0.0,0,0
rte_90,2024-08-25,no_operation,0.0,0.0,0.0,0.0,0.0,0,0
rte_90,2024-08-26,no_operation,0.0,0.0,0.0,0.0,0.0,0,0
rte_90,2024-08-27,no_operation,0.0,0.0,0.0,0.0,0.0,0,0
rte_90,2024-08-28,no_operation,0.0,0.0,0.0,0.0,0.0,0,0
rte_90,2024-08-29,no_operation,0.0,0.0,0.0,0.0,0.0,0,0
rte_90,2024-08-30,no_operation,0.0,0.0,0.0,0.0,0.0,0,0
rte_90,2024-08-31,no_operation,0.0,0.0,0.0,0.0,0.0,0,0
rte_90,2024-09-01,no_operation,0.0,0.0,0.0,0.0,0.0,0,0
rte_90,2024-09-02,no_operation,0.0,0.0,0.0,0.0,0.0,0,0
rte_90,2024-09-03,no_operation,0.0,0.0,0.0,0.0,0.0,0,0
rte_90,2024-09-04,no_operation,0.0,0.0,0.0,0.0,0.0,0,0
rte_90,2024-09-05,no_operation,0.0,0.0,0.0,0.0,0.0,0,0
rte_90,2024-09-06,no_operation,0.0,0.0,0.0,0.0,0.0,0,0
rte_90,2024-09-07,no_operation,0.0,0.0,0.0,0.0,0.0,0,0
rte_90,2024-09-08,no_operation,0.0,0.0,0.0,0.0,0.0,0,0
rte_90,2024-09-09,no_operation,0.0,0.0,0.0,0.0,0.0,0,0
rte_90,2024-09-10,no_operation,0.0,0.0,0.0,0.0,0.0,0,0
rte_90,2024-09-11,no_operation,0.0,0.0,0.0,0.0,0.0,0,0
rte_90,2024-09-12,no_operation,0.0,0.0,0.0,0.0,0.0,0,0
rte_90,2024-09-13,no_operation,0.0,0.0,0.0,0.0,0.0,0,0
rte_90,2024-09-14,no_operation,0.0,0.0,0.0,0.0,0.0,0,0
rte_90,2024-09-15,no_operation,0.0,0.0,0.0,0.0,0.0,0,0
rte_90,2024-09-16,no_operation,0.0,0.0,0.0,0.0,0.0,0,0
rte_90,2024-09-17,no_operation,0.0,0.0,0.0,0.0,0.0,0,0
rte_90,2024-09-18,no_operation,0.0,0.0,0.0,0.0,0.0,0,0
rte_90,2024-09-19,no_operation,0.0,0.0,0.0,0.0,0.0,0,0
rte_90,2024-09-20,no_operation,0.0,0.0,0.0,0.0,0.0,0,0
rte_90,2024-09-21,no_operation,0.0,0.0,0.0,0.0,0.0,0,0
rte_90,2024-09-22,no_operation,0.0,0.0,0.0,0.0,0.0,0,0
rte_90,2024-09-23,no_operation,0.0,0.0,0.0,0.0,0.0,0,0
rte_90,2024-09-24,no_operation,0.0,0.0,0.0,0.0,0.0,0,0
rte_90,2024-09-25,no_operation,0.0,0.0,0.0,0.0,0.0,0,0
rte_90,2024-09-26,no_operation,0.0,0.0,0.0,0.0,0.0,0,0
rte_90,2024-09-27,no_operation,0.0,0.0,0.0,0.0,0.0,0,0
rte_90,2024-09-28,no_operation,0.0,0.0,0.0,0.0,0.0,0,0
rte_90,2024-09-29,no_operation,0.0,0.0,0.0,0.0,0.0,0,0
rte_90,2024-09-30,no_operation,0.0,0.0,0.0,0.0,0.0,0,0
rte_90,2024-10-01,no_operation,0.0,0.0,0.0,0.0,0.0,0,0
rte_90,2024-10-02,no_operation,0.0,0.0,0.0,0.0,0.0,0,0
rte_90,2024-10-03,no_operation,0.0,0.0,0.0,0.0,0.0,0,0
rte_90,2024-10-04,no_operation,0.0,0.0,0.0,0.0,0.0,0,0
rte_90,2024-10-05,no_operation,0.0,0.0,0.0,0.0,0.0,0,0
rte_90,2024-10-06,no_operation,0.0,0.0,0.0,0.0,0.0,0,0
rte_90,2024-10-07,no_operation,0.0,0.0,0.0,0.0,0.0,0,0
rte_90,2024-10-08,no_operation,0.0,0.0,0.0,0.0,0.0,0,0
rte_90,2024-10-09,no_operation,0.0,0.0,0.0,0.0,0.0,0,0
rte_90,2024-10-10,no_operation,0.0,0.0,0.0,0.0,0.0,0,0
rte_90,2024-10-11,no_operation,0.0,0.0,0.0,0.0,0.0,0,0
rte_90,2024-10-12,no_operation,0.0,0.0,0.0,0.0,0.0,0,0
rte_90,2024-10-13,no_operation,0.0,0.0,0.0,0.0,0.0,0,0
rte_90,2024-10-14,no_operation,0.0,0.0,0.0,0.0,0.0,0,0
rte_90,2024-10-15,no_operation,0.0,0.0,0.0,0.0,0.0,0,0
rte_90,2024-10-16,no_operation,0.0,0.0,0.0,0.0,0.0,0,0
rte_90,2024-10-17,no_operation,0.0,0.0,0.0,0.0,0.0,0,0
rte_90,2024-10-18,no_operation,0.0,0.0,0.0,0.0,0.0,0,0
rte_90,2024-10-19,no_operation,0.0,0.0,0.0,0.0,0.0,0,0
rte_90,2024-10-20,no_operation,0.0,0.0,0.0,0.0,0.0,0,0
rte_90,2024-10-21,no_operation,0.0,0.0,0.0,0.0,0.0,0,0
rte_90,2024-10-22,no_operation,0.0,0.0,0.0,0.0,0.0,0,0
rte_90,2024-10-23,no_operation,0.0,0.0,0.0,0.0,0.0,0,0
rte_90,2024-10-24,no_operation,0.0,0.0,0.0,0.0,0.0,0,0
rte_90,2024-10-25,no_operation,0.0,0.0,0.0,0.0,0.0,0,0
rte_90,2024-10-26,no_operation,0.0,0.0,0.0,0.0,0.0,0,0
rte_90,2024-10-27,no_operation,0.0,0.0,0.0,0.0,0.0,0,0
rte_90,2024-10-28,no_operation,0.0,0.0,0.0,0.0,0.0,0,0
rte_90,2024-10-29,no_operation,0.0,0.0,0.0,0.0,0.0,0,0
rte_90,2024-10-30,no_operation,0.0,0.0,0.0,0.0,0.0,0,0
rte_90,2024-10-31,no_operation,0.0,0.0,0.0,0.0,0.0,0,0
rte_90,2024-11-01,no_operation,0.0,0.0,0.0,0.0,0.0,0,0
rte_90,2024-11-02,no_operation,0.0,0.0,0.0,0.0,0.0,0,0
rte_90,2024-11-03,no_operation,0.0,0.0,0.0,0.0,0.0,0,0
rte_90,2024-11-04,no_operation,0.0,0.0,0.0,0.0,0.0,0,0
rte_90,2024-11-05,no_operation,0.0,0.0,0.0,0.0,0.0,0,0
rte_90,2024-11-06,no_operation,0.0,0.0,0.0,0.0,0.0,0,0
rte_90,2024-11-07,no_operation,0.0,0.0,0.0,0.0,0.0,0,0
rte_90,2024-11-08,no_operation,0.0,0.0,0.0,0.0,0.0,0,0
rte_90,2024-11-09,no_operation,0.0,0.0,0.0,0.0,0.0,0,0
rte_90,2024-11-10,no_operation,0.0,0.0,0.0,0.0,0.0,0,0
rte_90,2024-11-11,no_operation,0.0,0.0,0.0,0.0,0.0,0,0
rte_90,2024-11-12,no_operation,0.0,0.0,0.0,0.0,0.0,0,0
rte_90,2024-11-13,no_operation,0.0,0.0,0.0,0.0,0.0,0,0
rte_90,2024-11-14,no_operation,0.0,0.0,0.0,0.0,0.0,0,0
rte_90,2024-11-15,no_operation,0.0,0.0,0.0,0.0,0.0,0,0
rte_90,2024-11-16,no_operation,0.0,0.0,0.0,0.0,0.0,0,0
rte_90,2024-11-17,no_operation,0.0,0.0,0.0,0.0,0.0,0,0
rte_90,2024-11-18,no_operation,0.0,0.0,0.0,0.0,0.0,0,0
rte_90,2024-11-19,no_operation,0.0,0.0,0.0,0.0,0.0,0,0
rte_90,2024-11-20,no_operation,0.0,0.0,0.0,0.0,0.0,0,0
rte_90,2024-11-21,no_operation,0.0,0.0,0.0,0.0,0.0,0,0
rte_90,2024-11-22,no_operation,0.0,0.0,0.0,0.0,0.0,0,0
rte_90,2024-11-23,no_operation,0.0,0.0,0.0,0.0,0.0,0,0
rte_90,2024-11-24,no_operation,0.0,0.0,0.0,0.0,0.0,0,0
rte_90,2024-11-25,no_operation,0.0,0.0,0.0,0.0,0.0,0,0
rte_90,2024-11-26,no_operation,0.0,0.0,0.0,0.0,0.0,0,0
rte_90,2024-11-27,no_operation,0.0,0.0,0.0,0.0,0.0,0,0
rte_90,2024-11-28,no_operation,0.0,0.0,0.0,0.0,0.0,0,0
rte_90,2024-11-29,no_operation,0.0,0.0,0.0,0.0,0.0,0,0
rte_90,2024-11-30,no_operation,0.0,0.0,0.0,0.0,0.0,0,0
rte_90,2024-12-01,no_operation,0.0,0.0,0.0,0.0,0.0,0,0
rte_90,2024-12-02,no_operation,0.0,0.0,0.0,0.0,0.0,0,0
rte_90,2024-12-03,no_operation,0.0,0.0,0.0,0.0,0.0,0,0
rte_90,2024-12-04,no_operation,0.0,0.0,0.0,0.0,0.0,0,0
rte_90,2024-12-05,no_operation,0.0,0.0,0.0,0.0,0.0,0,0
rte_90,2024-12-06,no_operation,0.0,0.0,0.0,0.0,0.0,0,0
rte_90,2024-12-07,no_operation,0.0,0.0,0.0,0.0,0.0,0,0
rte_90,2024-12-08,no_operation,0.0,0.0,0.0,0.0,0.0,0,0
rte_90,2024-12-09,no_operation,0.0,0.0,0.0,0.0,0.0,0,0
rte_90,2024-12-10,no_operation,0.0,0.0,0.0,0.0,0.0,0,0
rte_90,2024-12-11,no_operation,0.0,0.0,0.0,0.0,0.0,0,0
rte_90,2024-12-12,no_operation,0.0,0.0,0.0,0.0,0.0,0,0
rte_90,2024-12-13,no_operation,0.0,0.0,0.0,0.0,0.0,0,0
rte_90,2024-12-14,no_operation,0.0,0.0,0.0,0.0,0.0,0,0
rte_90,2024-12-15,no_operation,0.0,0.0,0.0,0.0,0.0,0,0
rte_90,2024-12-16,no_operation,0.0,0.0,0.0,0.0,0.0,0,0
rte_90,2024-12-17,no_operation,0.0,0.0,0.0,0.0,0.0,0,0
rte_90,2024-12-18,no_operation,0.0,0.0,0.0,0.0,0.0,0,0
rte_90,2024-12-19,no_operation,0.0,0.0,0.0,0.0,0.0,0,0
rte_90,2024-12-20,no_operation,0.0,0.0,0.0,0.0,0.0,0,0
rte_90,2024-12-21,no_operation,0.0,0.0,0.0,0.0,0.0,0,0
rte_90,2024-12-22,no_operation,0.0,0.0,0.0,0.0,0.0,0,0
rte_90,2024-12-23,no_operation,0.0,0.0,0.0,0.0,0.0,0,0
rte_90,2024-12-24,no_operation,0.0,0.0,0.0,0.0,0.0,0,0
rte_90,2024-12-25,no_operation,0.0,0.0,0.0,0.0,0.0,0,0
rte_90,2024-12-26,no_operation,0.0,0.0,0.0,0.0,0.0,0,0
rte_90,2024-12-27,no_operation,0.0,0.0,0.0,0.0,0.0,0,0
rte_90,2024-12-28,no_operation,0.0,0.0,0.0,0.0,0.0,0,0
rte_90,2024-12-29,no_operation,0.0,0.0,0.0,0.0,0.0,0,0
rte_90,2024-12-30,no_operation,0.0,0.0,0.0,0.0,0.0,0,0
rte_90,2024-12-31,no_operation,0.0,0.0,0.0,0.0,0.0,0,0
rte_90,2025-01-01,no_operation,0.0,0.0,0.0,0.0,0.0,0,0
rte_90,2025-01-02,no_operation,0.0,0.0,0.0,0.0,0.0,0,0
rte_90,2025-01-03,no_operation,0.0,0.0,0.0,0.0,0.0,0,0
rte_90,2025-01-04,no_operation,0.0,0.0,0.0,0.0,0.0,0,0
rte_90,2025-01-05,no_operation,0.0,0.0,0.0,0.0,0.0,0,0
rte_90,2025-01-06,no_operation,0.0,0.0,0.0,0.0,0.0,0,0
rte_90,2025-01-07,no_operation,0.0,0.0,0.0,0.0,0.0,0,0
rte_90,2025-01-08,no_operation,0.0,0.0,0.0,0.0,0.0,0,0
rte_90,2025-01-09,no_operation,0.0,0.0,0.0,0.0,0.0,0,0
rte_90,2025-01-10,no_operation,0.0,0.0,0.0,0.0,0.0,0,0
rte_90,2025-01-11,no_operation,0.0,0.0,0.0,0.0,0.0,0,0
rte_90,2025-01-12,no_operation,0.0,0.0,0.0,0.0,0.0,0,0
rte_90,2025-01-13,no_operation,0.0,0.0,0.0,0.0,0.0,0,0
rte_90,2025-01-14,no_operation,0.0,0.0,0.0,0.0,0.0,0,0
rte_90,2025-01-15,no_operation,0.0,0.0,0.0,0.0,0.0,0,0
rte_90,2025-01-16,no_operation,0.0,0.0,0.0,0.0,0.0,0,0
rte_90,2025-01-17,no_operation,0.0,0.0,0.0,0.0,0.0,0,0
rte_90,2025-01-18,no_operation,0.0,0.0,0.0,0.0,0.0,0,0
rte_90,2025-01-19,no_operation,0.0,0.0,0.0,0.0,0.0,0,0
rte_90,2025-01-20,no_operation,0.0,0.0,0.0,0.0,0.0,0,0
rte_90,2025-01-21,no_operation,0.0,0.0,0.0,0.0,0.0,0,0
rte_90,2025-01-22,no_operation,0.0,0.0,0.0,0.0,0.0,0,0
rte_90,2025-01-23,no_operation,0.0,0.0,0.0,0.0,0.0,0,0
rte_90,2025-01-24,no_operation,0.0,0.0,0.0,0.0,0.0,0,0
rte_90,2025-01-25,no_operation,0.0,0.0,0.0,0.0,0.0,0,0
rte_90,2025-01-26,no_operation,0.0,0.0,0.0,0.0,0.0,0,0
rte_90,2025-01-27,no_operation,0.0,0.0,0.0,0.0,0.0,0,0
rte_90,2025-01-28,no_operation,0.0,0.0,0.0,0.0,0.0,0,0
rte_90,2025-01-29,no_operation,0.0,0.0,0.0,0.0,0.0,0,0
rte_90,2025-01-30,no_operation,0.0,0.0,0.0,0.0,0.0,0,0
rte_90,2025-01-31,no_operation,0.0,0.0,0.0,0.0,0.0,0,0
rte_90,2025-02-01,no_operation,0.0,0.0,0.0,0.0,0.0,0,0
rte_90,2025-02-02,no_operation,0.0,0.0,0.0,0.0,0.0,0,0
rte_90,2025-02-03,no_operation,0.0,0.0,0.0,0.0,0.0,0,0
rte_90,2025-02-04,no_operation,0.0,0.0,0.0,0.0,0.0,0,0
rte_90,2025-02-05,no_operation,0.0,0.0,0.0,0.0,0.0,0,0
rte_90,2025-02-06,no_operation,0.0,0.0,0.0,0.0,0.0,0,0
rte_90,2025-02-07,no_operation,0.0,0.0,0.0,0.0,0.0,0,0
rte_90,2025-02-08,no_operation,0.0,0.0,0.0,0.0,0.0,0,0
rte_90,2025-02-09,no_operation,0.0,0.0,0.0,0.0,0.0,0,0
rte_90,2025-02-10,no_operation,0.0,0.0,0.0,0.0,0.0,0,0
rte_90,2025-02-11,no_operation,0.0,0.0,0.0,0.0,0.0,0,0
rte_90,2025-02-12,no_operation,0.0,0.0,0.0,0.0,0.0,0,0
rte_90,2025-02-13,no_operation,0.0,0.0,0.0,0.0,0.0,0,0
rte_90,2025-02-14,no_operation,0.0,0.0,0.0,0.0,0.0,0,0
rte_90,2025-02-15,no_operation,0.0,0.0,0.0,0.0,0.0,0,0
rte_90,2025-02-16,no_operation,0.0,0.0,0.0,0.0,0.0,0,0
rte_90,2025-02-17,no_operation,0.0,0.0,0.0,0.0,0.0,0,0
rte_90,2025-02-18,no_operation,0.0,0.0,0.0,0.0,0.0,0,0
rte_90,2025-02-19,no_operation,0.0,0.0,0.0,0.0,0.0,0,0
rte_90,2025-02-20,no_operation,0.0,0.0,0.0,0.0,0.0,0,0
rte_90,2025-02-21,no_operation,0.0,0.0,0.0,0.0,0.0,0,0
rte_90,2025-02-22,no_operation,0.0,0.0,0.0,0.0,0.0,0,0
rte_90,2025-02-23,no_operation,0.0,0.0,0.0,0.0,0.0,0,0
rte_90,2025-02-24,no_operation,0.0,0.0,0.0,0.0,0.0,0,0
rte_90,2025-02-25,no_operation,0.0,0.0,0.0,0.0,0.0,0,0
rte_90,2025-02-26,no_operation,0.0,0.0,0.0,0.0,0.0,0,0
rte_90,2025-02-27,no_operation,0.0,0.0,0.0,0.0,0.0,0,0
rte_90,2025-02-28,no_operation,0.0,0.0,0.0,0.0,0.0,0,0
rte_90,2025-03-01,no_operation,0.0,0.0,0.0,0.0,0.0,0,0
rte_90,2025-03-02,no_operation,0.0,0.0,0.0,0.0,0.0,0,0
rte_90,2025-03-03,no_operation,0.0,0.0,0.0,0.0,0.0,0,0
rte_90,2025-03-04,no_operation,0.0,0.0,0.0,0.0,0.0,0,0
rte_90,2025-03-05,no_operation,0.0,0.0,0.0,0.0,0.0,0,0
rte_90,2025-03-06,no_operation,0.0,0.0,0.0,0.0,0.0,0,0
rte_90,2025-03-07,no_operation,0.0,0.0,0.0,0.0,0.0,0,0
rte_90,2025-03-08,no_operation,0.0,0.0,0.0,0.0,0.0,0,0
rte_90,2025-03-09,no_operation,0.0,0.0,0.0,0.0,0.0,0,0
rte_90,2025-03-10,no_operation,0.0,0.0,0.0,0.0,0.0,0,0
rte_90,2025-03-11,no_operation,0.0,0.0,0.0,0.0,0.0,0,0
rte_90,2025-03-12,no_operation,0.0,0.0,0.0,0.0,0.0,0,0
rte_90,2025-03-13,no_operation,0.0,0.0,0.0,0.0,0.0,0,0
rte_90,2025-03-14,no_operation,0.0,0.0,0.0,0.0,0.0,0,0
rte_90,2025-03-15,no_operation,0.0,0.0,0.0,0.0,0.0,0,0
rte_90,2025-03-16,no_operation,0.0,0.0,0.0,0.0,0.0,0,0
rte_90,2025-03-17,no_operation,0.0,0.0,0.0,0.0,0.0,0,0
rte_90,2025-03-18,no_operation,0.0,0.0,0.0,0.0,0.0,0,0
rte_90,2025-03-19,no_operation,0.0,0.0,0.0,0.0,0.0,0,0
rte_90,2025-03-20,no_operation,0.0,0.0,0.0,0.0,0.0,0,0
rte_90,2025-03-21,no_operation,0.0,0.0,0.0,0.0,0.0,0,0
rte_90,2025-03-22,no_operation,0.0,0.0,0.0,0.0,0.0,0,0
rte_90,2025-03-23,no_operation,0.0,0.0,0.0,0.0,0.0,0,0
rte_90,2025-03-24,no_operation,0.0,0.0,0.0,0.0,0.0,0,0
rte_90,2025-03-25,no_operation,0.0,0.0,0.0,0.0,0.0,0,0
rte_90,2025-03-26,no_operation,0.0,0.0,0.0,0.0,0.0,0,0
rte_90,2025-03-27,no_operation,0.0,0.0,0.0,0.0,0.0,0,0
rte_90,2025-03-28,no_operation,0.0,0.0,0.0,0.0,0.0,0,0
rte_90,2025-03-29,no_operation,0.0,0.0,0.0,0.0,0.0,0,0
rte_90,2025-03-30,no_operation,0.0,0.0,0.0,0.0,0.0,0,0
rte_90,2025-03-31,no_operation,0.0,0.0,0.0,0.0,0.0,0,0
rte_90,2024-04-01,naive_forecast,10416.88383985471,0.0,10416.88383985471,1.686548085423136,1.517893276880822,8,8
rte_90,2024-04-02,naive_forecast,8491.407746708066,0.0,8491.407746708066,1.6865480854231358,1.517893276880822,8,8
rte_90,2024-04-03,naive_forecast,2653.0519745963684,0.0,2653.0519745963684,1.6865480854231358,1.517893276880822,8,8
rte_90,2024-04-04,naive_forecast,2288.9879107151087,0.0,2288.9879107151087,1.3432740427115677,1.208946638440411,6,6
rte_90,2024-04-05,naive_forecast,4861.888109430937,0.0,4861.888109430937,1.6865480854231354,1.5178932768808222,8,8
rte_90,2024-04-06,naive_forecast,7158.818021588331,0.0,7158.818021588331,1.6865480854231356,1.5178932768808222,8,8
rte_90,2024-04-07,naive_forecast,9642.321584701858,0.0,9642.321584701858,1.6865480854231358,1.5178932768808222,8,8
rte_90,2024-04-08,naive_forecast,1342.476168171026,0.0,1342.476168171026,1.2649110640673518,1.1384199576606167,6,6
rte_90,2024-04-09,naive_forecast,5929.60686830337,0.0,5929.60686830337,1.3988295982671235,1.258946638440411,7,6
rte_90,2024-04-10,naive_forecast,4670.5240025588355,0.0,4670.5240025588355,1.6865480854231358,1.5178932768808222,8,8
rte_90,2024-04-11,naive_forecast,5415.696013492637,0.0,5415.696013492637,1.6865480854231358,1.5178932768808222,8,8
rte_90,2024-04-12,naive_forecast,9155.369574419514,0.0,9155.369574419514,1.6865480854231358,1.5178932768808222,8,8
rte_90,2024-04-13,naive_forecast,9843.473197552546,0.0,9843.473197552546,1.6865480854231358,1.517893276880822,8,8
rte_90,2024-04-14,naive_forecast,8147.572944493433,0.0,8147.572944493433,1.6865480854231356,1.5178932768808222,8,8
rte_90,2024-04-15,naive_forecast,2581.6533879169074,0.0,2581.6533879169074,1.2649110640673518,1.1384199576606167,6,6
rte_90,2024-04-16,naive_forecast,3634.6470983265262,0.0,3634.6470983265262,1.6766073760449012,1.508946638440411,8,7
rte_90,2024-04-17,naive_forecast,9957.282175498849,0.0,9957.282175498849,1.264911064067352,1.1384199576606164,6,6
rte_90,2024-04-18,naive_forecast,7322.558570371667,0.0,7322.558570371667,1.4216370213557838,1.2794733192202055,6,7
rte_90,2024-04-19,naive_forecast,8640.087189247535,0.0,8640.087189247535,1.2649110640673515,1.1384199576606167,6,6
rte_90,2024-04-20,naive_forecast,7758.933697508626,0.0,7758.933697508626,1.3988295982671235,1.258946638440411,7,6
rte_90,2024-04-21,naive_forecast,1747.2205838205225,0.0,1747.2205838205225,1.8710518204893454,1.683946638440411,9,8
rte_90,2024-04-22,naive_forecast,1214.1948775647436,0.0,1214.1948775647436,1.4216370213557838,1.2794733192202055,6,7
rte_90,2024-04-23,naive_forecast,2900.8507263294696,0.0,2900.8507263294696,1.343274042711568,1.2089466384404108,6,6
rte_90,2024-04-24,naive_forecast,4595.1036320558605,0.0,4595.1036320558605,1.3988295982671235,1.258946638440411,7,6
rte_90,2024-04-25,naive_forecast,5685.958034243691,0.0,5685.958034243691,1.3432740427115677,1.2089466384404108,6,6
rte_90,2024-04-26,naive_forecast,5335.224781207806,0.0,5335.224781207806,1.5149110640673515,1.3634199576606165,7,7
rte_90,2024-04-27,naive_forecast,6295.183101358471,0.0,6295.183101358471,2.171637021355784,1.9544733192202053,9,10
rte_90,2024-04-28,naive_forecast,9070.89465086295,0.0,9070.89465086295,1.6865480854231358,1.517893276880822,8,8
rte_90,2024-04-29,naive_forecast,1847.9088700713828,0.0,1847.9088700713828,1.388888888888889,1.25,7,5
rte_90,2024-04-30,naive_forecast,2207.0890109570305,0.0,2207.0890109570305,1.7649110640673518,1.5884199576606166,8,8
rte_90,2024-05-01,naive_forecast,403.5276666589245,0.0,403.5276666589245,1.2649110640673518,1.1384199576606164,6,6
rte_90,2024-05-02,naive_forecast,1361.861718616378,0.0,1361.861718616378,1.3710518204893458,1.2339466384404112,7,5
rte_90,2024-05-03,naive_forecast,9348.735606406597,0.0,9348.735606406597,1.2649110640673518,1.1384199576606164,6,6
rte_90,2024-05-04,naive_forecast,8574.890176894676,0.0,8574.890176894676,1.514911064067352,1.3634199576606165,7,7
rte_90,2024-05-05,naive_forecast,8643.948198162623,0.0,8643.948198162623,0.9771925769113394,0.8794733192202056,5,4
rte_90,2024-05-06,naive_forecast,1162.674404457248,0.0,1162.674404457248,1.2649110640673518,1.1384199576606164,6,6
rte_90,2024-05-07,naive_forecast,3137.3872322383763,0.0,3137.3872322383763,1.2649110640673518,1.1384199576606164,6,6
rte_90,2024-05-08,naive_forecast,5177.133077839265,0.0,5177.133077839265,1.2649110640673518,1.1384199576606164,6,6
rte_90,2024-05-09,naive_forecast,9305.661934769367,0.0,9305.661934769367,1.514911064067352,1.3634199576606165,7,6
rte_90,2024-05-10,naive_forecast,9472.781513650298,0.0,9472.781513650298,2.4543851538226793,2.208946638440411,12,10
rte_90,2024-05-11,naive_forecast,11173.04144300456,0.0,11173.04144300456,1.264911064067352,1.1384199576606164,6,6
rte_90,2024-05-12,naive_forecast,2233.8602590610617,0.0,2233.8602590610617,1.9266073760449012,1.7339466384404107,9,8
rte_90,2024-05-13,naive_forecast,3033.713682263463,0.0,3033.713682263463,1.6766073760449007,1.508946638440411,9,7
rte_90,2024-05-14,naive_forecast,4743.289042184259,0.0,4743.289042184259,1.6766073760449012,1.508946638440411,8,7
rte_90,2024-05-15,naive_forecast,9639.454132089366,0.0,9639.454132089366,1.6865480854231358,1.517893276880822,8,8
rte_90,2024-05-16,naive_forecast,10840.25001419055,0.0,10840.25001419055,1.6865480854231358,1.517893276880822,8,8
rte_90,2024-05-17,naive_forecast,12282.495588075015,0.0,12282.495588075015,1.2649110640673518,1.1384199576606164,6,6
rte_90,2024-05-18,naive_forecast,8708.880005024763,0.0,8708.880005024763,1.343274042711568,1.208946638440411,6,7
rte_90,2024-05-19,naive_forecast,843.8210879122894,0.0,843.8210879122894,0.9771925769113395,0.8794733192202056,5,4
rte_90,2024-05-20,naive_forecast,1969.031576513254,0.0,1969.031576513254,0.8432740427115679,0.758946638440411,4,4
rte_90,2024-05-21,naive_forecast,9887.037879891031,0.0,9887.037879891031,1.2649110640673518,1.1384199576606167,6,6
rte_90,2024-05-22,naive_forecast,9074.508010313313,0.0,9074.508010313313,1.5555555555555556,1.4,7,7
rte_90,2024-05-23,naive_forecast,5697.3024235331995,0.0,5697.3024235331995,1.6766073760449012,1.508946638440411,8,7
rte_90,2024-05-24,naive_forecast,8331.78724318499,0.0,8331.78724318499,1.3988295982671235,1.258946638440411,7,6
rte_90,2024-05-25,naive_forecast,8825.743915204825,0.0,8825.743915204825,1.4216370213557838,1.2794733192202055,6,7
rte_90,2024-05-26,naive_forecast,9231.989706462426,0.0,9231.989706462426,1.093274042711568,0.983946638440411,5,5
rte_90,2024-05-27,naive_forecast,2384.927042525473,0.0,2384.927042525473,1.2549703546891173,1.1294733192202056,6,5
rte_90,2024-05-28,naive_forecast,5590.64330405246,0.0,5590.64330405246,1.343274042711568,1.2089466384404108,6,6
rte_90,2024-05-29,naive_forecast,-5076.119883036717,0.0,-5076.119883036717,1.6210518204893456,1.458946638440411,8,6
rte_90,2024-05-30,naive_forecast,4218.494989089426,0.0,4218.494989089426,1.5149110640673515,1.3634199576606165,7,7
rte_90,2024-05-31,naive_forecast,-1321.86958091006,0.0,-1321.86958091006,1.7649110640673518,1.5884199576606166,8,8
rte_90,2024-06-01,naive_forecast,-506.1280393538952,0.0,-506.1280393538952,1.5049703546891176,1.3544733192202054,7,6
rte_90,2024-06-02,naive_forecast,8925.798473526136,0.0,8925.798473526136,1.093274042711568,0.983946638440411,5,5
rte_90,2024-06-03,naive_forecast,1875.0834156545668,0.0,1875.0834156545668,2.098244397400685,1.8884199576606164,10,9
rte_90,2024-06-04,naive_forecast,8617.505847950402,0.0,8617.505847950402,1.2649110640673515,1.1384199576606167,6,6
rte_90,2024-06-05,naive_forecast,10024.99458840849,0.0,10024.99458840849,1.7549703546891173,1.5794733192202055,8,7
rte_90,2024-06-06,naive_forecast,3686.549146326646,0.0,3686.549146326646,1.264911064067352,1.1384199576606164,6,6
rte_90,2024-06-07,naive_forecast,2600.079559740366,0.0,2600.079559740366,1.5149110640673518,1.3634199576606165,7,7
rte_90,2024-06-08,naive_forecast,8644.770949619122,0.0,8644.770949619122,1.7926888418451297,1.6134199576606165,9,8
rte_90,2024-06-09,naive_forecast,1526.6515313357604,0.0,1526.6515313357604,1.504970354689117,1.3544733192202054,7,6
rte_90,2024-06-10,naive_forecast,4742.9924803888625,0.0,4742.9924803888625,1.5149110640673515,1.3634199576606163,7,7
rte_90,2024-06-11,naive_forecast,9804.092812124793,0.0,9804.092812124793,1.2649110640673515,1.1384199576606164,6,6
rte_90,2024-06-12,naive_forecast,7415.042061461786,0.0,7415.042061461786,1.264911064067352,1.1384199576606164,6,6
rte_90,2024-06-13,naive_forecast,6935.27762650619,0.0,6935.27762650619,1.5149110640673518,1.3634199576606165,7,7
rte_90,2024-06-14,naive_forecast,8360.672847973628,0.0,8360.672847973628,1.6716370213557838,1.5044733192202053,7,8
rte_90,2024-06-15,naive_forecast,6516.286791815878,0.0,6516.286791815878,1.6716370213557838,1.5044733192202053,7,8
rte_90,2024-06-16,naive_forecast,13722.006052342453,0.0,13722.006052342453,1.2649110640673518,1.1384199576606167,6,6
rte_90,2024-06-17,naive_forecast,6129.461726724882,0.0,6129.461726724882,1.264911064067352,1.1384199576606164,6,6
rte_90,2024-06-18,naive_forecast,5184.013204531682,0.0,5184.013204531682,1.6716370213557838,1.5044733192202053,7,8
rte_90,2024-06-19,naive_forecast,6278.378767303996,0.0,6278.378767303996,1.6766073760449012,1.508946638440411,8,7
rte_90,2024-06-20,naive_forecast,3748.295073442461,0.0,3748.295073442461,1.764911064067352,1.5884199576606166,8,8
rte_90,2024-06-21,naive_forecast,854.1443442748746,0.0,854.1443442748746,1.514911064067352,1.3634199576606165,7,7
rte_90,2024-06-22,naive_forecast,1695.7099244870228,0.0,1695.7099244870228,0.9216370213557838,0.8294733192202054,4,5
rte_90,2024-06-23,naive_forecast,1912.6616058742193,0.0,1912.6616058742193,1.9494147991335615,1.7544733192202053,9,9
rte_90,2024-06-24,naive_forecast,3283.2171930628347,0.0,3283.2171930628347,1.2649110640673518,1.1384199576606167,6,6
rte_90,2024-06-25,naive_forecast,3553.1590107941647,0.0,3553.1590107941647,0.8432740427115679,0.758946638440411,4,4
rte_90,2024-06-26,naive_forecast,932.336005466901,0.0,932.336005466901,2.014911064067352,1.8134199576606165,9,8
rte_90,2024-06-27,naive_forecast,2292.672156117995,0.0,2292.672156117995,1.3988295982671235,1.258946638440411,6,6
rte_90,2024-06-28,naive_forecast,629.1874796212653,0.0,629.1874796212653,2.014911064067352,1.8134199576606165,9,9
rte_90,2024-06-29,naive_forecast,-3967.5896886221135,0.0,-3967.5896886221135,1.6210518204893458,1.4589466384404108,7,6
rte_90,2024-06-30,naive_forecast,2239.1480704182586,0.0,2239.1480704182586,1.1210518204893456,1.008946638440411,6,5
rte_90,2024-07-01,naive_forecast,700.4069911831643,0.0,700.4069911831643,1.2649110640673518,1.1384199576606167,6,6
rte_90,2024-07-02,naive_forecast,-459.8426349043878,0.0,-459.8426349043878,1.593274042711568,1.433946638440411,7,7
rte_90,2024-07-03,naive_forecast,5446.081178267281,0.0,5446.081178267281,1.5149110640673515,1.3634199576606165,7,7
rte_90,2024-07-04,naive_forecast,8103.409296701139,0.0,8103.409296701139,1.2649110640673518,1.1384199576606164,6,6
rte_90,2024-07-05,naive_forecast,6979.36961091714,0.0,6979.36961091714,2.0426888418451297,1.8384199576606166,10,9
rte_90,2024-07-06,naive_forecast,2594.4036393553865,0.0,2594.4036393553865,2.3760221751784627,2.1384199576606164,12,10
rte_90,2024-07-07,naive_forecast,7678.563867189215,0.0,7678.563867189215,1.264911064067352,1.1384199576606164,6,6
rte_90,2024-07-08,naive_forecast,5983.688085097406,0.0,5983.688085097406,1.2649110640673518,1.1384199576606164,6,6
rte_90,2024-07-09,naive_forecast,9929.375930111444,0.0,9929.375930111444,1.4771925769113394,1.3294733192202055,8,7
rte_90,2024-07-10,naive_forecast,10725.570678308524,0.0,10725.570678308524,1.6210518204893458,1.458946638440411,7,7
rte_90,2024-07-11,naive_forecast,2936.1550672776425,0.0,2936.1550672776425,1.6210518204893456,1.4589466384404108,7,7
rte_90,2024-07-12,naive_forecast,1745.1914166472432,0.0,1745.1914166472432,1.5932740427115677,1.433946638440411,7,7
rte_90,2024-07-13,naive_forecast,811.904890057241,0.0,811.904890057241,0.8432740427115679,0.7589466384404111,4,4
rte_90,2024-07-14,naive_forecast,2620.559957334887,0.0,2620.559957334887,1.264911064067352,1.1384199576606167,6,6
rte_90,2024-07-15,naive_forecast,3090.400198715826,0.0,3090.400198715826,1.2649110640673518,1.1384199576606167,6,6
rte_90,2024-07-16,naive_forecast,1319.3768766575076,0.0,1319.3768766575076,1.5149110640673518,1.3634199576606165,7,7
rte_90,2024-07-17,naive_forecast,2675.88305066762,0.0,2675.88305066762,1.343274042711568,1.2089466384404108,6,6
rte_90,2024-07-18,naive_forecast,5811.532637416764,0.0,5811.532637416764,1.1210518204893458,1.008946638440411,5,5
rte_90,2024-07-19,naive_forecast,5507.476827990446,0.0,5507.476827990446,1.6716370213557838,1.5044733192202053,7,8
rte_90,2024-07-20,naive_forecast,3028.2485088116264,0.0,3028.2485088116264,1.3988295982671235,1.258946638440411,7,6
rte_90,2024-07-21,naive_forecast,6692.542190829453,0.0,6692.542190829453,1.264911064067352,1.1384199576606164,6,6
rte_90,2024-07-22,naive_forecast,9633.522323198094,0.0,9633.522323198094,1.2649110640673518,1.1384199576606167,6,6
rte_90,2024-07-23,naive_forecast,10734.96492728108,0.0,10734.96492728108,1.1994147991335617,1.0794733192202055,6,6
rte_90,2024-07-24,naive_forecast,6120.426390406056,0.0,6120.426390406056,2.264911064067352,2.0384199576606163,10,10
rte_90,2024-07-25,naive_forecast,4843.244787532813,0.0,4843.244787532813,2.0426888418451297,1.8384199576606166,10,9
rte_90,2024-07-26,naive_forecast,5762.255983808612,0.0,5762.255983808612,1.093274042711568,0.983946638440411,5,5
rte_90,2024-07-27,naive_forecast,4132.866551083722,0.0,4132.866551083722,2.3710518204893454,2.1339466384404107,10,10
rte_90,2024-07-28,naive_forecast,8144.024174511516,0.0,8144.024174511516,1.1210518204893456,1.008946638440411,5,5
rte_90,2024-07-29,naive_forecast,11201.185018773445,0.0,11201.185018773445,1.264911064067352,1.1384199576606164,6,6
rte_90,2024-07-30,naive_forecast,11430.50669148077,0.0,11430.50669148077,1.593274042711568,1.433946638440411,7,7
rte_90,2024-07-31,naive_forecast,10549.747328269581,0.0,10549.747328269581,2.014911064067352,1.813419957660616,9,9
rte_90,2024-08-01,naive_forecast,13717.139266039927,0.0,13717.139266039927,1.4216370213557838,1.2794733192202055,6,6
rte_90,2024-08-02,naive_forecast,5799.327223395643,0.0,5799.327223395643,1.3710518204893458,1.2339466384404112,6,5
rte_90,2024-08-03,naive_forecast,4482.261096915214,0.0,4482.261096915214,1.1716370213557838,1.0544733192202056,5,6
rte_90,2024-08-04,naive_forecast,5724.630011515306,0.0,5724.630011515306,1.2649110640673518,1.1384199576606167,6,6
rte_90,2024-08-05,naive_forecast,4610.0047870468925,0.0,4610.0047870468925,1.2649110640673515,1.1384199576606164,6,6
rte_90,2024-08-06,naive_forecast,4813.9418384124265,0.0,4813.9418384124265,0.8432740427115679,0.7589466384404111,4,4
rte_90,2024-08-07,naive_forecast,3383.8498491369096,0.0,3383.8498491369096,2.1081851067789197,1.8973665961010275,10,10
rte_90,2024-08-08,naive_forecast,5577.315111400525,0.0,5577.315111400525,1.6766073760449012,1.508946638440411,8,7
rte_90,2024-08-09,naive_forecast,4930.189309030769,0.0,4930.189309030769,1.6766073760449012,1.508946638440411,8,7
rte_90,2024-08-10,naive_forecast,4078.30246895365,0.0,4078.30246895365,1.3988295982671235,1.258946638440411,7,6
rte_90,2024-08-11,naive_forecast,5697.83975229138,0.0,5697.83975229138,1.2649110640673518,1.1384199576606167,6,6
rte_90,2024-08-12,naive_forecast,4270.612809123818,0.0,4270.612809123818,1.2649110640673518,1.1384199576606164,6,6
rte_90,2024-08-13,naive_forecast,5479.635471362711,0.0,5479.635471362711,1.2649110640673518,1.1384199576606167,6,6
rte_90,2024-08-14,naive_forecast,4319.651579188503,0.0,4319.651579188503,1.2649110640673518,1.1384199576606167,6,6
rte_90,2024-08-15,naive_forecast,4473.218253966346,0.0,4473.218253966346,1.2649110640673518,1.1384199576606164,6,6
rte_90,2024-08-16,naive_forecast,3700.367711347823,0.0,3700.367711347823,1.264911064067352,1.1384199576606164,6,6
rte_90,2024-08-17,naive_forecast,4771.220509199295,0.0,4771.220509199295,1.1210518204893456,1.008946638440411,5,5
rte_90,2024-08-18,naive_forecast,6957.10351444646,0.0,6957.10351444646,1.2649110640673518,1.1384199576606164,6,6
rte_90,2024-08-19,naive_forecast,4135.039266854251,0.0,4135.039266854251,1.2649110640673518,1.1384199576606164,6,6
rte_90,2024-08-20,naive_forecast,5054.726746475516,0.0,5054.726746475516,1.093274042711568,0.983946638440411,5,5
rte_90,2024-08-21,naive_forecast,5151.205817940653,0.0,5151.205817940653,1.3432740427115677,1.2089466384404108,6,6
rte_90,2024-08-22,naive_forecast,3702.440084027308,0.0,3702.440084027308,0.8432740427115678,0.7589466384404111,4,4
rte_90,2024-08-23,naive_forecast,4105.01490457352,0.0,4105.01490457352,1.593274042711568,1.433946638440411,7,7
rte_90,2024-08-24,naive_forecast,2461.772574233418,0.0,2461.772574233418,1.593274042711568,1.433946638440411,7,7
rte_90,2024-08-25,naive_forecast,2606.2856493974405,0.0,2606.2856493974405,1.5149110640673518,1.3634199576606165,7,7
rte_90,2024-08-26,naive_forecast,4471.720756176359,0.0,4471.720756176359,1.264911064067352,1.1384199576606167,6,6
rte_90,2024-08-27,naive_forecast,5789.567783534095,0.0,5789.567783534095,1.1716370213557838,1.0544733192202052,5,6
rte_90,2024-08-28,naive_forecast,5023.043394081717,0.0,5023.043394081717,1.343274042711568,1.2089466384404108,6,6
rte_90,2024-08-29,naive_forecast,4223.282025450084,0.0,4223.282025450084,1.0932740427115677,0.983946638440411,5,5
rte_90,2024-08-30,naive_forecast,16132.420107709378,0.0,16132.420107709378,0.8432740427115679,0.7589466384404111,4,4
rte_90,2024-08-31,naive_forecast,190.93649374213672,0.0,190.93649374213672,1.843274042711568,1.658946638440411,8,7
rte_90,2024-09-01,naive_forecast,4305.726107337195,0.0,4305.726107337195,0.8432740427115679,0.758946638440411,4,4
rte_90,2024-09-02,naive_forecast,5731.086767482348,0.0,5731.086767482348,1.264911064067352,1.1384199576606167,6,6
rte_90,2024-09-03,naive_forecast,5041.786791815877,0.0,5041.786791815877,1.2649110640673518,1.1384199576606167,6,6
rte_90,2024-09-04,naive_forecast,5232.516366561124,0.0,5232.516366561124,1.2649110640673518,1.1384199576606164,6,6
rte_90,2024-09-05,naive_forecast,6398.707388614821,0.0,6398.707388614821,1.2649110640673518,1.1384199576606164,6,6
rte_90,2024-09-06,naive_forecast,5987.86185041633,0.0,5987.86185041633,1.2649110640673518,1.1384199576606167,6,6
rte_90,2024-09-07,naive_forecast,3468.6691826640804,0.0,3468.6691826640804,1.2649110640673518,1.1384199576606164,6,6
rte_90,2024-09-08,naive_forecast,4787.544196249902,0.0,4787.544196249902,1.2649110640673518,1.1384199576606167,6,6
rte_90,2024-09-09,naive_forecast,11283.619254850351,0.0,11283.619254850351,1.2649110640673518,1.1384199576606164,6,6
rte_90,2024-09-10,naive_forecast,10864.048344158467,0.0,10864.048344158467,0.8432740427115679,0.758946638440411,4,4
rte_90,2024-09-11,naive_forecast,13866.896350904788,0.0,13866.896350904788,0.8432740427115679,0.758946638440411,4,4
rte_90,2024-09-12,naive_forecast,8380.481138928864,0.0,8380.481138928864,1.343274042711568,1.208946638440411,6,6
rte_90,2024-09-13,naive_forecast,8976.906209696082,0.0,8976.906209696082,1.3432740427115677,1.208946638440411,6,6
rte_90,2024-09-14,naive_forecast,5227.455228684194,0.0,5227.455228684194,1.1210518204893458,1.008946638440411,6,5
rte_90,2024-09-15,naive_forecast,2526.257717512638,0.0,2526.257717512638,1.2649110640673518,1.1384199576606167,6,6
rte_90,2024-09-16,naive_forecast,5137.909740773399,0.0,5137.909740773399,1.3710518204893458,1.2339466384404112,6,6
rte_90,2024-09-17,naive_forecast,15952.243697831684,0.0,15952.243697831684,1.2649110640673518,1.1384199576606164,6,6
rte_90,2024-09-18,naive_forecast,15887.187800399894,0.0,15887.187800399894,1.1716370213557838,1.0544733192202056,5,6
rte_90,2024-09-19,naive_forecast,15961.840317614782,0.0,15961.840317614782,1.4216370213557838,1.2794733192202052,6,7
rte_90,2024-09-20,naive_forecast,15804.535063379575,0.0,15804.535063379575,1.3710518204893458,1.233946638440411,6,6
rte_90,2024-09-21,naive_forecast,3437.2234238485107,0.0,3437.2234238485107,1.6210518204893458,1.4589466384404108,7,7
rte_90,2024-09-22,naive_forecast,2853.147832364023,0.0,2853.147832364023,0.8432740427115679,0.7589466384404111,4,4
rte_90,2024-09-23,naive_forecast,3313.131323454144,0.0,3313.131323454144,1.2649110640673518,1.1384199576606164,6,6
rte_90,2024-09-24,naive_forecast,6140.423119690053,0.0,6140.423119690053,1.514911064067352,1.3634199576606165,7,7
rte_90,2024-09-25,naive_forecast,3647.237897330865,0.0,3647.237897330865,1.9643258632009135,1.7678932768808222,9,9
rte_90,2024-09-26,naive_forecast,6593.026191690234,0.0,6593.026191690234,1.514911064067352,1.3634199576606165,7,7
rte_90,2024-09-27,naive_forecast,3641.034056013043,0.0,3641.034056013043,1.6488295982671235,1.4839466384404112,8,7
rte_90,2024-09-28,naive_forecast,220.17440445724733,0.0,220.17440445724733,1.093274042711568,0.983946638440411,5,5
rte_90,2024-09-29,naive_forecast,1895.374904899251,0.0,1895.374904899251,1.2649110640673518,1.1384199576606167,6,6
rte_90,2024-09-30,naive_forecast,3825.644235588308,0.0,3825.644235588308,1.2549703546891173,1.1294733192202056,6,5
rte_90,2024-10-01,naive_forecast,6547.1200776996275,0.0,6547.1200776996275,1.514911064067352,1.3634199576606165,7,7
rte_90,2024-10-02,naive_forecast,6940.440451449207,0.0,6940.440451449207,1.5149110640673518,1.3634199576606165,7,7
rte_90,2024-10-03,naive_forecast,1256.0494585989534,0.0,1256.0494585989534,1.6766073760449012,1.508946638440411,8,7
rte_90,2024-10-04,naive_forecast,6482.938295979996,0.0,6482.938295979996,1.4216370213557838,1.2794733192202052,6,7
rte_90,2024-10-05,naive_forecast,73.54750062809146,0.0,73.54750062809146,1.3432740427115681,1.2089466384404108,6,6
rte_90,2024-10-06,naive_forecast,6230.733158539868,0.0,6230.733158539868,1.264911064067352,1.1384199576606164,6,6
rte_90,2024-10-07,naive_forecast,1766.5269188340287,0.0,1766.5269188340287,1.264911064067352,1.1384199576606164,6,6
rte_90,2024-10-08,naive_forecast,4836.546222351443,0.0,4836.546222351443,1.343274042711568,1.208946638440411,6,6
rte_90,2024-10-09,naive_forecast,5669.450251435806,0.0,5669.450251435806,1.6488295982671235,1.483946638440411,8,7
rte_90,2024-10-10,naive_forecast,10575.43081003105,0.0,10575.43081003105,1.6865480854231358,1.517893276880822,8,8
rte_90,2024-10-11,naive_forecast,13284.047270273864,0.0,13284.047270273864,1.6766073760449014,1.508946638440411,8,7
rte_90,2024-10-12,naive_forecast,9462.595219435636,0.0,9462.595219435636,1.6766073760449012,1.508946638440411,8,7
rte_90,2024-10-13,naive_forecast,10146.52987727773,0.0,10146.52987727773,1.6766073760449012,1.508946638440411,8,7
rte_90,2024-10-14,naive_forecast,5171.450623319123,0.0,5171.450623319123,1.6865480854231358,1.5178932768808222,8,8
rte_90,2024-10-15,naive_forecast,7828.817273763435,0.0,7828.817273763435,1.764911064067352,1.5884199576606166,8,9
rte_90,2024-10-16,naive_forecast,4800.409514074276,0.0,4800.409514074276,1.6865480854231358,1.5178932768808222,8,8
rte_90,2024-10-17,naive_forecast,6454.822115153613,0.0,6454.822115153613,0.8432740427115679,0.7589466384404111,4,4
rte_90,2024-10-18,naive_forecast,8429.515816234576,0.0,8429.515816234576,1.3988295982671235,1.258946638440411,7,6
rte_90,2024-10-19,naive_forecast,3140.9049581879203,0.0,3140.9049581879203,1.6766073760449014,1.508946638440411,8,7
rte_90,2024-10-20,naive_forecast,9404.962971339348,0.0,9404.962971339348,1.2649110640673515,1.1384199576606164,6,6
rte_90,2024-10-21,naive_forecast,6585.98456578103,0.0,6585.98456578103,1.3988295982671235,1.258946638440411,7,6
rte_90,2024-10-22,naive_forecast,6006.276218861874,0.0,6006.276218861874,1.6865480854231358,1.5178932768808222,8,8
rte_90,2024-10-23,naive_forecast,4451.23272988098,0.0,4451.23272988098,1.6766073760449014,1.508946638440411,8,7
rte_90,2024-10-24,naive_forecast,5422.156268500782,0.0,5422.156268500782,1.1210518204893458,1.008946638440411,6,5
rte_90,2024-10-25,naive_forecast,5804.373994044503,0.0,5804.373994044503,1.6865480854231358,1.5178932768808222,8,8
rte_90,2024-10-26,naive_forecast,1573.7877026706249,0.0,1573.7877026706249,1.4216370213557838,1.2794733192202052,6,7
rte_90,2024-10-27,naive_forecast,3631.7665567626177,0.0,3631.7665567626177,1.2649110640673518,1.1384199576606164,6,6
rte_90,2024-10-28,naive_forecast,4047.354744870372,0.0,4047.354744870372,1.2649110640673518,1.1384199576606164,6,6
rte_90,2024-10-29,naive_forecast,4646.103147024558,0.0,4646.103147024558,1.6865480854231358,1.517893276880822,8,8
rte_90,2024-10-30,naive_forecast,5643.973555245309,0.0,5643.973555245309,1.9643258632009135,1.7678932768808222,9,9
rte_90,2024-10-31,naive_forecast,4807.828302144812,0.0,4807.828302144812,1.6865480854231358,1.5178932768808222,8,8
rte_90,2024-11-01,naive_forecast,1925.2906740954127,0.0,1925.2906740954127,1.6766073760449014,1.508946638440411,8,7
rte_90,2024-11-02,naive_forecast,-979.1968740623655,0.0,-979.1968740623655,1.3988295982671237,1.258946638440411,7,6
rte_90,2024-11-03,naive_forecast,-4339.1065471082375,0.0,-4339.1065471082375,1.4216370213557838,1.2794733192202055,6,7
rte_90,2024-11-04,naive_forecast,6525.696543944393,0.0,6525.696543944393,1.9643258632009135,1.767893276880822,9,9
rte_90,2024-11-05,naive_forecast,6132.654455310964,0.0,6132.654455310964,1.5149110640673518,1.3634199576606165,7,7
rte_90,2024-11-06,naive_forecast,7432.983564085371,0.0,7432.983564085371,1.3988295982671235,1.258946638440411,7,6
rte_90,2024-11-07,naive_forecast,10177.168217466045,0.0,10177.168217466045,1.6865480854231358,1.5178932768808222,8,8
rte_90,2024-11-08,naive_forecast,8610.04508033616,0.0,8610.04508033616,1.6766073760449014,1.508946638440411,8,7
rte_90,2024-11-09,naive_forecast,5454.827717349774,0.0,5454.827717349774,1.6865480854231358,1.517893276880822,8,8
rte_90,2024-11-10,naive_forecast,4093.3704309309755,0.0,4093.3704309309755,1.6865480854231358,1.5178932768808222,8,8
rte_90,2024-11-11,naive_forecast,5033.9318157849675,0.0,5033.9318157849675,1.6766073760449014,1.508946638440411,8,7
rte_90,2024-11-12,naive_forecast,8739.499257039672,0.0,8739.499257039672,1.9643258632009135,1.7678932768808222,9,9
rte_90,2024-11-13,naive_forecast,10616.837508816698,0.0,10616.837508816698,1.6865480854231358,1.517893276880822,8,8
rte_90,2024-11-14,naive_forecast,7857.764129576983,0.0,7857.764129576983,1.6865480854231358,1.5178932768808222,8,8
rte_90,2024-11-15,naive_forecast,3369.0334395849445,0.0,3369.0334395849445,1.6865480854231358,1.5178932768808222,8,8
rte_90,2024-11-16,naive_forecast,736.3362706927754,0.0,736.3362706927754,1.5932740427115681,1.433946638440411,7,7
rte_90,2024-11-17,naive_forecast,4477.296032149948,0.0,4477.296032149948,1.264911064067352,1.1384199576606164,6,6
rte_90,2024-11-18,naive_forecast,5992.851358977253,0.0,5992.851358977253,1.5149110640673515,1.3634199576606165,7,7
rte_90,2024-11-19,naive_forecast,8328.918135951117,0.0,8328.918135951117,1.6865480854231358,1.517893276880822,8,8
rte_90,2024-11-20,naive_forecast,8904.40620969608,0.0,8904.40620969608,1.6865480854231358,1.5178932768808222,8,8
rte_90,2024-11-21,naive_forecast,11081.125775601266,0.0,11081.125775601266,1.6865480854231358,1.5178932768808222,8,8
rte_90,2024-11-22,naive_forecast,5929.392366026073,0.0,5929.392366026073,1.6865480854231358,1.5178932768808222,8,8
rte_90,2024-11-23,naive_forecast,3878.1507563392215,0.0,3878.1507563392215,1.686548085423136,1.5178932768808222,8,8
rte_90,2024-11-24,naive_forecast,5253.577581491562,0.0,5253.577581491562,1.6766073760449012,1.508946638440411,8,7
rte_90,2024-11-25,naive_forecast,11174.354147094244,0.0,11174.354147094244,1.2649110640673518,1.1384199576606164,6,6
rte_90,2024-11-26,naive_forecast,7177.1274756431,0.0,7177.1274756431,1.843274042711568,1.658946638440411,8,9
rte_90,2024-11-27,naive_forecast,5260.862435211368,0.0,5260.862435211368,1.6865480854231358,1.517893276880822,8,8
rte_90,2024-11-28,naive_forecast,8193.983348741358,0.0,8193.983348741358,1.7649110640673518,1.5884199576606164,8,9
rte_90,2024-11-29,naive_forecast,5083.057563811439,0.0,5083.057563811439,1.6865480854231358,1.5178932768808222,8,8
rte_90,2024-11-30,naive_forecast,3116.171208765622,0.0,3116.171208765622,1.764911064067352,1.5884199576606166,8,9
rte_90,2024-12-01,naive_forecast,10381.225441430382,0.0,10381.225441430382,1.6766073760449012,1.508946638440411,8,7
rte_90,2024-12-02,naive_forecast,7665.610674335703,0.0,7665.610674335703,1.5426888418451297,1.3884199576606167,7,7
rte_90,2024-12-03,naive_forecast,7410.015516540202,0.0,7410.015516540202,1.9365480854231358,1.7428932768808219,9,9
rte_90,2024-12-04,naive_forecast,7889.18361112913,0.0,7889.18361112913,1.6865480854231354,1.517893276880822,8,8
rte_90,2024-12-05,naive_forecast,6781.289001628373,0.0,6781.289001628373,1.6865480854231358,1.5178932768808222,8,8
rte_90,2024-12-06,naive_forecast,7804.586475084827,0.0,7804.586475084827,1.6865480854231356,1.517893276880822,8,8
rte_90,2024-12-07,naive_forecast,3554.083496766338,0.0,3554.083496766338,1.6865480854231358,1.517893276880822,8,8
rte_90,2024-12-08,naive_forecast,7413.577180407472,0.0,7413.577180407472,1.2649110640673518,1.1384199576606164,6,6
rte_90,2024-12-09,naive_forecast,5318.45323421571,0.0,5318.45323421571,1.2649110640673518,1.1384199576606164,6,6
rte_90,2024-12-10,naive_forecast,7161.05471283149,0.0,7161.05471283149,1.9643258632009133,1.767893276880822,9,9
rte_90,2024-12-11,naive_forecast,9154.649573768054,0.0,9154.649573768054,1.6865480854231356,1.517893276880822,8,8
rte_90,2024-12-12,naive_forecast,9237.545787605168,0.0,9237.545787605168,1.6865480854231356,1.5178932768808222,8,8
rte_90,2024-12-13,naive_forecast,8355.515217652139,0.0,8355.515217652139,1.6865480854231358,1.5178932768808222,8,8
rte_90,2024-12-14,naive_forecast,5489.01834521308,0.0,5489.01834521308,1.9643258632009135,1.767893276880822,9,9
rte_90,2024-12-15,naive_forecast,4667.901259619337,0.0,4667.901259619337,1.6766073760449012,1.508946638440411,8,7
rte_90,2024-12-16,naive_forecast,4759.927913227488,0.0,4759.927913227488,1.514911064067352,1.3634199576606165,7,7
rte_90,2024-12-17,naive_forecast,7217.5769423532365,0.0,7217.5769423532365,1.6865480854231358,1.517893276880822,8,8
rte_90,2024-12-18,naive_forecast,7490.613740659661,0.0,7490.613740659661,1.6865480854231358,1.5178932768808222,8,8
rte_90,2024-12-19,naive_forecast,12434.796549620614,0.0,12434.796549620614,1.6865480854231358,1.5178932768808222,8,8
rte_90,2024-12-20,naive_forecast,8199.132751779554,0.0,8199.132751779554,1.6865480854231358,1.517893276880822,8,8
rte_90,2024-12-21,naive_forecast,1913.1635391057237,0.0,1913.1635391057237,1.6865480854231358,1.5178932768808222,8,8
rte_90,2024-12-22,naive_forecast,5665.1562912110085,0.0,5665.1562912110085,1.2649110640673518,1.1384199576606167,6,6
rte_90,2024-12-23,naive_forecast,4002.3800386869475,0.0,4002.3800386869475,1.2649110640673518,1.1384199576606164,6,6
rte_90,2024-12-24,naive_forecast,9330.886396408008,0.0,9330.886396408008,1.6865480854231358,1.5178932768808222,8,8
rte_90,2024-12-25,naive_forecast,8711.726474759096,0.0,8711.726474759096,1.6865480854231358,1.517893276880822,8,8
rte_90,2024-12-26,naive_forecast,6079.221157260447,0.0,6079.221157260447,1.6865480854231358,1.5178932768808222,8,8
rte_90,2024-12-27,naive_forecast,2788.91281845247,0.0,2788.91281845247,1.6865480854231358,1.5178932768808222,8,8
rte_90,2024-12-28,naive_forecast,3746.5664257716458,0.0,3746.5664257716458,1.9643258632009137,1.7678932768808222,9,9
rte_90,2024-12-29,naive_forecast,6236.279945005255,0.0,6236.279945005255,1.6865480854231358,1.517893276880822,8,8
rte_90,2024-12-30,naive_forecast,7285.428878828677,0.0,7285.428878828677,2.2143258632009135,1.9928932768808219,10,10
rte_90,2024-12-31,naive_forecast,6454.527329647256,0.0,6454.527329647256,1.9543851538226789,1.758946638440411,9,8
rte_90,2025-01-01,naive_forecast,9312.027783045502,0.0,9312.027783045502,1.5,1.3499999999999996,6,7
rte_90,2025-01-02,naive_forecast,8832.743622807302,0.0,8832.743622807302,1.593274042711568,1.433946638440411,7,7
rte_90,2025-01-03,naive_forecast,6725.537619126571,0.0,6725.537619126571,1.9643258632009137,1.7678932768808222,9,9
rte_90,2025-01-04,naive_forecast,6281.285805936751,0.0,6281.285805936751,1.6865480854231356,1.5178932768808222,8,8
rte_90,2025-01-05,naive_forecast,4140.477775342818,0.0,4140.477775342818,2.7143258632009135,2.442893276880822,12,12
rte_90,2025-01-06,naive_forecast,4396.85340535674,0.0,4396.85340535674,1.9643258632009135,1.7678932768808222,9,9
rte_90,2025-01-07,naive_forecast,3068.084237697535,0.0,3068.084237697535,2.098244397400685,1.8884199576606167,11,9
rte_90,2025-01-08,naive_forecast,7172.3487545712105,0.0,7172.3487545712105,1.6865480854231356,1.517893276880822,8,8
rte_90,2025-01-09,naive_forecast,9124.07150318693,0.0,9124.07150318693,1.6865480854231358,1.5178932768808222,8,8
rte_90,2025-01-10,naive_forecast,8062.861925440712,0.0,8062.861925440712,1.7649110640673515,1.5884199576606166,8,9
rte_90,2025-01-11,naive_forecast,4386.584027218094,0.0,4386.584027218094,1.6865480854231358,1.5178932768808222,8,8
rte_90,2025-01-12,naive_forecast,3103.681725347213,0.0,3103.681725347213,1.3988295982671235,1.258946638440411,7,6
rte_90,2025-01-13,naive_forecast,6029.2381649890285,0.0,6029.2381649890285,1.3988295982671235,1.258946638440411,7,6
rte_90,2025-01-14,naive_forecast,7227.732974828914,0.0,7227.732974828914,1.6865480854231358,1.5178932768808222,8,8
rte_90,2025-01-15,naive_forecast,6039.122634252924,0.0,6039.122634252924,1.6865480854231358,1.5178932768808222,8,8
rte_90,2025-01-16,naive_forecast,9309.96883227084,0.0,9309.96883227084,1.6865480854231358,1.5178932768808222,8,8
rte_90,2025-01-17,naive_forecast,7711.77813627685,0.0,7711.77813627685,1.6865480854231358,1.517893276880822,8,8
rte_90,2025-01-18,naive_forecast,6358.818986786363,0.0,6358.818986786363,1.9365480854231356,1.742893276880822,9,8
rte_90,2025-01-19,naive_forecast,4238.972431075685,0.0,4238.972431075685,1.3988295982671235,1.258946638440411,7,6
rte_90,2025-01-20,naive_forecast,5545.089725119737,0.0,5545.089725119737,1.2649110640673518,1.1384199576606167,6,6
rte_90,2025-01-21,naive_forecast,7107.154373796037,0.0,7107.154373796037,1.6865480854231354,1.5178932768808222,8,8
rte_90,2025-01-22,naive_forecast,8783.104507219288,0.0,8783.104507219288,1.9643258632009135,1.767893276880822,9,9
rte_90,2025-01-23,naive_forecast,10812.871165774783,0.0,10812.871165774783,1.6865480854231354,1.5178932768808222,8,8
rte_90,2025-01-24,naive_forecast,6182.504932231086,0.0,6182.504932231086,1.9643258632009133,1.767893276880822,9,9
rte_90,2025-01-25,naive_forecast,10191.66405171182,0.0,10191.66405171182,1.9643258632009135,1.767893276880822,9,9
rte_90,2025-01-26,naive_forecast,8441.054490996938,0.0,8441.054490996938,2.264911064067352,2.0384199576606163,10,10
rte_90,2025-01-27,naive_forecast,2209.000741334344,0.0,2209.000741334344,1.8432740427115681,1.6589466384404108,8,8
rte_90,2025-01-28,naive_forecast,5559.258078040841,0.0,5559.258078040841,1.9643258632009135,1.7678932768808222,9,9
rte_90,2025-01-29,naive_forecast,6237.9361405107875,0.0,6237.9361405107875,1.6865480854231356,1.517893276880822,8,8
rte_90,2025-01-30,naive_forecast,8929.159378216065,0.0,8929.159378216065,1.6865480854231358,1.517893276880822,8,8
rte_90,2025-01-31,naive_forecast,6798.33767184655,0.0,6798.33767184655,1.6865480854231358,1.5178932768808222,8,8
rte_90,2025-02-01,naive_forecast,3815.612679756149,0.0,3815.612679756149,1.6865480854231356,1.517893276880822,8,8
rte_90,2025-02-02,naive_forecast,2067.2289356069177,0.0,2067.2289356069177,1.6865480854231358,1.5178932768808222,8,8
rte_90,2025-02-03,naive_forecast,3595.5575638114387,0.0,3595.5575638114387,1.3988295982671237,1.258946638440411,7,6
rte_90,2025-02-04,naive_forecast,7301.641006234499,0.0,7301.641006234499,1.6865480854231356,1.5178932768808222,8,8
rte_90,2025-02-05,naive_forecast,9529.005739263832,0.0,9529.005739263832,1.6865480854231358,1.517893276880822,8,8
rte_90,2025-02-06,naive_forecast,11345.760716512219,0.0,11345.760716512219,1.6865480854231358,1.5178932768808222,8,8
rte_90,2025-02-07,naive_forecast,7155.575664076584,0.0,7155.575664076584,1.6865480854231358,1.517893276880822,8,8
rte_90,2025-02-08,naive_forecast,6577.125884287833,0.0,6577.125884287833,1.6865480854231358,1.5178932768808222,8,8
rte_90,2025-02-09,naive_forecast,4288.894399021316,0.0,4288.894399021316,2.098244397400685,1.8884199576606167,10,9
rte_90,2025-02-10,naive_forecast,6340.208628364714,0.0,6340.208628364714,1.3988295982671235,1.258946638440411,7,6
rte_90,2025-02-11,naive_forecast,7093.651599869597,0.0,7093.651599869597,1.6865480854231358,1.5178932768808222,8,8
rte_90,2025-02-12,naive_forecast,6017.48268892194,0.0,6017.48268892194,1.6766073760449012,1.508946638440411,8,7
rte_90,2025-02-13,naive_forecast,7263.003237053819,0.0,7263.003237053819,1.6865480854231358,1.5178932768808222,8,8
rte_90,2025-02-14,naive_forecast,10359.180143721082,0.0,10359.180143721082,1.6865480854231358,1.5178932768808222,8,8
rte_90,2025-02-15,naive_forecast,6321.95536900382,0.0,6321.95536900382,1.75,1.5749999999999997,7,9
rte_90,2025-02-16,naive_forecast,5258.909731850569,0.0,5258.909731850569,1.6488295982671235,1.483946638440411,8,7
rte_90,2025-02-17,naive_forecast,6146.188057925764,0.0,6146.188057925764,1.5149110640673518,1.3634199576606165,7,7
rte_90,2025-02-18,naive_forecast,9518.962073465687,0.0,9518.962073465687,1.6865480854231356,1.5178932768808222,8,8
rte_90,2025-02-19,naive_forecast,11670.190369934278,0.0,11670.190369934278,1.6865480854231358,1.5178932768808222,8,8
rte_90,2025-02-20,naive_forecast,10470.202350532603,0.0,10470.202350532603,1.6865480854231358,1.5178932768808222,8,8
rte_90,2025-02-21,naive_forecast,9657.136532266224,0.0,9657.136532266224,1.6865480854231358,1.5178932768808222,8,8
rte_90,2025-02-22,naive_forecast,9280.172800120887,0.0,9280.172800120887,1.6865480854231358,1.517893276880822,8,8
rte_90,2025-02-23,naive_forecast,7139.245648908845,0.0,7139.245648908845,1.6865480854231358,1.5178932768808222,8,8
rte_90,2025-02-24,naive_forecast,8948.653333573622,0.0,8948.653333573622,1.264911064067352,1.1384199576606167,6,6
rte_90,2025-02-25,naive_forecast,12311.462155383766,0.0,12311.462155383766,1.6766073760449012,1.508946638440411,8,7
rte_90,2025-02-26,naive_forecast,9416.90487707615,0.0,9416.90487707615,1.8432740427115677,1.658946638440411,8,9
rte_90,2025-02-27,naive_forecast,9363.541127896811,0.0,9363.541127896811,1.9643258632009135,1.7678932768808222,9,9
rte_90,2025-02-28,naive_forecast,5135.691974270637,0.0,5135.691974270637,1.514911064067352,1.3634199576606165,7,7
rte_90,2025-03-01,naive_forecast,9727.87755715803,0.0,9727.87755715803,1.6865480854231358,1.517893276880822,8,8
rte_90,2025-03-02,naive_forecast,8061.734053578086,0.0,8061.734053578086,1.3988295982671235,1.258946638440411,7,6
rte_90,2025-03-03,naive_forecast,-2310.589650095358,0.0,-2310.589650095358,1.2649110640673518,1.1384199576606164,6,6
rte_90,2025-03-04,naive_forecast,4601.864705857697,0.0,4601.864705857697,1.0932740427115677,0.9839466384404111,5,5
rte_90,2025-03-05,naive_forecast,6690.870689666307,0.0,6690.870689666307,1.6865480854231358,1.5178932768808222,8,8
rte_90,2025-03-06,naive_forecast,5754.3512389355665,0.0,5754.3512389355665,1.9643258632009135,1.7678932768808222,10,9
rte_90,2025-03-07,naive_forecast,11267.440084027305,0.0,11267.440084027305,1.6865480854231358,1.517893276880822,8,8
rte_90,2025-03-08,naive_forecast,6599.329526078176,0.0,6599.329526078176,1.6865480854231358,1.517893276880822,8,8
rte_90,2025-03-09,naive_forecast,9063.086393973053,0.0,9063.086393973053,1.6766073760449012,1.508946638440411,8,7
rte_90,2025-03-10,naive_forecast,6426.1948710742,0.0,6426.1948710742,1.5149110640673515,1.3634199576606165,7,7
rte_90,2025-03-11,naive_forecast,7146.241337970424,0.0,7146.241337970424,1.6865480854231358,1.5178932768808222,8,8
rte_90,2025-03-12,naive_forecast,6317.028163448491,0.0,6317.028163448491,1.6865480854231358,1.5178932768808222,8,8
rte_90,2025-03-13,naive_forecast,5335.725576885439,0.0,5335.725576885439,1.6865480854231358,1.5178932768808222,8,8
rte_90,2025-03-14,naive_forecast,11279.169754478029,0.0,11279.169754478029,1.6865480854231358,1.5178932768808222,8,8
rte_90,2025-03-15,naive_forecast,3004.4903585818383,0.0,3004.4903585818383,1.6865480854231358,1.517893276880822,8,8
rte_90,2025-03-16,naive_forecast,414.0640638812565,0.0,414.0640638812565,1.6865480854231358,1.5178932768808222,8,8
rte_90,2025-03-17,naive_forecast,4468.055252206073,0.0,4468.055252206073,1.6766073760449012,1.508946638440411,8,7
rte_90,2025-03-18,naive_forecast,9054.812269343405,0.0,9054.812269343405,1.6865480854231356,1.5178932768808222,8,8
rte_90,2025-03-19,naive_forecast,8646.620771181235,0.0,8646.620771181235,1.6865480854231358,1.5178932768808222,8,8
rte_90,2025-03-20,naive_forecast,9014.993336900327,0.0,9014.993336900327,1.6865480854231356,1.5178932768808222,8,8
rte_90,2025-03-21,naive_forecast,9249.673661496925,0.0,9249.673661496925,1.3988295982671235,1.258946638440411,7,6
rte_90,2025-03-22,naive_forecast,8983.213438121833,0.0,8983.213438121833,1.2271925769113394,1.1044733192202054,6,5
rte_90,2025-03-23,naive_forecast,8016.426390406061,0.0,8016.426390406061,1.2649110640673518,1.1384199576606167,6,6
rte_90,2025-03-24,naive_forecast,1268.9847150234837,0.0,1268.9847150234837,1.2649110640673518,1.1384199576606164,6,6
rte_90,2025-03-25,naive_forecast,3954.7158811239956,0.0,3954.7158811239956,1.6865480854231358,1.5178932768808222,8,8
rte_90,2025-03-26,naive_forecast,9190.788675568667,0.0,9190.788675568667,1.6865480854231363,1.5178932768808222,8,8
rte_90,2025-03-27,naive_forecast,3152.5306384868645,0.0,3152.5306384868645,1.9365480854231358,1.742893276880822,9,9
rte_90,2025-03-28,naive_forecast,2394.7683448099256,0.0,2394.7683448099256,1.9365480854231358,1.7428932768808223,9,9
rte_90,2025-03-29,naive_forecast,5363.431108919116,0.0,5363.431108919116,1.9365480854231356,1.742893276880822,9,8
rte_90,2025-03-30,naive_forecast,9424.899070487942,0.0,9424.899070487942,1.2649110640673518,1.1384199576606164,6,6
rte_90,2025-03-31,naive_forecast,3049.7698226140583,0.0,3049.7698226140583,1.3988295982671233,1.258946638440411,7,6
rte_90,2024-04-01,lear_forecast,10614.409133671288,0.0,10614.409133671288,1.6865480854231356,1.5178932768808222,8,8
rte_90,2024-04-02,lear_forecast,11978.098292653292,0.0,11978.098292653292,1.6865480854231356,1.5178932768808222,8,8
rte_90,2024-04-03,lear_forecast,1795.3173954310957,0.0,1795.3173954310957,1.6865480854231356,1.517893276880822,8,8
rte_90,2024-04-04,lear_forecast,4872.02071116173,0.0,4872.02071116173,1.6766073760449012,1.508946638440411,8,7
rte_90,2024-04-05,lear_forecast,4903.261790396822,0.0,4903.261790396822,1.6865480854231358,1.5178932768808222,8,8
rte_90,2024-04-06,lear_forecast,7397.607696017217,0.0,7397.607696017217,1.2649110640673518,1.1384199576606164,6,6
rte_90,2024-04-07,lear_forecast,9278.64896180137,0.0,9278.64896180137,1.936548085423136,1.7428932768808219,9,9
rte_90,2024-04-08,lear_forecast,2498.73806036072,0.0,2498.73806036072,1.6766073760449012,1.508946638440411,8,7
rte_90,2024-04-09,lear_forecast,4143.167795700858,0.0,4143.167795700858,1.6865480854231358,1.5178932768808222,8,8
rte_90,2024-04-10,lear_forecast,12069.302356208824,0.0,12069.302356208824,1.264911064067352,1.1384199576606164,6,6
rte_90,2024-04-11,lear_forecast,9204.017991578574,0.0,9204.017991578574,1.6865480854231358,1.517893276880822,8,8
rte_90,2024-04-12,lear_forecast,9428.316906341532,0.0,9428.316906341532,1.6865480854231358,1.5178932768808222,8,8
rte_90,2024-04-13,lear_forecast,9641.897683524721,0.0,9641.897683524721,1.2649110640673515,1.1384199576606164,6,6
rte_90,2024-04-14,lear_forecast,8189.466946488922,0.0,8189.466946488922,1.9543851538226789,1.758946638440411,10,8
rte_90,2024-04-15,lear_forecast,9656.916952573642,0.0,9656.916952573642,1.6766073760449012,1.508946638440411,8,7
rte_90,2024-04-16,lear_forecast,3807.3899952128545,0.0,3807.3899952128545,1.3988295982671235,1.258946638440411,7,6
rte_90,2024-04-17,lear_forecast,9782.162886986309,0.0,9782.162886986309,1.2649110640673518,1.1384199576606167,6,6
rte_90,2024-04-18,lear_forecast,6628.022540571234,0.0,6628.022540571234,1.2649110640673518,1.1384199576606164,6,6
rte_90,2024-04-19,lear_forecast,8816.076378239295,0.0,8816.076378239295,1.2649110640673515,1.1384199576606167,6,6
rte_90,2024-04-20,lear_forecast,7897.459072840128,0.0,7897.459072840128,1.4771925769113396,1.3294733192202055,7,6
rte_90,2024-04-21,lear_forecast,2952.5254231842414,0.0,2952.5254231842414,1.4216370213557838,1.2794733192202055,6,7
rte_90,2024-04-22,lear_forecast,2000.0175698133903,0.0,2000.0175698133903,1.264911064067352,1.1384199576606164,6,6
rte_90,2024-04-23,lear_forecast,1999.8472925836115,0.0,1999.8472925836115,1.2649110640673515,1.1384199576606167,6,6
rte_90,2024-04-24,lear_forecast,2533.6663880565434,0.0,2533.6663880565434,1.2649110640673515,1.1384199576606164,6,6
rte_90,2024-04-25,lear_forecast,10309.21329090851,0.0,10309.21329090851,1.264911064067352,1.1384199576606164,6,6
rte_90,2024-04-26,lear_forecast,5270.527871050972,0.0,5270.527871050972,1.264911064067352,1.1384199576606164,6,6
rte_90,2024-04-27,lear_forecast,6348.321965104848,0.0,6348.321965104848,1.5049703546891173,1.3544733192202054,7,6
rte_90,2024-04-28,lear_forecast,9239.376913558292,0.0,9239.376913558292,1.6488295982671235,1.4839466384404107,8,7
rte_90,2024-04-29,lear_forecast,6699.871528332115,0.0,6699.871528332115,1.6766073760449012,1.508946638440411,9,7
rte_90,2024-04-30,lear_forecast,2452.1006062877887,0.0,2452.1006062877887,1.5426888418451297,1.3884199576606167,8,7
rte_90,2024-05-01,lear_forecast,242.9188424138191,0.0,242.9188424138191,1.2649110640673518,1.1384199576606164,6,6
rte_90,2024-05-02,lear_forecast,7391.713290908508,0.0,7391.713290908508,1.764911064067352,1.5884199576606166,8,8
rte_90,2024-05-03,lear_forecast,9251.02591997381,0.0,9251.02591997381,1.264911064067352,1.1384199576606164,6,6
rte_90,2024-05-04,lear_forecast,8707.490399944036,0.0,8707.490399944036,1.5932740427115677,1.433946638440411,7,7
rte_90,2024-05-05,lear_forecast,8991.080174542489,0.0,8991.080174542489,2.3204666196229073,2.0884199576606166,10,10
rte_90,2024-05-06,lear_forecast,2329.2632000702697,0.0,2329.2632000702697,1.3988295982671235,1.258946638440411,7,6
rte_90,2024-05-07,lear_forecast,3910.19815720358,0.0,3910.19815720358,1.5426888418451297,1.3884199576606167,8,7
rte_90,2024-05-08,lear_forecast,4760.9215964654695,0.0,4760.9215964654695,1.5426888418451297,1.3884199576606167,8,7
rte_90,2024-05-09,lear_forecast,10692.395874796319,0.0,10692.395874796319,1.264911064067352,1.1384199576606164,6,6
rte_90,2024-05-10,lear_forecast,10084.544931093704,0.0,10084.544931093704,1.264911064067352,1.1384199576606164,6,6
rte_90,2024-05-11,lear_forecast,10580.347089401026,0.0,10580.347089401026,1.7649110640673515,1.5884199576606164,8,8
rte_90,2024-05-12,lear_forecast,4955.128821647284,0.0,4955.128821647284,1.9494147991335615,1.7544733192202053,9,9
rte_90,2024-05-13,lear_forecast,4310.82409989296,0.0,4310.82409989296,1.6716370213557838,1.5044733192202053,7,8
rte_90,2024-05-14,lear_forecast,9909.280387451538,0.0,9909.280387451538,1.514911064067352,1.3634199576606165,7,7
rte_90,2024-05-15,lear_forecast,11053.02764718729,0.0,11053.02764718729,1.514911064067352,1.3634199576606165,7,7
rte_90,2024-05-16,lear_forecast,9889.77459384442,0.0,9889.77459384442,1.264911064067352,1.1384199576606167,6,6
rte_90,2024-05-17,lear_forecast,12091.683468780375,0.0,12091.683468780375,1.264911064067352,1.1384199576606164,6,6
rte_90,2024-05-18,lear_forecast,7268.454274841277,0.0,7268.454274841277,1.5049703546891173,1.3544733192202054,7,6
rte_90,2024-05-19,lear_forecast,7492.992079304773,0.0,7492.992079304773,1.6716370213557838,1.5044733192202053,7,8
rte_90,2024-05-20,lear_forecast,8137.46460933789,0.0,8137.46460933789,1.7649110640673518,1.5884199576606166,8,8
rte_90,2024-05-21,lear_forecast,11843.61591680997,0.0,11843.61591680997,1.264911064067352,1.1384199576606167,6,6
rte_90,2024-05-22,lear_forecast,10080.149369376006,0.0,10080.149369376006,1.264911064067352,1.1384199576606164,6,6
rte_90,2024-05-23,lear_forecast,5798.921732726833,0.0,5798.921732726833,1.264911064067352,1.1384199576606164,6,6
rte_90,2024-05-24,lear_forecast,8923.47253773312,0.0,8923.47253773312,1.264911064067352,1.1384199576606164,6,6
rte_90,2024-05-25,lear_forecast,8890.816233541022,0.0,8890.816233541022,1.264911064067352,1.1384199576606164,6,6
rte_90,2024-05-26,lear_forecast,10230.168054436193,0.0,10230.168054436193,1.764911064067352,1.5884199576606166,8,8
rte_90,2024-05-27,lear_forecast,4316.079331012114,0.0,4316.079331012114,1.5426888418451297,1.3884199576606164,7,7
rte_90,2024-05-28,lear_forecast,2612.235870423008,0.0,2612.235870423008,1.764911064067352,1.5884199576606166,8,8
rte_90,2024-05-29,lear_forecast,8632.810481296097,0.0,8632.810481296097,1.764911064067352,1.5884199576606166,8,8
rte_90,2024-05-30,lear_forecast,3939.569170497313,0.0,3939.569170497313,1.514911064067352,1.3634199576606165,7,7
rte_90,2024-05-31,lear_forecast,-215.18236651467103,0.0,-215.18236651467103,1.764911064067352,1.5884199576606166,8,8
rte_90,2024-06-01,lear_forecast,7250.145528055512,0.0,7250.145528055512,1.343274042711568,1.2089466384404108,6,6
rte_90,2024-06-02,lear_forecast,8918.838787093346,0.0,8918.838787093346,1.2649110640673518,1.1384199576606164,6,6
rte_90,2024-06-03,lear_forecast,8734.007602335525,0.0,8734.007602335525,1.514911064067352,1.3634199576606165,7,7
rte_90,2024-06-04,lear_forecast,8638.985504210574,0.0,8638.985504210574,1.264911064067352,1.1384199576606164,6,6
rte_90,2024-06-05,lear_forecast,10237.675323012005,0.0,10237.675323012005,1.264911064067352,1.1384199576606164,6,6
rte_90,2024-06-06,lear_forecast,3620.5622214906653,0.0,3620.5622214906653,1.264911064067352,1.1384199576606167,6,6
rte_90,2024-06-07,lear_forecast,3497.316137835542,0.0,3497.316137835542,1.264911064067352,1.1384199576606167,6,6
rte_90,2024-06-08,lear_forecast,9314.953254896807,0.0,9314.953254896807,1.093274042711568,0.983946638440411,5,5
rte_90,2024-06-09,lear_forecast,1701.6730174940296,0.0,1701.6730174940296,1.4216370213557838,1.2794733192202055,6,7
rte_90,2024-06-10,lear_forecast,5118.764108895887,0.0,5118.764108895887,1.264911064067352,1.1384199576606164,6,6
rte_90,2024-06-11,lear_forecast,9979.088283813231,0.0,9979.088283813231,1.264911064067352,1.1384199576606164,6,6
rte_90,2024-06-12,lear_forecast,7304.137280091114,0.0,7304.137280091114,1.264911064067352,1.1384199576606164,6,6
rte_90,2024-06-13,lear_forecast,7670.3440088865145,0.0,7670.3440088865145,1.264911064067352,1.1384199576606164,6,6
rte_90,2024-06-14,lear_forecast,8391.941593867648,0.0,8391.941593867648,1.5149110640673518,1.3634199576606165,7,7
rte_90,2024-06-15,lear_forecast,6036.226161680481,0.0,6036.226161680481,1.2649110640673518,1.1384199576606167,6,6
rte_90,2024-06-16,lear_forecast,13838.059413902041,0.0,13838.059413902041,1.5149110640673515,1.3634199576606165,7,7
rte_90,2024-06-17,lear_forecast,7083.69873307579,0.0,7083.69873307579,1.2649110640673518,1.1384199576606164,6,6
rte_90,2024-06-18,lear_forecast,4359.4402697673895,0.0,4359.4402697673895,1.3988295982671235,1.258946638440411,7,6
rte_90,2024-06-19,lear_forecast,8779.851678546414,0.0,8779.851678546414,1.2649110640673515,1.1384199576606167,6,6
rte_90,2024-06-20,lear_forecast,4292.775396012598,0.0,4292.775396012598,1.5149110640673518,1.3634199576606165,7,7
rte_90,2024-06-21,lear_forecast,1273.018956776608,0.0,1273.018956776608,1.264911064067352,1.1384199576606167,6,6
rte_90,2024-06-22,lear_forecast,2175.4401383705913,0.0,2175.4401383705913,1.2649110640673518,1.1384199576606164,6,6
rte_90,2024-06-23,lear_forecast,2700.001407644316,0.0,2700.001407644316,1.5149110640673515,1.3634199576606165,7,7
rte_90,2024-06-24,lear_forecast,4386.350894223892,0.0,4386.350894223892,1.3988295982671237,1.258946638440411,7,6
rte_90,2024-06-25,lear_forecast,4425.381233016385,0.0,4425.381233016385,1.954385153822679,1.758946638440411,9,8
rte_90,2024-06-26,lear_forecast,1861.1291136416473,0.0,1861.1291136416473,1.2649110640673518,1.1384199576606164,6,6
rte_90,2024-06-27,lear_forecast,1475.3629243009295,0.0,1475.3629243009295,1.264911064067352,1.1384199576606164,6,6
rte_90,2024-06-28,lear_forecast,180.7399639882954,0.0,180.7399639882954,1.2649110640673518,1.1384199576606164,6,6
rte_90,2024-06-29,lear_forecast,8251.341051249128,0.0,8251.341051249128,1.264911064067352,1.1384199576606164,6,6
rte_90,2024-06-30,lear_forecast,2119.3568253152002,0.0,2119.3568253152002,1.264911064067352,1.1384199576606164,6,6
rte_90,2024-07-01,lear_forecast,2480.830074375594,0.0,2480.830074375594,1.3988295982671235,1.258946638440411,7,6
rte_90,2024-07-02,lear_forecast,1632.4719866002706,0.0,1632.4719866002706,1.593274042711568,1.433946638440411,7,7
rte_90,2024-07-03,lear_forecast,5681.747382612871,0.0,5681.747382612871,1.264911064067352,1.1384199576606167,6,6
rte_90,2024-07-04,lear_forecast,7625.0305638656355,0.0,7625.0305638656355,1.5426888418451297,1.3884199576606164,7,7
rte_90,2024-07-05,lear_forecast,7451.004877887802,0.0,7451.004877887802,1.6210518204893458,1.4589466384404108,7,7
rte_90,2024-07-06,lear_forecast,4778.860096031208,0.0,4778.860096031208,1.2649110640673518,1.1384199576606164,6,6
rte_90,2024-07-07,lear_forecast,8987.585000116136,0.0,8987.585000116136,1.5149110640673518,1.3634199576606165,7,7
rte_90,2024-07-08,lear_forecast,8106.0276378613025,0.0,8106.0276378613025,1.6210518204893456,1.4589466384404108,7,7
rte_90,2024-07-09,lear_forecast,10441.360468317676,0.0,10441.360468317676,1.6210518204893458,1.458946638440411,7,7
rte_90,2024-07-10,lear_forecast,10844.789781892629,0.0,10844.789781892629,1.6210518204893456,1.4589466384404108,7,7
rte_90,2024-07-11,lear_forecast,6888.1875003023615,0.0,6888.1875003023615,1.6210518204893458,1.4589466384404108,7,7
rte_90,2024-07-12,lear_forecast,1066.619580910058,0.0,1066.619580910058,1.2649110640673518,1.1384199576606164,6,6
rte_90,2024-07-13,lear_forecast,3887.865848276131,0.0,3887.865848276131,1.264911064067352,1.1384199576606164,6,6
rte_90,2024-07-14,lear_forecast,2145.948977620572,0.0,2145.948977620572,1.2649110640673518,1.1384199576606164,6,6
rte_90,2024-07-15,lear_forecast,2342.0259329548994,0.0,2342.0259329548994,1.3432740427115677,1.2089466384404108,6,6
rte_90,2024-07-16,lear_forecast,1063.7777461447183,0.0,1063.7777461447183,1.6210518204893456,1.4589466384404108,7,7
rte_90,2024-07-17,lear_forecast,1358.9129271390386,0.0,1358.9129271390386,1.593274042711568,1.433946638440411,7,7
rte_90,2024-07-18,lear_forecast,6239.783040933138,0.0,6239.783040933138,1.3988295982671235,1.258946638440411,7,6
rte_90,2024-07-19,lear_forecast,6310.264868479048,0.0,6310.264868479048,1.6210518204893456,1.458946638440411,7,7
rte_90,2024-07-20,lear_forecast,4975.529203670906,0.0,4975.529203670906,1.2649110640673518,1.1384199576606167,6,6
rte_90,2024-07-21,lear_forecast,8122.938132950147,0.0,8122.938132950147,1.5149110640673518,1.3634199576606165,7,7
rte_90,2024-07-22,lear_forecast,11574.231878234083,0.0,11574.231878234083,1.6210518204893458,1.4589466384404108,7,7
rte_90,2024-07-23,lear_forecast,11968.732138998552,0.0,11968.732138998552,1.2649110640673518,1.1384199576606164,6,6
rte_90,2024-07-24,lear_forecast,8645.744978137462,0.0,8645.744978137462,1.6210518204893456,1.4589466384404108,7,7
rte_90,2024-07-25,lear_forecast,5329.147451961029,0.0,5329.147451961029,1.6210518204893456,1.458946638440411,7,7
rte_90,2024-07-26,lear_forecast,6547.320124743386,0.0,6547.320124743386,1.6210518204893456,1.4589466384404108,7,7
rte_90,2024-07-27,lear_forecast,6359.985211813053,0.0,6359.985211813053,1.2649110640673518,1.1384199576606167,6,6
rte_90,2024-07-28,lear_forecast,8057.169019634227,0.0,8057.169019634227,1.2649110640673518,1.1384199576606164,6,6
rte_90,2024-07-29,lear_forecast,9121.43569684168,0.0,9121.43569684168,1.6210518204893456,1.4589466384404108,7,7
rte_90,2024-07-30,lear_forecast,11503.723369908383,0.0,11503.723369908383,1.1210518204893458,1.008946638440411,5,5
rte_90,2024-07-31,lear_forecast,10841.50438393367,0.0,10841.50438393367,1.6210518204893456,1.4589466384404108,7,7
rte_90,2024-08-01,lear_forecast,13068.959344959707,0.0,13068.959344959707,1.3988295982671235,1.258946638440411,7,6
rte_90,2024-08-02,lear_forecast,5879.535085283496,0.0,5879.535085283496,1.093274042711568,0.983946638440411,5,5
rte_90,2024-08-03,lear_forecast,4561.6950612756955,0.0,4561.6950612756955,1.2649110640673518,1.1384199576606164,6,6
rte_90,2024-08-04,lear_forecast,5694.749830479598,0.0,5694.749830479598,1.2649110640673518,1.1384199576606164,6,6
rte_90,2024-08-05,lear_forecast,4983.12141031956,0.0,4983.12141031956,1.3432740427115677,1.208946638440411,6,6
rte_90,2024-08-06,lear_forecast,7140.517914525065,0.0,7140.517914525065,1.6210518204893458,1.458946638440411,7,7
rte_90,2024-08-07,lear_forecast,4394.436194854071,0.0,4394.436194854071,1.343274042711568,1.2089466384404108,6,6
rte_90,2024-08-08,lear_forecast,5929.601705718054,0.0,5929.601705718054,1.343274042711568,1.208946638440411,6,6
rte_90,2024-08-09,lear_forecast,5597.136640952792,0.0,5597.136640952792,1.3432740427115677,1.2089466384404108,6,6
rte_90,2024-08-10,lear_forecast,5219.472646419691,0.0,5219.472646419691,1.264911064067352,1.1384199576606164,6,6
rte_90,2024-08-11,lear_forecast,5329.510321918679,0.0,5329.510321918679,1.2649110640673518,1.1384199576606164,6,6
rte_90,2024-08-12,lear_forecast,3584.84415812897,0.0,3584.84415812897,1.6210518204893456,1.458946638440411,7,7
rte_90,2024-08-13,lear_forecast,3633.27152265589,0.0,3633.27152265589,1.3988295982671235,1.258946638440411,6,6
rte_90,2024-08-14,lear_forecast,3202.371061146471,0.0,3202.371061146471,1.1210518204893458,1.008946638440411,5,5
rte_90,2024-08-15,lear_forecast,3596.522728340446,0.0,3596.522728340446,1.1210518204893458,1.008946638440411,5,5
rte_90,2024-08-16,lear_forecast,3677.9997509938053,0.0,3677.9997509938053,1.1210518204893458,1.008946638440411,5,5
rte_90,2024-08-17,lear_forecast,6895.8982476386645,0.0,6895.8982476386645,1.2649110640673518,1.1384199576606164,6,6
rte_90,2024-08-18,lear_forecast,7207.699957009155,0.0,7207.699957009155,1.2649110640673518,1.1384199576606164,6,6
rte_90,2024-08-19,lear_forecast,5328.430619426396,0.0,5328.430619426396,1.6210518204893456,1.4589466384404108,7,7
rte_90,2024-08-20,lear_forecast,5651.544880808676,0.0,5651.544880808676,1.6210518204893456,1.4589466384404108,7,7
rte_90,2024-08-21,lear_forecast,5130.745172800373,0.0,5130.745172800373,1.3432740427115677,1.2089466384404108,6,6
rte_90,2024-08-22,lear_forecast,5295.8721309728135,0.0,5295.8721309728135,1.3432740427115677,1.2089466384404108,6,6
rte_90,2024-08-23,lear_forecast,5066.39817261428,0.0,5066.39817261428,1.343274042711568,1.2089466384404108,6,6
rte_90,2024-08-24,lear_forecast,4979.3074279532275,0.0,4979.3074279532275,1.2649110640673518,1.1384199576606164,6,6
rte_90,2024-08-25,lear_forecast,3083.667319592389,0.0,3083.667319592389,1.2649110640673518,1.1384199576606164,6,6
rte_90,2024-08-26,lear_forecast,5090.332028288191,0.0,5090.332028288191,1.3432740427115677,1.2089466384404108,6,6
rte_90,2024-08-27,lear_forecast,6407.858709067986,0.0,6407.858709067986,1.3432740427115677,1.208946638440411,6,6
rte_90,2024-08-28,lear_forecast,4840.005317498644,0.0,4840.005317498644,1.3432740427115677,1.2089466384404108,6,6
rte_90,2024-08-29,lear_forecast,3522.5021218070206,0.0,3522.5021218070206,1.3432740427115677,1.2089466384404108,6,6
rte_90,2024-08-30,lear_forecast,10599.396785651063,0.0,10599.396785651063,1.343274042711568,1.208946638440411,6,6
rte_90,2024-08-31,lear_forecast,1628.9465840971227,0.0,1628.9465840971227,1.5149110640673518,1.3634199576606165,7,7
rte_90,2024-09-01,lear_forecast,5672.321325966524,0.0,5672.321325966524,1.5149110640673518,1.3634199576606165,7,7
rte_90,2024-09-02,lear_forecast,5564.384696366172,0.0,5564.384696366172,1.3432740427115677,1.2089466384404108,6,6
rte_90,2024-09-03,lear_forecast,4100.118962452829,0.0,4100.118962452829,1.3432740427115677,1.208946638440411,6,6
rte_90,2024-09-04,lear_forecast,4887.208721234754,0.0,4887.208721234754,0.9216370213557838,0.8294733192202054,4,5
rte_90,2024-09-05,lear_forecast,6405.127400618721,0.0,6405.127400618721,1.2649110640673518,1.1384199576606164,6,6
rte_90,2024-09-06,lear_forecast,5424.90219115518,0.0,5424.90219115518,1.4216370213557838,1.2794733192202052,6,7
rte_90,2024-09-07,lear_forecast,3932.5483234773706,0.0,3932.5483234773706,1.264911064067352,1.1384199576606164,6,6
rte_90,2024-09-08,lear_forecast,5910.256677290224,0.0,5910.256677290224,1.2649110640673518,1.1384199576606164,6,6
rte_90,2024-09-09,lear_forecast,13289.558829106996,0.0,13289.558829106996,1.3432740427115677,1.2089466384404108,6,6
rte_90,2024-09-10,lear_forecast,10397.17928720962,0.0,10397.17928720962,1.343274042711568,1.2089466384404108,6,6
rte_90,2024-09-11,lear_forecast,13574.741542362475,0.0,13574.741542362475,1.343274042711568,1.208946638440411,6,6
rte_90,2024-09-12,lear_forecast,8917.837087051506,0.0,8917.837087051506,1.3432740427115677,1.208946638440411,6,6
rte_90,2024-09-13,lear_forecast,9031.409881496178,0.0,9031.409881496178,1.3432740427115677,1.208946638440411,6,6
rte_90,2024-09-14,lear_forecast,6081.594675196481,0.0,6081.594675196481,1.2649110640673518,1.1384199576606164,6,6
rte_90,2024-09-15,lear_forecast,2633.3475306378455,0.0,2633.3475306378455,1.2649110640673518,1.1384199576606164,6,6
rte_90,2024-09-16,lear_forecast,3574.8301652165005,0.0,3574.8301652165005,1.343274042711568,1.2089466384404108,6,6
rte_90,2024-09-17,lear_forecast,15549.041300655803,0.0,15549.041300655803,1.343274042711568,1.208946638440411,6,6
rte_90,2024-09-18,lear_forecast,15251.522819987664,0.0,15251.522819987664,1.343274042711568,1.2089466384404108,6,6
rte_90,2024-09-19,lear_forecast,17693.102699297193,0.0,17693.102699297193,1.343274042711568,1.2089466384404108,6,6
rte_90,2024-09-20,lear_forecast,15981.932229433634,0.0,15981.932229433634,1.6210518204893456,1.4589466384404108,7,7
rte_90,2024-09-21,lear_forecast,2290.031250453549,0.0,2290.031250453549,1.1716370213557838,1.0544733192202056,5,6
rte_90,2024-09-22,lear_forecast,2641.9265870981026,0.0,2641.9265870981026,1.2649110640673515,1.1384199576606164,6,6
rte_90,2024-09-23,lear_forecast,2075.3411935978825,0.0,2075.3411935978825,1.3432740427115677,1.2089466384404108,6,6
rte_90,2024-09-24,lear_forecast,6462.878359326207,0.0,6462.878359326207,1.4216370213557838,1.2794733192202055,6,7
rte_90,2024-09-25,lear_forecast,4274.321488996377,0.0,4274.321488996377,1.4216370213557838,1.2794733192202055,6,7
rte_90,2024-09-26,lear_forecast,6023.275178639459,0.0,6023.275178639459,1.4216370213557838,1.2794733192202052,6,7
rte_90,2024-09-27,lear_forecast,3961.0474373619827,0.0,3961.0474373619827,1.3988295982671235,1.258946638440411,7,6
rte_90,2024-09-28,lear_forecast,2282.768929604967,0.0,2282.768929604967,1.2649110640673518,1.1384199576606167,6,6
rte_90,2024-09-29,lear_forecast,1937.323460754637,0.0,1937.323460754637,1.4216370213557838,1.2794733192202052,6,7
rte_90,2024-09-30,lear_forecast,3940.8309130413973,0.0,3940.8309130413973,1.343274042711568,1.2089466384404108,6,6
rte_90,2024-10-01,lear_forecast,6118.533498792796,0.0,6118.533498792796,1.3988295982671235,1.258946638440411,6,6
rte_90,2024-10-02,lear_forecast,6107.560433443356,0.0,6107.560433443356,1.6210518204893456,1.4589466384404108,7,7
rte_90,2024-10-03,lear_forecast,5920.960749768584,0.0,5920.960749768584,1.1210518204893456,1.008946638440411,6,5
rte_90,2024-10-04,lear_forecast,6114.796508258418,0.0,6114.796508258418,1.343274042711568,1.208946638440411,6,6
rte_90,2024-10-05,lear_forecast,3478.849046968732,0.0,3478.849046968732,1.264911064067352,1.1384199576606164,6,6
rte_90,2024-10-06,lear_forecast,7442.754943586202,0.0,7442.754943586202,1.264911064067352,1.1384199576606164,6,6
rte_90,2024-10-07,lear_forecast,5769.109497851927,0.0,5769.109497851927,1.3988295982671235,1.258946638440411,7,6
rte_90,2024-10-08,lear_forecast,5072.1322756710815,0.0,5072.1322756710815,1.343274042711568,1.2089466384404108,6,6
rte_90,2024-10-09,lear_forecast,6515.95483206152,0.0,6515.95483206152,1.5149110640673518,1.3634199576606165,7,7
rte_90,2024-10-10,lear_forecast,9946.822489066062,0.0,9946.822489066062,1.5149110640673515,1.3634199576606165,7,7
rte_90,2024-10-11,lear_forecast,13235.61493093084,0.0,13235.61493093084,1.264911064067352,1.1384199576606164,6,6
rte_90,2024-10-12,lear_forecast,9617.737231424055,0.0,9617.737231424055,1.2649110640673515,1.1384199576606164,6,6
rte_90,2024-10-13,lear_forecast,9987.943348252771,0.0,9987.943348252771,1.5149110640673515,1.3634199576606165,7,7
rte_90,2024-10-14,lear_forecast,7333.6574608010915,0.0,7333.6574608010915,1.6865480854231358,1.517893276880822,8,8
rte_90,2024-10-15,lear_forecast,8285.017135067115,0.0,8285.017135067115,1.514911064067352,1.3634199576606165,7,7
rte_90,2024-10-16,lear_forecast,4905.624660354468,0.0,4905.624660354468,1.6865480854231358,1.5178932768808222,8,8
rte_90,2024-10-17,lear_forecast,8749.709476759657,0.0,8749.709476759657,1.2649110640673518,1.1384199576606167,6,6
rte_90,2024-10-18,lear_forecast,7991.382302842725,0.0,7991.382302842725,1.5149110640673518,1.3634199576606165,7,7
rte_90,2024-10-19,lear_forecast,3328.9168163122745,0.0,3328.9168163122745,1.2649110640673518,1.1384199576606164,6,6
rte_90,2024-10-20,lear_forecast,10767.963957218477,0.0,10767.963957218477,1.264911064067352,1.1384199576606164,6,6
rte_90,2024-10-21,lear_forecast,7734.118636393124,0.0,7734.118636393124,1.6865480854231358,1.517893276880822,8,8
rte_90,2024-10-22,lear_forecast,5822.232390033877,0.0,5822.232390033877,1.6865480854231356,1.5178932768808222,8,8
rte_90,2024-10-23,lear_forecast,4617.9965869352345,0.0,4617.9965869352345,1.6865480854231358,1.5178932768808222,8,8
rte_90,2024-10-24,lear_forecast,5613.802491663877,0.0,5613.802491663877,1.6766073760449012,1.508946638440411,8,7
rte_90,2024-10-25,lear_forecast,6031.7986430465335,0.0,6031.7986430465335,1.6766073760449012,1.508946638440411,8,7
rte_90,2024-10-26,lear_forecast,3272.5042249620783,0.0,3272.5042249620783,1.3988295982671235,1.258946638440411,7,6
rte_90,2024-10-27,lear_forecast,3115.802131135679,0.0,3115.802131135679,1.2649110640673518,1.1384199576606167,6,6
rte_90,2024-10-28,lear_forecast,8099.356152514687,0.0,8099.356152514687,1.6865480854231358,1.5178932768808222,8,8
rte_90,2024-10-29,lear_forecast,5387.179939329033,0.0,5387.179939329033,1.6865480854231356,1.517893276880822,8,8
rte_90,2024-10-30,lear_forecast,5724.50792839523,0.0,5724.50792839523,1.6766073760449012,1.508946638440411,8,7
rte_90,2024-10-31,lear_forecast,5068.4191554924355,0.0,5068.4191554924355,1.6865480854231358,1.517893276880822,8,8
rte_90,2024-11-01,lear_forecast,2045.209285348696,0.0,2045.209285348696,1.6865480854231358,1.5178932768808222,8,8
rte_90,2024-11-02,lear_forecast,-998.6277810217148,0.0,-998.6277810217148,1.2649110640673515,1.1384199576606164,6,6
rte_90,2024-11-03,lear_forecast,9431.611843925786,0.0,9431.611843925786,1.264911064067352,1.1384199576606167,6,6
rte_90,2024-11-04,lear_forecast,10045.880535476517,0.0,10045.880535476517,1.6865480854231358,1.5178932768808222,8,8
rte_90,2024-11-05,lear_forecast,6586.747013161838,0.0,6586.747013161838,1.3988295982671235,1.258946638440411,7,6
rte_90,2024-11-06,lear_forecast,7899.372099339756,0.0,7899.372099339756,1.3988295982671235,1.258946638440411,7,6
rte_90,2024-11-07,lear_forecast,9662.873060479527,0.0,9662.873060479527,1.3988295982671235,1.258946638440411,7,6
rte_90,2024-11-08,lear_forecast,8195.466601777249,0.0,8195.466601777249,1.514911064067352,1.3634199576606165,7,7
rte_90,2024-11-09,lear_forecast,5761.197801539946,0.0,5761.197801539946,1.264911064067352,1.1384199576606164,6,6
rte_90,2024-11-10,lear_forecast,4481.684732866472,0.0,4481.684732866472,1.5149110640673515,1.3634199576606165,7,7
rte_90,2024-11-11,lear_forecast,9603.021078583632,0.0,9603.021078583632,1.6865480854231358,1.517893276880822,8,8
rte_90,2024-11-12,lear_forecast,10394.79709305346,0.0,10394.79709305346,1.6865480854231358,1.5178932768808222,8,8
rte_90,2024-11-13,lear_forecast,10434.032637416767,0.0,10434.032637416767,1.6865480854231356,1.517893276880822,8,8
rte_90,2024-11-14,lear_forecast,7684.340622590239,0.0,7684.340622590239,1.6766073760449012,1.508946638440411,8,7
rte_90,2024-11-15,lear_forecast,3629.8335782812665,0.0,3629.8335782812665,1.6865480854231358,1.5178932768808222,8,8
rte_90,2024-11-16,lear_forecast,2416.09156751033,0.0,2416.09156751033,1.2649110640673515,1.1384199576606164,6,6
rte_90,2024-11-17,lear_forecast,4124.7997582933285,0.0,4124.7997582933285,1.264911064067352,1.1384199576606164,6,6
rte_90,2024-11-18,lear_forecast,6878.316104173353,0.0,6878.316104173353,1.6865480854231358,1.517893276880822,8,8
rte_90,2024-11-19,lear_forecast,9205.259247630922,0.0,9205.259247630922,1.6766073760449012,1.508946638440411,8,7
rte_90,2024-11-20,lear_forecast,9065.143154810006,0.0,9065.143154810006,1.6766073760449012,1.508946638440411,8,7
rte_90,2024-11-21,lear_forecast,11148.522724282186,0.0,11148.522724282186,1.6865480854231356,1.517893276880822,8,8
rte_90,2024-11-22,lear_forecast,6363.757846880304,0.0,6363.757846880304,1.6865480854231358,1.517893276880822,8,8
rte_90,2024-11-23,lear_forecast,4893.347660005514,0.0,4893.347660005514,1.264911064067352,1.1384199576606167,6,6
rte_90,2024-11-24,lear_forecast,5239.988278137012,0.0,5239.988278137012,1.264911064067352,1.1384199576606164,6,6
rte_90,2024-11-25,lear_forecast,12558.79298650709,0.0,12558.79298650709,1.6865480854231356,1.5178932768808222,8,8
rte_90,2024-11-26,lear_forecast,9186.304708370073,0.0,9186.304708370073,1.6865480854231358,1.517893276880822,8,8
rte_90,2024-11-27,lear_forecast,7911.25651426037,0.0,7911.25651426037,1.6865480854231358,1.517893276880822,8,8
rte_90,2024-11-28,lear_forecast,8024.1822785091945,0.0,8024.1822785091945,1.6865480854231358,1.517893276880822,8,8
rte_90,2024-11-29,lear_forecast,4960.3970030242,0.0,4960.3970030242,1.6865480854231358,1.5178932768808222,8,8
rte_90,2024-11-30,lear_forecast,2854.8804397710373,0.0,2854.8804397710373,1.264911064067352,1.1384199576606167,6,6
rte_90,2024-12-01,lear_forecast,9994.78816579801,0.0,9994.78816579801,1.2649110640673518,1.1384199576606164,6,6
rte_90,2024-12-02,lear_forecast,10345.370104871268,0.0,10345.370104871268,1.6865480854231358,1.517893276880822,8,8
rte_90,2024-12-03,lear_forecast,7441.237611827044,0.0,7441.237611827044,1.6865480854231358,1.517893276880822,8,8
rte_90,2024-12-04,lear_forecast,7983.511015400286,0.0,7983.511015400286,1.6865480854231358,1.517893276880822,8,8
rte_90,2024-12-05,lear_forecast,6887.392950821112,0.0,6887.392950821112,1.6865480854231358,1.517893276880822,8,8
rte_90,2024-12-06,lear_forecast,7439.72093988731,0.0,7439.72093988731,1.6865480854231358,1.5178932768808222,8,8
rte_90,2024-12-07,lear_forecast,4127.55431377653,0.0,4127.55431377653,1.6865480854231358,1.517893276880822,8,8
rte_90,2024-12-08,lear_forecast,7175.729432396486,0.0,7175.729432396486,1.2649110640673518,1.1384199576606164,6,6
rte_90,2024-12-09,lear_forecast,7217.743894523724,0.0,7217.743894523724,1.6865480854231358,1.517893276880822,8,8
rte_90,2024-12-10,lear_forecast,7650.354928581324,0.0,7650.354928581324,1.6865480854231356,1.5178932768808222,8,8
rte_90,2024-12-11,lear_forecast,9087.149573768056,0.0,9087.149573768056,1.6865480854231356,1.517893276880822,8,8
rte_90,2024-12-12,lear_forecast,9542.817912901763,0.0,9542.817912901763,1.6865480854231356,1.517893276880822,8,8
rte_90,2024-12-13,lear_forecast,8361.241066254002,0.0,8361.241066254002,1.6865480854231356,1.517893276880822,8,8
rte_90,2024-12-14,lear_forecast,8100.53172656202,0.0,8100.53172656202,1.6865480854231358,1.5178932768808222,8,8
rte_90,2024-12-15,lear_forecast,5725.604955752966,0.0,5725.604955752966,1.2649110640673518,1.1384199576606167,6,6
rte_90,2024-12-16,lear_forecast,8457.968356162368,0.0,8457.968356162368,1.6865480854231356,1.5178932768808222,8,8
rte_90,2024-12-17,lear_forecast,7172.785697250181,0.0,7172.785697250181,1.6865480854231356,1.517893276880822,8,8
rte_90,2024-12-18,lear_forecast,7540.88906164788,0.0,7540.88906164788,1.6865480854231356,1.5178932768808222,8,8
rte_90,2024-12-19,lear_forecast,13142.712726794567,0.0,13142.712726794567,1.6865480854231356,1.517893276880822,8,8
rte_90,2024-12-20,lear_forecast,8204.73478355732,0.0,8204.73478355732,1.6865480854231358,1.5178932768808222,8,8
rte_90,2024-12-21,lear_forecast,2130.1597586190574,0.0,2130.1597586190574,1.686548085423136,1.5178932768808222,8,8
rte_90,2024-12-22,lear_forecast,5349.67366149692,0.0,5349.67366149692,1.6766073760449012,1.508946638440411,8,7
rte_90,2024-12-23,lear_forecast,8920.380222397898,0.0,8920.380222397898,1.6865480854231356,1.5178932768808222,8,8
rte_90,2024-12-24,lear_forecast,9323.050098543588,0.0,9323.050098543588,1.6865480854231358,1.517893276880822,8,8
rte_90,2024-12-25,lear_forecast,9221.868663564763,0.0,9221.868663564763,1.6865480854231356,1.5178932768808222,8,8
rte_90,2024-12-26,lear_forecast,6391.3813919879785,0.0,6391.3813919879785,1.6865480854231358,1.517893276880822,8,8
rte_90,2024-12-27,lear_forecast,4005.2654621969186,0.0,4005.2654621969186,1.6865480854231358,1.5178932768808222,8,8
rte_90,2024-12-28,lear_forecast,6773.149152002869,0.0,6773.149152002869,1.6766073760449012,1.508946638440411,8,7
rte_90,2024-12-29,lear_forecast,3758.6123330153455,0.0,3758.6123330153455,1.5426888418451297,1.3884199576606164,7,7
rte_90,2024-12-30,lear_forecast,7290.821162936671,0.0,7290.821162936671,1.6865480854231356,1.517893276880822,8,8
rte_90,2024-12-31,lear_forecast,8035.510961057003,0.0,8035.510961057003,1.6865480854231358,1.517893276880822,8,8
rte_90,2025-01-01,lear_forecast,8483.430062206156,0.0,8483.430062206156,1.6766073760449012,1.508946638440411,8,7
rte_90,2025-01-02,lear_forecast,10604.35703660095,0.0,10604.35703660095,1.6766073760449012,1.508946638440411,8,7
rte_90,2025-01-03,lear_forecast,7139.500734843804,0.0,7139.500734843804,1.6865480854231358,1.5178932768808222,8,8
rte_90,2025-01-04,lear_forecast,5389.865685246279,0.0,5389.865685246279,1.0932740427115677,0.983946638440411,5,5
rte_90,2025-01-05,lear_forecast,3891.64314102261,0.0,3891.64314102261,1.264911064067352,1.1384199576606167,6,6
rte_90,2025-01-06,lear_forecast,4606.733940026948,0.0,4606.733940026948,1.6865480854231358,1.5178932768808222,8,8
rte_90,2025-01-07,lear_forecast,6669.950732005692,0.0,6669.950732005692,1.6865480854231358,1.5178932768808222,8,8
rte_90,2025-01-08,lear_forecast,6731.210183222352,0.0,6731.210183222352,1.6865480854231358,1.5178932768808222,8,8
rte_90,2025-01-09,lear_forecast,9359.352685106642,0.0,9359.352685106642,1.6865480854231358,1.5178932768808222,8,8
rte_90,2025-01-10,lear_forecast,8631.073583631758,0.0,8631.073583631758,1.6865480854231356,1.5178932768808222,8,8
rte_90,2025-01-11,lear_forecast,4846.204594007283,0.0,4846.204594007283,1.6865480854231358,1.5178932768808222,8,8
rte_90,2025-01-12,lear_forecast,3191.586291373875,0.0,3191.586291373875,1.2649110640673518,1.1384199576606164,6,6
rte_90,2025-01-13,lear_forecast,6016.337726189832,0.0,6016.337726189832,1.6865480854231356,1.5178932768808222,8,8
rte_90,2025-01-14,lear_forecast,7243.980445447259,0.0,7243.980445447259,1.6865480854231356,1.5178932768808222,8,8
rte_90,2025-01-15,lear_forecast,5884.279468896782,0.0,5884.279468896782,1.6865480854231358,1.517893276880822,8,8
rte_90,2025-01-16,lear_forecast,9704.854072069857,0.0,9704.854072069857,1.6865480854231358,1.517893276880822,8,8
rte_90,2025-01-17,lear_forecast,7778.972190992318,0.0,7778.972190992318,1.6865480854231358,1.517893276880822,8,8
rte_90,2025-01-18,lear_forecast,6986.525443865339,0.0,6986.525443865339,1.6766073760449012,1.508946638440411,8,7
rte_90,2025-01-19,lear_forecast,4024.3115551806995,0.0,4024.3115551806995,1.2649110640673518,1.1384199576606167,6,6
rte_90,2025-01-20,lear_forecast,7384.65570641597,0.0,7384.65570641597,1.6865480854231358,1.5178932768808222,8,8
rte_90,2025-01-21,lear_forecast,7135.893589959437,0.0,7135.893589959437,1.6865480854231358,1.5178932768808222,8,8
rte_90,2025-01-22,lear_forecast,9680.829947843364,0.0,9680.829947843364,1.6865480854231358,1.5178932768808222,8,8
rte_90,2025-01-23,lear_forecast,10228.484919415532,0.0,10228.484919415532,1.6865480854231358,1.5178932768808222,8,8
rte_90,2025-01-24,lear_forecast,6205.440668822348,0.0,6205.440668822348,1.6865480854231356,1.517893276880822,8,8
rte_90,2025-01-25,lear_forecast,10065.842730609864,0.0,10065.842730609864,1.6865480854231356,1.5178932768808222,8,8
rte_90,2025-01-26,lear_forecast,9205.522139487144,0.0,9205.522139487144,1.264911064067352,1.1384199576606167,6,6
rte_90,2025-01-27,lear_forecast,7589.560379100069,0.0,7589.560379100069,1.6865480854231358,1.517893276880822,8,8
rte_90,2025-01-28,lear_forecast,5773.772492718493,0.0,5773.772492718493,1.6865480854231358,1.517893276880822,8,8
rte_90,2025-01-29,lear_forecast,6271.108736239628,0.0,6271.108736239628,1.6865480854231358,1.5178932768808222,8,8
rte_90,2025-01-30,lear_forecast,9239.47410840729,0.0,9239.47410840729,1.6865480854231358,1.5178932768808222,8,8
rte_90,2025-01-31,lear_forecast,7267.7641295769845,0.0,7267.7641295769845,1.6865480854231358,1.517893276880822,8,8
rte_90,2025-02-01,lear_forecast,3324.6495867491435,0.0,3324.6495867491435,1.6865480854231356,1.5178932768808222,8,8
rte_90,2025-02-02,lear_forecast,1644.3774614525514,0.0,1644.3774614525514,1.2649110640673518,1.1384199576606167,6,6
rte_90,2025-02-03,lear_forecast,5732.794753873299,0.0,5732.794753873299,1.6865480854231356,1.5178932768808222,8,8
rte_90,2025-02-04,lear_forecast,7475.5586247149495,0.0,7475.5586247149495,1.6865480854231358,1.517893276880822,8,8
rte_90,2025-02-05,lear_forecast,9658.440981900965,0.0,9658.440981900965,1.6865480854231358,1.517893276880822,8,8
rte_90,2025-02-06,lear_forecast,11324.45307118585,0.0,11324.45307118585,1.6865480854231356,1.517893276880822,8,8
rte_90,2025-02-07,lear_forecast,7119.708959288989,0.0,7119.708959288989,1.6865480854231354,1.5178932768808222,8,8
rte_90,2025-02-08,lear_forecast,5997.480730951079,0.0,5997.480730951079,1.6766073760449012,1.508946638440411,8,7
rte_90,2025-02-09,lear_forecast,5276.921256618363,0.0,5276.921256618363,1.2649110640673518,1.1384199576606167,6,6
rte_90,2025-02-10,lear_forecast,9915.359715628218,0.0,9915.359715628218,1.6865480854231356,1.517893276880822,8,8
rte_90,2025-02-11,lear_forecast,7871.798371330112,0.0,7871.798371330112,1.6865480854231356,1.5178932768808222,8,8
rte_90,2025-02-12,lear_forecast,6749.297038710173,0.0,6749.297038710173,1.6865480854231358,1.517893276880822,8,8
rte_90,2025-02-13,lear_forecast,7903.2652448237795,0.0,7903.2652448237795,1.6865480854231358,1.5178932768808222,8,8
rte_90,2025-02-14,lear_forecast,9837.945986320996,0.0,9837.945986320996,1.6865480854231356,1.5178932768808222,8,8
rte_90,2025-02-15,lear_forecast,6630.313901254559,0.0,6630.313901254559,1.2271925769113396,1.1044733192202054,6,5
rte_90,2025-02-16,lear_forecast,6557.195244986646,0.0,6557.195244986646,1.2649110640673518,1.1384199576606164,6,6
rte_90,2025-02-17,lear_forecast,9170.032474386911,0.0,9170.032474386911,1.6865480854231356,1.5178932768808222,8,8
rte_90,2025-02-18,lear_forecast,9493.064213930022,0.0,9493.064213930022,1.6865480854231358,1.5178932768808222,8,8
rte_90,2025-02-19,lear_forecast,12140.19036993428,0.0,12140.19036993428,1.6865480854231358,1.5178932768808222,8,8
rte_90,2025-02-20,lear_forecast,10879.141536686251,0.0,10879.141536686251,1.6865480854231356,1.5178932768808222,8,8
rte_90,2025-02-21,lear_forecast,9672.349013306546,0.0,9672.349013306546,1.6865480854231356,1.5178932768808222,8,8
rte_90,2025-02-22,lear_forecast,9051.327014945333,0.0,9051.327014945333,1.3988295982671235,1.258946638440411,7,6
rte_90,2025-02-23,lear_forecast,7186.550030412906,0.0,7186.550030412906,1.3988295982671235,1.258946638440411,7,6
rte_90,2025-02-24,lear_forecast,8742.050792025198,0.0,8742.050792025198,1.6865480854231356,1.5178932768808222,8,8
rte_90,2025-02-25,lear_forecast,13263.67583278266,0.0,13263.67583278266,1.6865480854231356,1.5178932768808222,8,8
rte_90,2025-02-26,lear_forecast,9665.12513646294,0.0,9665.12513646294,1.6865480854231358,1.5178932768808222,8,8
rte_90,2025-02-27,lear_forecast,10465.395126971422,0.0,10465.395126971422,1.6865480854231358,1.5178932768808222,8,8
rte_90,2025-02-28,lear_forecast,5099.3404457729885,0.0,5099.3404457729885,1.6865480854231358,1.5178932768808222,8,8
rte_90,2025-03-01,lear_forecast,9757.981044029699,0.0,9757.981044029699,1.6766073760449012,1.508946638440411,8,7
rte_90,2025-03-02,lear_forecast,8293.014286116295,0.0,8293.014286116295,1.2649110640673518,1.1384199576606167,6,6
rte_90,2025-03-03,lear_forecast,913.1233277345369,0.0,913.1233277345369,1.6865480854231356,1.5178932768808222,8,8
rte_90,2025-03-04,lear_forecast,12412.591316475004,0.0,12412.591316475004,1.6865480854231358,1.5178932768808222,8,8
rte_90,2025-03-05,lear_forecast,5856.417877215784,0.0,5856.417877215784,1.6865480854231358,1.517893276880822,8,8
rte_90,2025-03-06,lear_forecast,8066.977834550672,0.0,8066.977834550672,1.6865480854231358,1.5178932768808222,8,8
rte_90,2025-03-07,lear_forecast,12585.547433303718,0.0,12585.547433303718,1.6865480854231356,1.5178932768808222,8,8
rte_90,2025-03-08,lear_forecast,6062.433452560692,0.0,6062.433452560692,1.3988295982671235,1.258946638440411,7,6
rte_90,2025-03-09,lear_forecast,11418.3449882751,0.0,11418.3449882751,1.6716370213557838,1.5044733192202053,7,8
rte_90,2025-03-10,lear_forecast,10451.046426743493,0.0,10451.046426743493,1.6865480854231356,1.5178932768808222,8,8
rte_90,2025-03-11,lear_forecast,6782.875163634584,0.0,6782.875163634584,1.6865480854231358,1.517893276880822,8,8
rte_90,2025-03-12,lear_forecast,6103.0852511514595,0.0,6103.0852511514595,1.6865480854231358,1.5178932768808222,8,8
rte_90,2025-03-13,lear_forecast,5402.398281300851,0.0,5402.398281300851,1.6865480854231358,1.517893276880822,8,8
rte_90,2025-03-14,lear_forecast,12143.040511468715,0.0,12143.040511468715,1.6865480854231354,1.5178932768808222,8,8
rte_90,2025-03-15,lear_forecast,3981.2985887032487,0.0,3981.2985887032487,1.6865480854231356,1.517893276880822,8,8
rte_90,2025-03-16,lear_forecast,888.2946788489159,0.0,888.2946788489159,1.2649110640673518,1.1384199576606164,6,6
rte_90,2025-03-17,lear_forecast,7588.803375750141,0.0,7588.803375750141,1.6865480854231356,1.5178932768808222,8,8
rte_90,2025-03-18,lear_forecast,8946.336216752645,0.0,8946.336216752645,1.6766073760449012,1.508946638440411,8,7
rte_90,2025-03-19,lear_forecast,9006.709707113883,0.0,9006.709707113883,1.6766073760449012,1.508946638440411,8,7
rte_90,2025-03-20,lear_forecast,11840.483804168736,0.0,11840.483804168736,1.6865480854231356,1.5178932768808222,8,8
rte_90,2025-03-21,lear_forecast,9178.440451449209,0.0,9178.440451449209,1.6865480854231358,1.5178932768808222,8,8
rte_90,2025-03-22,lear_forecast,8516.237308477566,0.0,8516.237308477566,1.1111111111111112,1.0,6,4
rte_90,2025-03-23,lear_forecast,7975.797596333574,0.0,7975.797596333574,2.0932740427115677,1.8839466384404109,9,10
rte_90,2025-03-24,lear_forecast,2587.55884208809,0.0,2587.55884208809,1.6865480854231358,1.5178932768808222,8,8
rte_90,2025-03-25,lear_forecast,8186.873722328082,0.0,8186.873722328082,1.6865480854231358,1.5178932768808222,8,8
rte_90,2025-03-26,lear_forecast,9051.479112827325,0.0,9051.479112827325,1.6865480854231358,1.517893276880822,8,8
rte_90,2025-03-27,lear_forecast,4886.4985586934945,0.0,4886.4985586934945,1.6865480854231358,1.5178932768808222,8,8
rte_90,2025-03-28,lear_forecast,2795.136327874173,0.0,2795.136327874173,1.6865480854231358,1.5178932768808222,8,8
rte_90,2025-03-29,lear_forecast,5062.969348532043,0.0,5062.969348532043,1.3432740427115677,1.2089466384404108,6,6
rte_90,2025-03-30,lear_forecast,9312.581214764903,0.0,9312.581214764903,1.8204666196229076,1.6384199576606164,9,8
rte_90,2025-03-31,lear_forecast,6225.846728469667,0.0,6225.846728469667,1.264911064067352,1.1384199576606167,6,6
rte_90,2024-04-01,perfect_foresight_upper_bound,10805.661663052944,0.0,10805.661663052944,1.6865480854231358,1.517893276880822,8,8
rte_90,2024-04-02,perfect_foresight_upper_bound,12187.741488019188,0.0,12187.741488019188,1.6865480854231358,1.517893276880822,8,8
rte_90,2024-04-03,perfect_foresight_upper_bound,5687.538974456733,0.0,5687.538974456733,1.3432740427115677,1.208946638440411,6,6
rte_90,2024-04-04,perfect_foresight_upper_bound,5181.757370771834,0.0,5181.757370771834,1.6865480854231354,1.5178932768808222,8,8
rte_90,2024-04-05,perfect_foresight_upper_bound,5164.820795514769,0.0,5164.820795514769,1.6865480854231356,1.5178932768808222,8,8
rte_90,2024-04-06,perfect_foresight_upper_bound,8376.709435397463,0.0,8376.709435397463,1.6865480854231358,1.5178932768808222,8,8
rte_90,2024-04-07,perfect_foresight_upper_bound,10007.323447773548,0.0,10007.323447773548,1.2649110640673518,1.1384199576606167,6,6
rte_90,2024-04-08,perfect_foresight_upper_bound,3721.3173775854366,0.0,3721.3173775854366,1.3988295982671235,1.258946638440411,7,6
rte_90,2024-04-09,perfect_foresight_upper_bound,6829.379052807818,0.0,6829.379052807818,1.6865480854231358,1.5178932768808222,8,8
rte_90,2024-04-10,perfect_foresight_upper_bound,13886.559250872186,0.0,13886.559250872186,1.6865480854231358,1.5178932768808222,8,8
rte_90,2024-04-11,perfect_foresight_upper_bound,9543.74825980543,0.0,9543.74825980543,1.6865480854231358,1.5178932768808222,8,8
rte_90,2024-04-12,perfect_foresight_upper_bound,9721.13083436458,0.0,9721.13083436458,1.6865480854231358,1.517893276880822,8,8
rte_90,2024-04-13,perfect_foresight_upper_bound,9964.180674172838,0.0,9964.180674172838,1.6865480854231356,1.5178932768808222,8,8
rte_90,2024-04-14,perfect_foresight_upper_bound,8753.553879030254,0.0,8753.553879030254,1.2649110640673518,1.1384199576606167,6,6
rte_90,2024-04-15,perfect_foresight_upper_bound,10418.527606228248,0.0,10418.527606228248,1.6766073760449012,1.508946638440411,8,7
rte_90,2024-04-16,perfect_foresight_upper_bound,3890.375034266917,0.0,3890.375034266917,1.264911064067352,1.1384199576606164,6,6
rte_90,2024-04-17,perfect_foresight_upper_bound,10214.506215372307,0.0,10214.506215372307,1.4216370213557838,1.2794733192202055,6,7
rte_90,2024-04-18,perfect_foresight_upper_bound,8156.44969178328,0.0,8156.44969178328,1.2649110640673515,1.1384199576606167,6,6
rte_90,2024-04-19,perfect_foresight_upper_bound,9101.475885502645,0.0,9101.475885502645,1.3988295982671235,1.258946638440411,7,6
rte_90,2024-04-20,perfect_foresight_upper_bound,9181.681576104756,0.0,9181.681576104756,1.8710518204893454,1.683946638440411,9,8
rte_90,2024-04-21,perfect_foresight_upper_bound,3949.8877626901312,0.0,3949.8877626901312,1.4216370213557838,1.2794733192202055,6,7
rte_90,2024-04-22,perfect_foresight_upper_bound,3028.817069371385,0.0,3028.817069371385,1.343274042711568,1.2089466384404108,6,6
rte_90,2024-04-23,perfect_foresight_upper_bound,2920.850726329471,0.0,2920.850726329471,1.3988295982671235,1.258946638440411,7,6
rte_90,2024-04-24,perfect_foresight_upper_bound,4682.773186200102,0.0,4682.773186200102,1.3432740427115677,1.2089466384404108,6,6
rte_90,2024-04-25,perfect_foresight_upper_bound,11314.172820801989,0.0,11314.172820801989,1.5149110640673515,1.3634199576606165,7,7
rte_90,2024-04-26,perfect_foresight_upper_bound,6588.608498185396,0.0,6588.608498185396,2.171637021355784,1.9544733192202053,9,10
rte_90,2024-04-27,perfect_foresight_upper_bound,10499.197985250898,0.0,10499.197985250898,1.6865480854231358,1.517893276880822,8,8
rte_90,2024-04-28,perfect_foresight_upper_bound,9429.930193602953,0.0,9429.930193602953,1.388888888888889,1.25,7,5
rte_90,2024-04-29,perfect_foresight_upper_bound,8294.42167838355,0.0,8294.42167838355,1.7649110640673518,1.5884199576606166,8,8
rte_90,2024-04-30,perfect_foresight_upper_bound,3239.6679587307144,0.0,3239.6679587307144,1.2649110640673518,1.1384199576606164,6,6
rte_90,2024-05-01,perfect_foresight_upper_bound,1901.7400775394333,0.0,1901.7400775394333,1.3710518204893458,1.2339466384404112,7,5
rte_90,2024-05-02,perfect_foresight_upper_bound,11108.50261859659,0.0,11108.50261859659,1.2649110640673518,1.1384199576606164,6,6
rte_90,2024-05-03,perfect_foresight_upper_bound,9851.762899153075,0.0,9851.762899153075,1.514911064067352,1.3634199576606165,7,7
rte_90,2024-05-04,perfect_foresight_upper_bound,8781.240680986442,0.0,8781.240680986442,0.9771925769113394,0.8794733192202056,5,4
rte_90,2024-05-05,perfect_foresight_upper_bound,9031.335591401723,0.0,9031.335591401723,1.2649110640673518,1.1384199576606164,6,6
rte_90,2024-05-06,perfect_foresight_upper_bound,3371.061344298106,0.0,3371.061344298106,1.2649110640673518,1.1384199576606164,6,6
rte_90,2024-05-07,perfect_foresight_upper_bound,4516.828465174667,0.0,4516.828465174667,1.2649110640673518,1.1384199576606164,6,6
rte_90,2024-05-08,perfect_foresight_upper_bound,5414.160316242458,0.0,5414.160316242458,1.514911064067352,1.3634199576606165,7,6
rte_90,2024-05-09,perfect_foresight_upper_bound,12421.78751530457,0.0,12421.78751530457,2.4543851538226793,2.208946638440411,12,10
rte_90,2024-05-10,perfect_foresight_upper_bound,10084.544931093704,0.0,10084.544931093704,1.264911064067352,1.1384199576606164,6,6
rte_90,2024-05-11,perfect_foresight_upper_bound,11594.953030629968,0.0,11594.953030629968,1.9266073760449012,1.7339466384404107,9,8
rte_90,2024-05-12,perfect_foresight_upper_bound,8060.09285754525,0.0,8060.09285754525,1.6766073760449007,1.508946638440411,9,7
rte_90,2024-05-13,perfect_foresight_upper_bound,5779.666979745283,0.0,5779.666979745283,1.6766073760449012,1.508946638440411,8,7
rte_90,2024-05-14,perfect_foresight_upper_bound,13734.917170753086,0.0,13734.917170753086,1.6865480854231358,1.517893276880822,8,8
rte_90,2024-05-15,perfect_foresight_upper_bound,12327.983260735891,0.0,12327.983260735891,1.6865480854231358,1.517893276880822,8,8
rte_90,2024-05-16,perfect_foresight_upper_bound,11242.238108616611,0.0,11242.238108616611,1.2649110640673518,1.1384199576606164,6,6
rte_90,2024-05-17,perfect_foresight_upper_bound,12404.367113571692,0.0,12404.367113571692,1.343274042711568,1.208946638440411,6,7
rte_90,2024-05-18,perfect_foresight_upper_bound,9184.775446297625,0.0,9184.775446297625,0.9771925769113395,0.8794733192202056,5,4
rte_90,2024-05-19,perfect_foresight_upper_bound,8553.687813380982,0.0,8553.687813380982,0.8432740427115679,0.758946638440411,4,4
rte_90,2024-05-20,perfect_foresight_upper_bound,9476.404693365199,0.0,9476.404693365199,1.2649110640673518,1.1384199576606167,6,6
rte_90,2024-05-21,perfect_foresight_upper_bound,12562.977816705015,0.0,12562.977816705015,1.5555555555555556,1.4,7,7
rte_90,2024-05-22,perfect_foresight_upper_bound,10692.400226290623,0.0,10692.400226290623,1.6766073760449012,1.508946638440411,8,7
rte_90,2024-05-23,perfect_foresight_upper_bound,6820.187622776332,0.0,6820.187622776332,1.3988295982671235,1.258946638440411,7,6
rte_90,2024-05-24,perfect_foresight_upper_bound,10034.17711105931,0.0,10034.17711105931,1.4216370213557838,1.2794733192202055,6,7
rte_90,2024-05-25,perfect_foresight_upper_bound,8960.242929325692,0.0,8960.242929325692,1.093274042711568,0.983946638440411,5,5
rte_90,2024-05-26,perfect_foresight_upper_bound,10230.777402239355,0.0,10230.777402239355,1.2549703546891173,1.1294733192202056,6,5
rte_90,2024-05-27,perfect_foresight_upper_bound,5982.355676406216,0.0,5982.355676406216,1.343274042711568,1.2089466384404108,6,6
rte_90,2024-05-28,perfect_foresight_upper_bound,8636.3863055671,0.0,8636.3863055671,1.6210518204893456,1.458946638440411,8,6
rte_90,2024-05-29,perfect_foresight_upper_bound,12049.570945563535,0.0,12049.570945563535,1.5149110640673515,1.3634199576606165,7,7
rte_90,2024-05-30,perfect_foresight_upper_bound,4937.955260317251,0.0,4937.955260317251,1.7649110640673518,1.5884199576606166,8,8
rte_90,2024-05-31,perfect_foresight_upper_bound,559.9848577753929,0.0,559.9848577753929,1.5049703546891176,1.3544733192202054,7,6
rte_90,2024-06-01,perfect_foresight_upper_bound,9180.416456590383,0.0,9180.416456590383,1.093274042711568,0.983946638440411,5,5
rte_90,2024-06-02,perfect_foresight_upper_bound,9570.687935854952,0.0,9570.687935854952,2.098244397400685,1.8884199576606164,10,9
rte_90,2024-06-03,perfect_foresight_upper_bound,9850.359715628218,0.0,9850.359715628218,1.2649110640673515,1.1384199576606167,6,6
rte_90,2024-06-04,perfect_foresight_upper_bound,8849.038349105807,0.0,8849.038349105807,1.7549703546891173,1.5794733192202055,8,7
rte_90,2024-06-05,perfect_foresight_upper_bound,10324.464650700087,0.0,10324.464650700087,1.264911064067352,1.1384199576606164,6,6
rte_90,2024-06-06,perfect_foresight_upper_bound,4764.335971804712,0.0,4764.335971804712,1.5149110640673518,1.3634199576606165,7,7
rte_90,2024-06-07,perfect_foresight_upper_bound,3780.92874256731,0.0,3780.92874256731,1.7926888418451297,1.6134199576606165,9,8
rte_90,2024-06-08,perfect_foresight_upper_bound,9521.62329407235,0.0,9521.62329407235,1.504970354689117,1.3544733192202054,7,6
rte_90,2024-06-09,perfect_foresight_upper_bound,2095.636912669214,0.0,2095.636912669214,1.5149110640673515,1.3634199576606163,7,7
rte_90,2024-06-10,perfect_foresight_upper_bound,5849.820795514768,0.0,5849.820795514768,1.2649110640673515,1.1384199576606164,6,6
rte_90,2024-06-11,perfect_foresight_upper_bound,9988.477195412348,0.0,9988.477195412348,1.264911064067352,1.1384199576606164,6,6
rte_90,2024-06-12,perfect_foresight_upper_bound,7789.65914016183,0.0,7789.65914016183,1.5149110640673518,1.3634199576606165,7,7
rte_90,2024-06-13,perfect_foresight_upper_bound,7898.927723025993,0.0,7898.927723025993,1.6716370213557838,1.5044733192202053,7,8
rte_90,2024-06-14,perfect_foresight_upper_bound,9479.544053901143,0.0,9479.544053901143,1.6716370213557838,1.5044733192202053,7,8
rte_90,2024-06-15,perfect_foresight_upper_bound,7559.015727422799,0.0,7559.015727422799,1.2649110640673518,1.1384199576606167,6,6
rte_90,2024-06-16,perfect_foresight_upper_bound,13885.348394849318,0.0,13885.348394849318,1.264911064067352,1.1384199576606164,6,6
rte_90,2024-06-17,perfect_foresight_upper_bound,8347.61049062475,0.0,8347.61049062475,1.6716370213557838,1.5044733192202053,7,8
rte_90,2024-06-18,perfect_foresight_upper_bound,5893.391196435992,0.0,5893.391196435992,1.6766073760449012,1.508946638440411,8,7
rte_90,2024-06-19,perfect_foresight_upper_bound,11603.835856627597,0.0,11603.835856627597,1.764911064067352,1.5884199576606166,8,8
rte_90,2024-06-20,perfect_foresight_upper_bound,4813.303593123279,0.0,4813.303593123279,1.514911064067352,1.3634199576606165,7,7
rte_90,2024-06-21,perfect_foresight_upper_bound,2424.718233285247,0.0,2424.718233285247,0.9216370213557838,0.8294733192202054,4,5
rte_90,2024-06-22,perfect_foresight_upper_bound,5961.141801508975,0.0,5961.141801508975,1.9494147991335615,1.7544733192202053,9,9
rte_90,2024-06-23,perfect_foresight_upper_bound,3192.301491997355,0.0,3192.301491997355,1.2649110640673518,1.1384199576606167,6,6
rte_90,2024-06-24,perfect_foresight_upper_bound,4642.175411017474,0.0,4642.175411017474,0.8432740427115679,0.758946638440411,4,4
rte_90,2024-06-25,perfect_foresight_upper_bound,5520.420379425801,0.0,5520.420379425801,2.014911064067352,1.8134199576606165,9,8
rte_90,2024-06-26,perfect_foresight_upper_bound,2458.6281504727435,0.0,2458.6281504727435,1.3988295982671235,1.258946638440411,6,6
rte_90,2024-06-27,perfect_foresight_upper_bound,2799.350141534427,0.0,2799.350141534427,2.014911064067352,1.8134199576606165,9,9
rte_90,2024-06-28,perfect_foresight_upper_bound,1543.8610295961848,0.0,1543.8610295961848,1.6210518204893458,1.4589466384404108,7,6
rte_90,2024-06-29,perfect_foresight_upper_bound,9349.899825206536,0.0,9349.899825206536,1.1210518204893456,1.008946638440411,6,5
rte_90,2024-06-30,perfect_foresight_upper_bound,3576.379270180957,0.0,3576.379270180957,1.2649110640673518,1.1384199576606167,6,6
rte_90,2024-07-01,perfect_foresight_upper_bound,4309.683080677374,0.0,4309.683080677374,1.593274042711568,1.433946638440411,7,7
rte_90,2024-07-02,perfect_foresight_upper_bound,3984.4211272507005,0.0,3984.4211272507005,1.5149110640673515,1.3634199576606165,7,7
rte_90,2024-07-03,perfect_foresight_upper_bound,5724.026246033517,0.0,5724.026246033517,1.2649110640673518,1.1384199576606164,6,6
rte_90,2024-07-04,perfect_foresight_upper_bound,8442.86389719897,0.0,8442.86389719897,2.0426888418451297,1.8384199576606166,10,9
rte_90,2024-07-05,perfect_foresight_upper_bound,7986.761772551167,0.0,7986.761772551167,2.3760221751784627,2.1384199576606164,12,10
rte_90,2024-07-06,perfect_foresight_upper_bound,5307.8512024379415,0.0,5307.8512024379415,1.264911064067352,1.1384199576606164,6,6
rte_90,2024-07-07,perfect_foresight_upper_bound,11727.960761526854,0.0,11727.960761526854,1.2649110640673518,1.1384199576606164,6,6
rte_90,2024-07-08,perfect_foresight_upper_bound,9053.336246356575,0.0,9053.336246356575,1.4771925769113394,1.3294733192202055,8,7
rte_90,2024-07-09,perfect_foresight_upper_bound,11917.290244213702,0.0,11917.290244213702,1.6210518204893458,1.458946638440411,7,7
rte_90,2024-07-10,perfect_foresight_upper_bound,12904.289781892625,0.0,12904.289781892625,1.6210518204893456,1.4589466384404108,7,7
rte_90,2024-07-11,perfect_foresight_upper_bound,7655.722326850531,0.0,7655.722326850531,1.5932740427115677,1.433946638440411,7,7
rte_90,2024-07-12,perfect_foresight_upper_bound,2679.676213185654,0.0,2679.676213185654,0.8432740427115679,0.7589466384404111,4,4
rte_90,2024-07-13,perfect_foresight_upper_bound,4678.851311124513,0.0,4678.851311124513,1.264911064067352,1.1384199576606167,6,6
rte_90,2024-07-14,perfect_foresight_upper_bound,4006.3214889963774,0.0,4006.3214889963774,1.2649110640673518,1.1384199576606167,6,6
rte_90,2024-07-15,perfect_foresight_upper_bound,3544.989053133545,0.0,3544.989053133545,1.5149110640673518,1.3634199576606165,7,7
rte_90,2024-07-16,perfect_foresight_upper_bound,1993.2162615269845,0.0,1993.2162615269845,1.343274042711568,1.2089466384404108,6,6
rte_90,2024-07-17,perfect_foresight_upper_bound,3631.1894493503964,0.0,3631.1894493503964,1.1210518204893458,1.008946638440411,5,5
rte_90,2024-07-18,perfect_foresight_upper_bound,6620.673384915929,0.0,6620.673384915929,1.6716370213557838,1.5044733192202053,7,8
rte_90,2024-07-19,perfect_foresight_upper_bound,6755.267678903114,0.0,6755.267678903114,1.3988295982671235,1.258946638440411,7,6
rte_90,2024-07-20,perfect_foresight_upper_bound,5605.1154200204,0.0,5605.1154200204,1.264911064067352,1.1384199576606164,6,6
rte_90,2024-07-21,perfect_foresight_upper_bound,9232.008187130565,0.0,9232.008187130565,1.2649110640673518,1.1384199576606167,6,6
rte_90,2024-07-22,perfect_foresight_upper_bound,13504.992430910148,0.0,13504.992430910148,1.1994147991335617,1.0794733192202055,6,6
rte_90,2024-07-23,perfect_foresight_upper_bound,14555.745798957605,0.0,14555.745798957605,2.264911064067352,2.0384199576606163,10,10
rte_90,2024-07-24,perfect_foresight_upper_bound,9456.674676979977,0.0,9456.674676979977,2.0426888418451297,1.8384199576606166,10,9
rte_90,2024-07-25,perfect_foresight_upper_bound,6726.72040943555,0.0,6726.72040943555,1.093274042711568,0.983946638440411,5,5
rte_90,2024-07-26,perfect_foresight_upper_bound,7673.016763183793,0.0,7673.016763183793,2.3710518204893454,2.1339466384404107,10,10
rte_90,2024-07-27,perfect_foresight_upper_bound,6808.037202225952,0.0,6808.037202225952,1.1210518204893456,1.008946638440411,5,5
rte_90,2024-07-28,perfect_foresight_upper_bound,8373.562004117524,0.0,8373.562004117524,1.264911064067352,1.1384199576606164,6,6
rte_90,2024-07-29,perfect_foresight_upper_bound,13617.153462941282,0.0,13617.153462941282,1.593274042711568,1.433946638440411,7,7
rte_90,2024-07-30,perfect_foresight_upper_bound,13530.086917531105,0.0,13530.086917531105,2.014911064067352,1.813419957660616,9,9
rte_90,2024-07-31,perfect_foresight_upper_bound,12543.667252268015,0.0,12543.667252268015,1.4216370213557838,1.2794733192202055,6,6
rte_90,2024-08-01,perfect_foresight_upper_bound,13920.035266965322,0.0,13920.035266965322,1.3710518204893458,1.2339466384404112,6,5
rte_90,2024-08-02,perfect_foresight_upper_bound,6494.3811811053865,0.0,6494.3811811053865,1.1716370213557838,1.0544733192202056,5,6
rte_90,2024-08-03,perfect_foresight_upper_bound,4863.5637378215515,0.0,4863.5637378215515,1.2649110640673518,1.1384199576606167,6,6
rte_90,2024-08-04,perfect_foresight_upper_bound,6122.454859233162,0.0,6122.454859233162,1.2649110640673515,1.1384199576606164,6,6
rte_90,2024-08-05,perfect_foresight_upper_bound,5357.62141031956,0.0,5357.62141031956,0.8432740427115679,0.7589466384404111,4,4
rte_90,2024-08-06,perfect_foresight_upper_bound,8026.1753023309,0.0,8026.1753023309,2.1081851067789197,1.8973665961010275,10,10
rte_90,2024-08-07,perfect_foresight_upper_bound,5625.7373806665055,0.0,5625.7373806665055,1.6766073760449012,1.508946638440411,8,7
rte_90,2024-08-08,perfect_foresight_upper_bound,6992.999334093185,0.0,6992.999334093185,1.6766073760449012,1.508946638440411,8,7
rte_90,2024-08-09,perfect_foresight_upper_bound,5918.665746889085,0.0,5918.665746889085,1.3988295982671235,1.258946638440411,7,6
rte_90,2024-08-10,perfect_foresight_upper_bound,5622.5176991810595,0.0,5622.5176991810595,1.2649110640673518,1.1384199576606167,6,6
rte_90,2024-08-11,perfect_foresight_upper_bound,6337.755875122046,0.0,6337.755875122046,1.2649110640673518,1.1384199576606164,6,6
rte_90,2024-08-12,perfect_foresight_upper_bound,5238.186167682429,0.0,5238.186167682429,1.2649110640673518,1.1384199576606167,6,6
rte_90,2024-08-13,perfect_foresight_upper_bound,5856.135362676141,0.0,5856.135362676141,1.2649110640673518,1.1384199576606167,6,6
rte_90,2024-08-14,perfect_foresight_upper_bound,4562.707150560585,0.0,4562.707150560585,1.2649110640673518,1.1384199576606164,6,6
rte_90,2024-08-15,perfect_foresight_upper_bound,4546.255052272768,0.0,4546.255052272768,1.264911064067352,1.1384199576606164,6,6
rte_90,2024-08-16,perfect_foresight_upper_bound,4313.1880623871775,0.0,4313.1880623871775,1.1210518204893456,1.008946638440411,5,5
rte_90,2024-08-17,perfect_foresight_upper_bound,6949.483294398078,0.0,6949.483294398078,1.2649110640673518,1.1384199576606164,6,6
rte_90,2024-08-18,perfect_foresight_upper_bound,7453.258322988775,0.0,7453.258322988775,1.2649110640673518,1.1384199576606164,6,6
rte_90,2024-08-19,perfect_foresight_upper_bound,5991.222911645567,0.0,5991.222911645567,1.093274042711568,0.983946638440411,5,5
rte_90,2024-08-20,perfect_foresight_upper_bound,6373.165184804275,0.0,6373.165184804275,1.3432740427115677,1.2089466384404108,6,6
rte_90,2024-08-21,perfect_foresight_upper_bound,5542.1658239426015,0.0,5542.1658239426015,0.8432740427115678,0.7589466384404111,4,4
rte_90,2024-08-22,perfect_foresight_upper_bound,5854.122130972811,0.0,5854.122130972811,1.593274042711568,1.433946638440411,7,7
rte_90,2024-08-23,perfect_foresight_upper_bound,5593.764904573517,0.0,5593.764904573517,1.593274042711568,1.433946638440411,7,7
rte_90,2024-08-24,perfect_foresight_upper_bound,5487.634750709457,0.0,5487.634750709457,1.5149110640673518,1.3634199576606165,7,7
rte_90,2024-08-25,perfect_foresight_upper_bound,3278.7824808774576,0.0,3278.7824808774576,1.264911064067352,1.1384199576606167,6,6
rte_90,2024-08-26,perfect_foresight_upper_bound,5749.607111222175,0.0,5749.607111222175,1.1716370213557838,1.0544733192202052,5,6
rte_90,2024-08-27,perfect_foresight_upper_bound,6571.87713539284,0.0,6571.87713539284,1.343274042711568,1.2089466384404108,6,6
rte_90,2024-08-28,perfect_foresight_upper_bound,5856.005317498647,0.0,5856.005317498647,1.0932740427115677,0.983946638440411,5,5
rte_90,2024-08-29,perfect_foresight_upper_bound,5207.5021218070215,0.0,5207.5021218070215,0.8432740427115679,0.7589466384404111,4,4
rte_90,2024-08-30,perfect_foresight_upper_bound,21364.456661471024,0.0,21364.456661471024,1.843274042711568,1.658946638440411,8,7
rte_90,2024-08-31,perfect_foresight_upper_bound,2831.7453901735125,0.0,2831.7453901735125,0.8432740427115679,0.758946638440411,4,4
rte_90,2024-09-01,perfect_foresight_upper_bound,6665.762851300336,0.0,6665.762851300336,1.264911064067352,1.1384199576606167,6,6
rte_90,2024-09-02,perfect_foresight_upper_bound,6341.943354743315,0.0,6341.943354743315,1.2649110640673518,1.1384199576606167,6,6
rte_90,2024-09-03,perfect_foresight_upper_bound,5170.719185502188,0.0,5170.719185502188,1.2649110640673518,1.1384199576606164,6,6
rte_90,2024-09-04,perfect_foresight_upper_bound,5568.357777532145,0.0,5568.357777532145,1.2649110640673518,1.1384199576606164,6,6
rte_90,2024-09-05,perfect_foresight_upper_bound,6571.648329153595,0.0,6571.648329153595,1.2649110640673518,1.1384199576606167,6,6
rte_90,2024-09-06,perfect_foresight_upper_bound,6109.693381914958,0.0,6109.693381914958,1.2649110640673518,1.1384199576606164,6,6
rte_90,2024-09-07,perfect_foresight_upper_bound,5071.388986623499,0.0,5071.388986623499,1.2649110640673518,1.1384199576606167,6,6
rte_90,2024-09-08,perfect_foresight_upper_bound,5994.203315730635,0.0,5994.203315730635,1.2649110640673518,1.1384199576606164,6,6
rte_90,2024-09-09,perfect_foresight_upper_bound,13819.8868181732,0.0,13819.8868181732,0.8432740427115679,0.758946638440411,4,4
rte_90,2024-09-10,perfect_foresight_upper_bound,11836.302573581961,0.0,11836.302573581961,0.8432740427115679,0.758946638440411,4,4
rte_90,2024-09-11,perfect_foresight_upper_bound,14818.72812045765,0.0,14818.72812045765,1.343274042711568,1.208946638440411,6,6
rte_90,2024-09-12,perfect_foresight_upper_bound,9142.267270925324,0.0,9142.267270925324,1.3432740427115677,1.208946638440411,6,6
rte_90,2024-09-13,perfect_foresight_upper_bound,9620.168240176272,0.0,9620.168240176272,1.1210518204893458,1.008946638440411,6,5
rte_90,2024-09-14,perfect_foresight_upper_bound,6426.939227515843,0.0,6426.939227515843,1.2649110640673518,1.1384199576606167,6,6
rte_90,2024-09-15,perfect_foresight_upper_bound,3567.1007989215695,0.0,3567.1007989215695,1.3710518204893458,1.2339466384404112,6,6
rte_90,2024-09-16,perfect_foresight_upper_bound,5924.998926115397,0.0,5924.998926115397,1.2649110640673518,1.1384199576606164,6,6
rte_90,2024-09-17,perfect_foresight_upper_bound,16161.015578583498,0.0,16161.015578583498,1.1716370213557838,1.0544733192202056,5,6
rte_90,2024-09-18,perfect_foresight_upper_bound,16318.937800399886,0.0,16318.937800399886,1.4216370213557838,1.2794733192202052,6,7
rte_90,2024-09-19,perfect_foresight_upper_bound,19141.61535512831,0.0,19141.61535512831,1.3710518204893458,1.233946638440411,6,6
rte_90,2024-09-20,perfect_foresight_upper_bound,16466.68222943363,0.0,16466.68222943363,1.6210518204893458,1.4589466384404108,7,7
rte_90,2024-09-21,perfect_foresight_upper_bound,5494.841561019784,0.0,5494.841561019784,0.8432740427115679,0.7589466384404111,4,4
rte_90,2024-09-22,perfect_foresight_upper_bound,3834.5863457171617,0.0,3834.5863457171617,1.2649110640673518,1.1384199576606164,6,6
rte_90,2024-09-23,perfect_foresight_upper_bound,3691.8633460661176,0.0,3691.8633460661176,1.514911064067352,1.3634199576606165,7,7
rte_90,2024-09-24,perfect_foresight_upper_bound,7464.031096346522,0.0,7464.031096346522,1.9643258632009135,1.7678932768808222,9,9
rte_90,2024-09-25,perfect_foresight_upper_bound,4447.331980435456,0.0,4447.331980435456,1.514911064067352,1.3634199576606165,7,7
rte_90,2024-09-26,perfect_foresight_upper_bound,6670.613690777794,0.0,6670.613690777794,1.6488295982671235,1.4839466384404112,8,7
rte_90,2024-09-27,perfect_foresight_upper_bound,4855.364515656197,0.0,4855.364515656197,1.093274042711568,0.983946638440411,5,5
rte_90,2024-09-28,perfect_foresight_upper_bound,2761.01128711671,0.0,2761.01128711671,1.2649110640673518,1.1384199576606167,6,6
rte_90,2024-09-29,perfect_foresight_upper_bound,2039.6891727694042,0.0,2039.6891727694042,1.2549703546891173,1.1294733192202056,6,5
rte_90,2024-09-30,perfect_foresight_upper_bound,4768.818184618184,0.0,4768.818184618184,1.514911064067352,1.3634199576606165,7,7
rte_90,2024-10-01,perfect_foresight_upper_bound,6995.631473502909,0.0,6995.631473502909,1.5149110640673518,1.3634199576606165,7,7
rte_90,2024-10-02,perfect_foresight_upper_bound,7357.81418675838,0.0,7357.81418675838,1.6766073760449012,1.508946638440411,8,7
rte_90,2024-10-03,perfect_foresight_upper_bound,7124.50015004876,0.0,7124.50015004876,1.4216370213557838,1.2794733192202052,6,7
rte_90,2024-10-04,perfect_foresight_upper_bound,6981.2438401804375,0.0,6981.2438401804375,1.3432740427115681,1.2089466384404108,6,6
rte_90,2024-10-05,perfect_foresight_upper_bound,4031.8706689852092,0.0,4031.8706689852092,1.264911064067352,1.1384199576606164,6,6
rte_90,2024-10-06,perfect_foresight_upper_bound,7447.576010817392,0.0,7447.576010817392,1.264911064067352,1.1384199576606164,6,6
rte_90,2024-10-07,perfect_foresight_upper_bound,6910.370689666308,0.0,6910.370689666308,1.343274042711568,1.208946638440411,6,6
rte_90,2024-10-08,perfect_foresight_upper_bound,5436.604497893305,0.0,5436.604497893305,1.6488295982671235,1.483946638440411,8,7
rte_90,2024-10-09,perfect_foresight_upper_bound,8364.792034290142,0.0,8364.792034290142,1.6865480854231358,1.517893276880822,8,8
rte_90,2024-10-10,perfect_foresight_upper_bound,10603.27048040435,0.0,10603.27048040435,1.6766073760449014,1.508946638440411,8,7
rte_90,2024-10-11,perfect_foresight_upper_bound,13721.445823291142,0.0,13721.445823291142,1.6766073760449012,1.508946638440411,8,7
rte_90,2024-10-12,perfect_foresight_upper_bound,9829.064581351926,0.0,9829.064581351926,1.6766073760449012,1.508946638440411,8,7
rte_90,2024-10-13,perfect_foresight_upper_bound,10259.747294607401,0.0,10259.747294607401,1.6865480854231358,1.5178932768808222,8,8
rte_90,2024-10-14,perfect_foresight_upper_bound,8020.232974828915,0.0,8020.232974828915,1.764911064067352,1.5884199576606166,8,9
rte_90,2024-10-15,perfect_foresight_upper_bound,8615.082531568309,0.0,8615.082531568309,1.6865480854231358,1.5178932768808222,8,8
rte_90,2024-10-16,perfect_foresight_upper_bound,5444.573161866571,0.0,5444.573161866571,0.8432740427115679,0.7589466384404111,4,4
rte_90,2024-10-17,perfect_foresight_upper_bound,13638.667546694665,0.0,13638.667546694665,1.3988295982671235,1.258946638440411,7,6
rte_90,2024-10-18,perfect_foresight_upper_bound,10980.015258208025,0.0,10980.015258208025,1.6766073760449014,1.508946638440411,8,7
rte_90,2024-10-19,perfect_foresight_upper_bound,4703.573324896425,0.0,4703.573324896425,1.2649110640673515,1.1384199576606164,6,6
rte_90,2024-10-20,perfect_foresight_upper_bound,10819.694572186136,0.0,10819.694572186136,1.3988295982671235,1.258946638440411,7,6
rte_90,2024-10-21,perfect_foresight_upper_bound,8179.519106825373,0.0,8179.519106825373,1.6865480854231358,1.5178932768808222,8,8
rte_90,2024-10-22,perfect_foresight_upper_bound,6433.754828005933,0.0,6433.754828005933,1.6766073760449014,1.508946638440411,8,7
rte_90,2024-10-23,perfect_foresight_upper_bound,6440.038688952911,0.0,6440.038688952911,1.1210518204893458,1.008946638440411,6,5
rte_90,2024-10-24,perfect_foresight_upper_bound,8503.475332340658,0.0,8503.475332340658,1.6865480854231358,1.5178932768808222,8,8
rte_90,2024-10-25,perfect_foresight_upper_bound,6458.184943749064,0.0,6458.184943749064,1.4216370213557838,1.2794733192202052,6,7
rte_90,2024-10-26,perfect_foresight_upper_bound,4012.1707533382482,0.0,4012.1707533382482,1.2649110640673518,1.1384199576606164,6,6
rte_90,2024-10-27,perfect_foresight_upper_bound,3865.2713231284115,0.0,3865.2713231284115,1.2649110640673518,1.1384199576606164,6,6
rte_90,2024-10-28,perfect_foresight_upper_bound,8675.025552551906,0.0,8675.025552551906,1.6865480854231358,1.517893276880822,8,8
rte_90,2024-10-29,perfect_foresight_upper_bound,6770.515666185813,0.0,6770.515666185813,1.9643258632009135,1.7678932768808222,9,9
rte_90,2024-10-30,perfect_foresight_upper_bound,7560.332028288193,0.0,7560.332028288193,1.6865480854231358,1.5178932768808222,8,8
rte_90,2024-10-31,perfect_foresight_upper_bound,5633.444272491762,0.0,5633.444272491762,1.6766073760449014,1.508946638440411,8,7
rte_90,2024-11-01,perfect_foresight_upper_bound,3543.6624376463233,0.0,3543.6624376463233,1.3988295982671237,1.258946638440411,7,6
rte_90,2024-11-02,perfect_foresight_upper_bound,1050.6122579909622,0.0,1050.6122579909622,1.4216370213557838,1.2794733192202055,6,7
rte_90,2024-11-03,perfect_foresight_upper_bound,10040.496043502388,0.0,10040.496043502388,1.9643258632009135,1.767893276880822,9,9
rte_90,2024-11-04,perfect_foresight_upper_bound,10380.406869515507,0.0,10380.406869515507,1.5149110640673518,1.3634199576606165,7,7
rte_90,2024-11-05,perfect_foresight_upper_bound,6742.530257680721,0.0,6742.530257680721,1.3988295982671235,1.258946638440411,7,6
rte_90,2024-11-06,perfect_foresight_upper_bound,8535.981723723906,0.0,8535.981723723906,1.6865480854231358,1.5178932768808222,8,8
rte_90,2024-11-07,perfect_foresight_upper_bound,10239.32890072725,0.0,10239.32890072725,1.6766073760449014,1.508946638440411,8,7
rte_90,2024-11-08,perfect_foresight_upper_bound,8938.722163820676,0.0,8938.722163820676,1.6865480854231358,1.517893276880822,8,8
rte_90,2024-11-09,perfect_foresight_upper_bound,6600.309930163243,0.0,6600.309930163243,1.6865480854231358,1.5178932768808222,8,8
rte_90,2024-11-10,perfect_foresight_upper_bound,5744.642393197715,0.0,5744.642393197715,1.6766073760449014,1.508946638440411,8,7
rte_90,2024-11-11,perfect_foresight_upper_bound,9936.780529800297,0.0,9936.780529800297,1.9643258632009135,1.7678932768808222,9,9
rte_90,2024-11-12,perfect_foresight_upper_bound,10485.801458335163,0.0,10485.801458335163,1.6865480854231358,1.517893276880822,8,8
rte_90,2024-11-13,perfect_foresight_upper_bound,10924.98986949228,0.0,10924.98986949228,1.6865480854231358,1.5178932768808222,8,8
rte_90,2024-11-14,perfect_foresight_upper_bound,8022.764129576981,0.0,8022.764129576981,1.6865480854231358,1.5178932768808222,8,8
rte_90,2024-11-15,perfect_foresight_upper_bound,4409.0079555668735,0.0,4409.0079555668735,1.5932740427115681,1.433946638440411,7,7
rte_90,2024-11-16,perfect_foresight_upper_bound,2657.3890953100654,0.0,2657.3890953100654,1.264911064067352,1.1384199576606164,6,6
rte_90,2024-11-17,perfect_foresight_upper_bound,4505.609484064526,0.0,4505.609484064526,1.5149110640673515,1.3634199576606165,7,7
rte_90,2024-11-18,perfect_foresight_upper_bound,7651.904346624393,0.0,7651.904346624393,1.6865480854231358,1.517893276880822,8,8
rte_90,2024-11-19,perfect_foresight_upper_bound,9258.81802158833,0.0,9258.81802158833,1.6865480854231358,1.5178932768808222,8,8
rte_90,2024-11-20,perfect_foresight_upper_bound,9194.38330940295,0.0,9194.38330940295,1.6865480854231358,1.5178932768808222,8,8
rte_90,2024-11-21,perfect_foresight_upper_bound,11561.96185609255,0.0,11561.96185609255,1.6865480854231358,1.5178932768808222,8,8
rte_90,2024-11-22,perfect_foresight_upper_bound,6712.863183036264,0.0,6712.863183036264,1.686548085423136,1.5178932768808222,8,8
rte_90,2024-11-23,perfect_foresight_upper_bound,5058.312024395471,0.0,5058.312024395471,1.6766073760449012,1.508946638440411,8,7
rte_90,2024-11-24,perfect_foresight_upper_bound,5846.503746824478,0.0,5846.503746824478,1.2649110640673518,1.1384199576606164,6,6
rte_90,2024-11-25,perfect_foresight_upper_bound,13330.523363420507,0.0,13330.523363420507,1.843274042711568,1.658946638440411,8,9
rte_90,2024-11-26,perfect_foresight_upper_bound,9650.813438933486,0.0,9650.813438933486,1.6865480854231358,1.517893276880822,8,8
rte_90,2024-11-27,perfect_foresight_upper_bound,8630.700011352437,0.0,8630.700011352437,1.7649110640673518,1.5884199576606164,8,9
rte_90,2024-11-28,perfect_foresight_upper_bound,8653.592757781507,0.0,8653.592757781507,1.6865480854231358,1.5178932768808222,8,8
rte_90,2024-11-29,perfect_foresight_upper_bound,5498.38305066762,0.0,5498.38305066762,1.764911064067352,1.5884199576606166,8,9
rte_90,2024-11-30,perfect_foresight_upper_bound,4094.684467640592,0.0,4094.684467640592,1.6766073760449012,1.508946638440411,8,7
rte_90,2024-12-01,perfect_foresight_upper_bound,10864.524455957078,0.0,10864.524455957078,1.5426888418451297,1.3884199576606167,7,7
rte_90,2024-12-02,perfect_foresight_upper_bound,11157.829947843366,0.0,11157.829947843366,1.9365480854231358,1.7428932768808219,9,9
rte_90,2024-12-03,perfect_foresight_upper_bound,7811.75790122359,0.0,7811.75790122359,1.6865480854231354,1.517893276880822,8,8
rte_90,2024-12-04,perfect_foresight_upper_bound,8557.351148094658,0.0,8557.351148094658,1.6865480854231358,1.5178932768808222,8,8
rte_90,2024-12-05,perfect_foresight_upper_bound,7833.640421439457,0.0,7833.640421439457,1.6865480854231356,1.517893276880822,8,8
rte_90,2024-12-06,perfect_foresight_upper_bound,8209.17908281757,0.0,8209.17908281757,1.6865480854231358,1.517893276880822,8,8
rte_90,2024-12-07,perfect_foresight_upper_bound,4986.477521472058,0.0,4986.477521472058,1.2649110640673518,1.1384199576606164,6,6
rte_90,2024-12-08,perfect_foresight_upper_bound,7941.110728678988,0.0,7941.110728678988,1.2649110640673518,1.1384199576606164,6,6
rte_90,2024-12-09,perfect_foresight_upper_bound,7814.291064227545,0.0,7814.291064227545,1.9643258632009133,1.767893276880822,9,9
rte_90,2024-12-10,perfect_foresight_upper_bound,7677.531943935156,0.0,7677.531943935156,1.6865480854231356,1.517893276880822,8,8
rte_90,2024-12-11,perfect_foresight_upper_bound,9915.167469641154,0.0,9915.167469641154,1.6865480854231356,1.5178932768808222,8,8
rte_90,2024-12-12,perfect_foresight_upper_bound,9681.028585213679,0.0,9681.028585213679,1.6865480854231358,1.5178932768808222,8,8
rte_90,2024-12-13,perfect_foresight_upper_bound,9520.75042216834,0.0,9520.75042216834,1.9643258632009135,1.767893276880822,9,9
rte_90,2024-12-14,perfect_foresight_upper_bound,8812.108042758024,0.0,8812.108042758024,1.6766073760449012,1.508946638440411,8,7
rte_90,2024-12-15,perfect_foresight_upper_bound,6172.658902107594,0.0,6172.658902107594,1.514911064067352,1.3634199576606165,7,7
rte_90,2024-12-16,perfect_foresight_upper_bound,8567.94359279755,0.0,8567.94359279755,1.6865480854231358,1.517893276880822,8,8
rte_90,2024-12-17,perfect_foresight_upper_bound,7426.86627004132,0.0,7426.86627004132,1.6865480854231358,1.5178932768808222,8,8
rte_90,2024-12-18,perfect_foresight_upper_bound,7708.660656492714,0.0,7708.660656492714,1.6865480854231358,1.5178932768808222,8,8
rte_90,2024-12-19,perfect_foresight_upper_bound,14090.558611733859,0.0,14090.558611733859,1.6865480854231358,1.517893276880822,8,8
rte_90,2024-12-20,perfect_foresight_upper_bound,8911.598401339863,0.0,8911.598401339863,1.6865480854231358,1.5178932768808222,8,8
rte_90,2024-12-21,perfect_foresight_upper_bound,2928.739345531067,0.0,2928.739345531067,1.2649110640673518,1.1384199576606167,6,6
rte_90,2024-12-22,perfect_foresight_upper_bound,6560.1150189363125,0.0,6560.1150189363125,1.2649110640673518,1.1384199576606164,6,6
rte_90,2024-12-23,perfect_foresight_upper_bound,9850.10596231319,0.0,9850.10596231319,1.6865480854231358,1.5178932768808222,8,8
rte_90,2024-12-24,perfect_foresight_upper_bound,9421.46633006082,0.0,9421.46633006082,1.6865480854231358,1.517893276880822,8,8
rte_90,2024-12-25,perfect_foresight_upper_bound,9339.587535988336,0.0,9339.587535988336,1.6865480854231358,1.5178932768808222,8,8
rte_90,2024-12-26,perfect_foresight_upper_bound,7488.5858359465,0.0,7488.5858359465,1.6865480854231358,1.5178932768808222,8,8
rte_90,2024-12-27,perfect_foresight_upper_bound,5372.336919157085,0.0,5372.336919157085,1.9643258632009137,1.7678932768808222,9,9
rte_90,2024-12-28,perfect_foresight_upper_bound,9322.195374354313,0.0,9322.195374354313,1.6865480854231358,1.517893276880822,8,8
rte_90,2024-12-29,perfect_foresight_upper_bound,6693.827993930766,0.0,6693.827993930766,2.2143258632009135,1.9928932768808219,10,10
rte_90,2024-12-30,perfect_foresight_upper_bound,8562.961996412176,0.0,8562.961996412176,1.9543851538226789,1.758946638440411,9,8
rte_90,2024-12-31,perfect_foresight_upper_bound,9118.467077885718,0.0,9118.467077885718,1.5,1.3499999999999996,6,7
rte_90,2025-01-01,perfect_foresight_upper_bound,10548.65495210053,0.0,10548.65495210053,1.593274042711568,1.433946638440411,7,7
rte_90,2025-01-02,perfect_foresight_upper_bound,11572.217649296515,0.0,11572.217649296515,1.9643258632009137,1.7678932768808222,9,9
rte_90,2025-01-03,perfect_foresight_upper_bound,7507.648036756072,0.0,7507.648036756072,1.6865480854231356,1.5178932768808222,8,8
rte_90,2025-01-04,perfect_foresight_upper_bound,6959.641341620188,0.0,6959.641341620188,2.7143258632009135,2.442893276880822,12,12
rte_90,2025-01-05,perfect_foresight_upper_bound,5524.980971034445,0.0,5524.980971034445,1.9643258632009135,1.7678932768808222,9,9
rte_90,2025-01-06,perfect_foresight_upper_bound,7214.220595175638,0.0,7214.220595175638,2.098244397400685,1.8884199576606167,11,9
rte_90,2025-01-07,perfect_foresight_upper_bound,7242.649899827764,0.0,7242.649899827764,1.6865480854231356,1.517893276880822,8,8
rte_90,2025-01-08,perfect_foresight_upper_bound,7764.592866468073,0.0,7764.592866468073,1.6865480854231358,1.5178932768808222,8,8
rte_90,2025-01-09,perfect_foresight_upper_bound,10367.425003442842,0.0,10367.425003442842,1.7649110640673515,1.5884199576606166,8,9
rte_90,2025-01-10,perfect_foresight_upper_bound,9086.686535104333,0.0,9086.686535104333,1.6865480854231358,1.5178932768808222,8,8
rte_90,2025-01-11,perfect_foresight_upper_bound,5328.763114093928,0.0,5328.763114093928,1.3988295982671235,1.258946638440411,7,6
rte_90,2025-01-12,perfect_foresight_upper_bound,3567.591828274792,0.0,3567.591828274792,1.3988295982671235,1.258946638440411,7,6
rte_90,2025-01-13,perfect_foresight_upper_bound,7001.491895593821,0.0,7001.491895593821,1.6865480854231358,1.5178932768808222,8,8
rte_90,2025-01-14,perfect_foresight_upper_bound,7298.00643274544,0.0,7298.00643274544,1.6865480854231358,1.5178932768808222,8,8
rte_90,2025-01-15,perfect_foresight_upper_bound,6402.8136563066255,0.0,6402.8136563066255,1.6865480854231358,1.5178932768808222,8,8
rte_90,2025-01-16,perfect_foresight_upper_bound,9714.764605685452,0.0,9714.764605685452,1.6865480854231358,1.517893276880822,8,8
rte_90,2025-01-17,perfect_foresight_upper_bound,8305.404931419434,0.0,8305.404931419434,1.9365480854231356,1.742893276880822,9,8
rte_90,2025-01-18,perfect_foresight_upper_bound,7425.02780089116,0.0,7425.02780089116,1.3988295982671235,1.258946638440411,7,6
rte_90,2025-01-19,perfect_foresight_upper_bound,4455.33788921969,0.0,4455.33788921969,1.2649110640673518,1.1384199576606167,6,6
rte_90,2025-01-20,perfect_foresight_upper_bound,7995.307264923376,0.0,7995.307264923376,1.6865480854231354,1.5178932768808222,8,8
rte_90,2025-01-21,perfect_foresight_upper_bound,7276.333614778892,0.0,7276.333614778892,1.9643258632009135,1.767893276880822,9,9
rte_90,2025-01-22,perfect_foresight_upper_bound,10070.541313636895,0.0,10070.541313636895,1.6865480854231354,1.5178932768808222,8,8
rte_90,2025-01-23,perfect_foresight_upper_bound,11133.789645631268,0.0,11133.789645631268,1.9643258632009133,1.767893276880822,9,9
rte_90,2025-01-24,perfect_foresight_upper_bound,6764.435501372463,0.0,6764.435501372463,1.9643258632009135,1.767893276880822,9,9
rte_90,2025-01-25,perfect_foresight_upper_bound,11220.578506536862,0.0,11220.578506536862,2.264911064067352,2.0384199576606163,10,10
rte_90,2025-01-26,perfect_foresight_upper_bound,11098.652769459677,0.0,11098.652769459677,1.8432740427115681,1.6589466384404108,8,8
rte_90,2025-01-27,perfect_foresight_upper_bound,8832.189608321985,0.0,8832.189608321985,1.9643258632009135,1.7678932768808222,9,9
rte_90,2025-01-28,perfect_foresight_upper_bound,6144.4418927557135,0.0,6144.4418927557135,1.6865480854231356,1.517893276880822,8,8
rte_90,2025-01-29,perfect_foresight_upper_bound,6559.778190620132,0.0,6559.778190620132,1.6865480854231358,1.517893276880822,8,8
rte_90,2025-01-30,perfect_foresight_upper_bound,9739.92649909263,0.0,9739.92649909263,1.6865480854231358,1.5178932768808222,8,8
rte_90,2025-01-31,perfect_foresight_upper_bound,7446.210183222355,0.0,7446.210183222355,1.6865480854231356,1.517893276880822,8,8
rte_90,2025-02-01,perfect_foresight_upper_bound,4044.9134575907956,0.0,4044.9134575907956,1.6865480854231358,1.5178932768808222,8,8
rte_90,2025-02-02,perfect_foresight_upper_bound,2745.924069071556,0.0,2745.924069071556,1.3988295982671237,1.258946638440411,7,6
rte_90,2025-02-03,perfect_foresight_upper_bound,5892.1735479457875,0.0,5892.1735479457875,1.6865480854231356,1.5178932768808222,8,8
rte_90,2025-02-04,perfect_foresight_upper_bound,7977.976610617307,0.0,7977.976610617307,1.6865480854231358,1.517893276880822,8,8
rte_90,2025-02-05,perfect_foresight_upper_bound,10034.912383706194,0.0,10034.912383706194,1.6865480854231358,1.5178932768808222,8,8
rte_90,2025-02-06,perfect_foresight_upper_bound,11617.376170194808,0.0,11617.376170194808,1.6865480854231358,1.517893276880822,8,8
rte_90,2025-02-07,perfect_foresight_upper_bound,7269.475441027225,0.0,7269.475441027225,1.6865480854231358,1.5178932768808222,8,8
rte_90,2025-02-08,perfect_foresight_upper_bound,7554.450677662409,0.0,7554.450677662409,2.098244397400685,1.8884199576606167,10,9
rte_90,2025-02-09,perfect_foresight_upper_bound,5511.497371257757,0.0,5511.497371257757,1.3988295982671235,1.258946638440411,7,6
rte_90,2025-02-10,perfect_foresight_upper_bound,10236.575501046733,0.0,10236.575501046733,1.6865480854231358,1.5178932768808222,8,8
rte_90,2025-02-11,perfect_foresight_upper_bound,8521.561657376724,0.0,8521.561657376724,1.6766073760449012,1.508946638440411,8,7
rte_90,2025-02-12,perfect_foresight_upper_bound,7570.597231749783,0.0,7570.597231749783,1.6865480854231358,1.5178932768808222,8,8
rte_90,2025-02-13,perfect_foresight_upper_bound,8205.578057600032,0.0,8205.578057600032,1.6865480854231358,1.5178932768808222,8,8
rte_90,2025-02-14,perfect_foresight_upper_bound,11152.38336374624,0.0,11152.38336374624,1.75,1.5749999999999997,7,9
rte_90,2025-02-15,perfect_foresight_upper_bound,8315.675547278839,0.0,8315.675547278839,1.6488295982671235,1.483946638440411,8,7
rte_90,2025-02-16,perfect_foresight_upper_bound,8380.451792909205,0.0,8380.451792909205,1.5149110640673518,1.3634199576606165,7,7
rte_90,2025-02-17,perfect_foresight_upper_bound,9405.28942339356,0.0,9405.28942339356,1.6865480854231356,1.5178932768808222,8,8
rte_90,2025-02-18,perfect_foresight_upper_bound,9525.97666496059,0.0,9525.97666496059,1.6865480854231358,1.5178932768808222,8,8
rte_90,2025-02-19,perfect_foresight_upper_bound,12256.181421997733,0.0,12256.181421997733,1.6865480854231358,1.5178932768808222,8,8
rte_90,2025-02-20,perfect_foresight_upper_bound,10939.458660400924,0.0,10939.458660400924,1.6865480854231358,1.5178932768808222,8,8
rte_90,2025-02-21,perfect_foresight_upper_bound,9976.041898431931,0.0,9976.041898431931,1.6865480854231358,1.517893276880822,8,8
rte_90,2025-02-22,perfect_foresight_upper_bound,9640.63131047305,0.0,9640.63131047305,1.6865480854231358,1.5178932768808222,8,8
rte_90,2025-02-23,perfect_foresight_upper_bound,8174.321400990907,0.0,8174.321400990907,1.264911064067352,1.1384199576606167,6,6
rte_90,2025-02-24,perfect_foresight_upper_bound,10237.854656864898,0.0,10237.854656864898,1.6766073760449012,1.508946638440411,8,7
rte_90,2025-02-25,perfect_foresight_upper_bound,13469.131201786484,0.0,13469.131201786484,1.8432740427115677,1.658946638440411,8,9
rte_90,2025-02-26,perfect_foresight_upper_bound,10508.328261588927,0.0,10508.328261588927,1.9643258632009135,1.7678932768808222,9,9
rte_90,2025-02-27,perfect_foresight_upper_bound,11291.426920857815,0.0,11291.426920857815,1.514911064067352,1.3634199576606165,7,7
rte_90,2025-02-28,perfect_foresight_upper_bound,5273.084720699704,0.0,5273.084720699704,1.6865480854231358,1.517893276880822,8,8
rte_90,2025-03-01,perfect_foresight_upper_bound,10901.197514006995,0.0,10901.197514006995,1.3988295982671235,1.258946638440411,7,6
rte_90,2025-03-02,perfect_foresight_upper_bound,8997.388021425464,0.0,8997.388021425464,1.2649110640673518,1.1384199576606164,6,6
rte_90,2025-03-03,perfect_foresight_upper_bound,7163.559100823423,0.0,7163.559100823423,1.0932740427115677,0.9839466384404111,5,5
rte_90,2025-03-04,perfect_foresight_upper_bound,21081.572292374018,0.0,21081.572292374018,1.6865480854231358,1.5178932768808222,8,8
rte_90,2025-03-05,perfect_foresight_upper_bound,10540.774831898652,0.0,10540.774831898652,1.9643258632009135,1.7678932768808222,10,9
rte_90,2025-03-06,perfect_foresight_upper_bound,8570.98544986729,0.0,8570.98544986729,1.6865480854231358,1.517893276880822,8,8
rte_90,2025-03-07,perfect_foresight_upper_bound,13450.103297073323,0.0,13450.103297073323,1.6865480854231358,1.517893276880822,8,8
rte_90,2025-03-08,perfect_foresight_upper_bound,6799.011600195327,0.0,6799.011600195327,1.6766073760449012,1.508946638440411,8,7
rte_90,2025-03-09,perfect_foresight_upper_bound,12565.023812357338,0.0,12565.023812357338,1.5149110640673515,1.3634199576606165,7,7
rte_90,2025-03-10,perfect_foresight_upper_bound,10642.467771367326,0.0,10642.467771367326,1.6865480854231358,1.5178932768808222,8,8
rte_90,2025-03-11,perfect_foresight_upper_bound,7268.776218861875,0.0,7268.776218861875,1.6865480854231358,1.5178932768808222,8,8
rte_90,2025-03-12,perfect_foresight_upper_bound,6633.696339552343,0.0,6633.696339552343,1.6865480854231358,1.5178932768808222,8,8
rte_90,2025-03-13,perfect_foresight_upper_bound,6096.192613408963,0.0,6096.192613408963,1.6865480854231358,1.5178932768808222,8,8
rte_90,2025-03-14,perfect_foresight_upper_bound,12336.822060810327,0.0,12336.822060810327,1.6865480854231358,1.517893276880822,8,8
rte_90,2025-03-15,perfect_foresight_upper_bound,4240.9343317823805,0.0,4240.9343317823805,1.6865480854231358,1.5178932768808222,8,8
rte_90,2025-03-16,perfect_foresight_upper_bound,2452.262130243929,0.0,2452.262130243929,1.6766073760449012,1.508946638440411,8,7
rte_90,2025-03-17,perfect_foresight_upper_bound,8099.7989561251525,0.0,8099.7989561251525,1.6865480854231356,1.5178932768808222,8,8
rte_90,2025-03-18,perfect_foresight_upper_bound,10057.067300935078,0.0,10057.067300935078,1.6865480854231358,1.5178932768808222,8,8
rte_90,2025-03-19,perfect_foresight_upper_bound,10381.605853626621,0.0,10381.605853626621,1.6865480854231356,1.5178932768808222,8,8
rte_90,2025-03-20,perfect_foresight_upper_bound,12989.409342121597,0.0,12989.409342121597,1.3988295982671235,1.258946638440411,7,6
rte_90,2025-03-21,perfect_foresight_upper_bound,9545.685784847155,0.0,9545.685784847155,1.2271925769113394,1.1044733192202054,6,5
rte_90,2025-03-22,perfect_foresight_upper_bound,9784.167360954583,0.0,9784.167360954583,1.2649110640673518,1.1384199576606167,6,6
rte_90,2025-03-23,perfect_foresight_upper_bound,8265.178919787719,0.0,8265.178919787719,1.2649110640673518,1.1384199576606164,6,6
rte_90,2025-03-24,perfect_foresight_upper_bound,3317.350087191147,0.0,3317.350087191147,1.6865480854231358,1.5178932768808222,8,8
rte_90,2025-03-25,perfect_foresight_upper_bound,8386.101542688204,0.0,8386.101542688204,1.6865480854231363,1.5178932768808222,8,8
rte_90,2025-03-26,perfect_foresight_upper_bound,9570.788675568669,0.0,9570.788675568669,1.9365480854231358,1.742893276880822,9,9
rte_90,2025-03-27,perfect_foresight_upper_bound,5551.295365839981,0.0,5551.295365839981,1.9365480854231358,1.7428932768808223,9,9
rte_90,2025-03-28,perfect_foresight_upper_bound,3171.3063398780764,0.0,3171.3063398780764,1.9365480854231356,1.742893276880822,9,8
rte_90,2025-03-29,perfect_foresight_upper_bound,7436.7318052388355,0.0,7436.7318052388355,1.2649110640673518,1.1384199576606164,6,6
rte_90,2025-03-30,perfect_foresight_upper_bound,9507.40469133607,0.0,9507.40469133607,1.3988295982671233,1.258946638440411,7,6
rte_90,2025-03-31,perfect_foresight_upper_bound,7234.077635834846,0.0,7234.077635834846,1.7649110640673518,1.5884199576606166,8,9
rte_95,2024-04-01,no_operation,0.0,0.0,0.0,0.0,0.0,0,0
rte_95,2024-04-02,no_operation,0.0,0.0,0.0,0.0,0.0,0,0
rte_95,2024-04-03,no_operation,0.0,0.0,0.0,0.0,0.0,0,0
rte_95,2024-04-04,no_operation,0.0,0.0,0.0,0.0,0.0,0,0
rte_95,2024-04-05,no_operation,0.0,0.0,0.0,0.0,0.0,0,0
rte_95,2024-04-06,no_operation,0.0,0.0,0.0,0.0,0.0,0,0
rte_95,2024-04-07,no_operation,0.0,0.0,0.0,0.0,0.0,0,0
rte_95,2024-04-08,no_operation,0.0,0.0,0.0,0.0,0.0,0,0
rte_95,2024-04-09,no_operation,0.0,0.0,0.0,0.0,0.0,0,0
rte_95,2024-04-10,no_operation,0.0,0.0,0.0,0.0,0.0,0,0
rte_95,2024-04-11,no_operation,0.0,0.0,0.0,0.0,0.0,0,0
rte_95,2024-04-12,no_operation,0.0,0.0,0.0,0.0,0.0,0,0
rte_95,2024-04-13,no_operation,0.0,0.0,0.0,0.0,0.0,0,0
rte_95,2024-04-14,no_operation,0.0,0.0,0.0,0.0,0.0,0,0
rte_95,2024-04-15,no_operation,0.0,0.0,0.0,0.0,0.0,0,0
rte_95,2024-04-16,no_operation,0.0,0.0,0.0,0.0,0.0,0,0
rte_95,2024-04-17,no_operation,0.0,0.0,0.0,0.0,0.0,0,0
rte_95,2024-04-18,no_operation,0.0,0.0,0.0,0.0,0.0,0,0
rte_95,2024-04-19,no_operation,0.0,0.0,0.0,0.0,0.0,0,0
rte_95,2024-04-20,no_operation,0.0,0.0,0.0,0.0,0.0,0,0
rte_95,2024-04-21,no_operation,0.0,0.0,0.0,0.0,0.0,0,0
rte_95,2024-04-22,no_operation,0.0,0.0,0.0,0.0,0.0,0,0
rte_95,2024-04-23,no_operation,0.0,0.0,0.0,0.0,0.0,0,0
rte_95,2024-04-24,no_operation,0.0,0.0,0.0,0.0,0.0,0,0
rte_95,2024-04-25,no_operation,0.0,0.0,0.0,0.0,0.0,0,0
rte_95,2024-04-26,no_operation,0.0,0.0,0.0,0.0,0.0,0,0
rte_95,2024-04-27,no_operation,0.0,0.0,0.0,0.0,0.0,0,0
rte_95,2024-04-28,no_operation,0.0,0.0,0.0,0.0,0.0,0,0
rte_95,2024-04-29,no_operation,0.0,0.0,0.0,0.0,0.0,0,0
rte_95,2024-04-30,no_operation,0.0,0.0,0.0,0.0,0.0,0,0
rte_95,2024-05-01,no_operation,0.0,0.0,0.0,0.0,0.0,0,0
rte_95,2024-05-02,no_operation,0.0,0.0,0.0,0.0,0.0,0,0
rte_95,2024-05-03,no_operation,0.0,0.0,0.0,0.0,0.0,0,0
rte_95,2024-05-04,no_operation,0.0,0.0,0.0,0.0,0.0,0,0
rte_95,2024-05-05,no_operation,0.0,0.0,0.0,0.0,0.0,0,0
rte_95,2024-05-06,no_operation,0.0,0.0,0.0,0.0,0.0,0,0
rte_95,2024-05-07,no_operation,0.0,0.0,0.0,0.0,0.0,0,0
rte_95,2024-05-08,no_operation,0.0,0.0,0.0,0.0,0.0,0,0
rte_95,2024-05-09,no_operation,0.0,0.0,0.0,0.0,0.0,0,0
rte_95,2024-05-10,no_operation,0.0,0.0,0.0,0.0,0.0,0,0
rte_95,2024-05-11,no_operation,0.0,0.0,0.0,0.0,0.0,0,0
rte_95,2024-05-12,no_operation,0.0,0.0,0.0,0.0,0.0,0,0
rte_95,2024-05-13,no_operation,0.0,0.0,0.0,0.0,0.0,0,0
rte_95,2024-05-14,no_operation,0.0,0.0,0.0,0.0,0.0,0,0
rte_95,2024-05-15,no_operation,0.0,0.0,0.0,0.0,0.0,0,0
rte_95,2024-05-16,no_operation,0.0,0.0,0.0,0.0,0.0,0,0
rte_95,2024-05-17,no_operation,0.0,0.0,0.0,0.0,0.0,0,0
rte_95,2024-05-18,no_operation,0.0,0.0,0.0,0.0,0.0,0,0
rte_95,2024-05-19,no_operation,0.0,0.0,0.0,0.0,0.0,0,0
rte_95,2024-05-20,no_operation,0.0,0.0,0.0,0.0,0.0,0,0
rte_95,2024-05-21,no_operation,0.0,0.0,0.0,0.0,0.0,0,0
rte_95,2024-05-22,no_operation,0.0,0.0,0.0,0.0,0.0,0,0
rte_95,2024-05-23,no_operation,0.0,0.0,0.0,0.0,0.0,0,0
rte_95,2024-05-24,no_operation,0.0,0.0,0.0,0.0,0.0,0,0
rte_95,2024-05-25,no_operation,0.0,0.0,0.0,0.0,0.0,0,0
rte_95,2024-05-26,no_operation,0.0,0.0,0.0,0.0,0.0,0,0
rte_95,2024-05-27,no_operation,0.0,0.0,0.0,0.0,0.0,0,0
rte_95,2024-05-28,no_operation,0.0,0.0,0.0,0.0,0.0,0,0
rte_95,2024-05-29,no_operation,0.0,0.0,0.0,0.0,0.0,0,0
rte_95,2024-05-30,no_operation,0.0,0.0,0.0,0.0,0.0,0,0
rte_95,2024-05-31,no_operation,0.0,0.0,0.0,0.0,0.0,0,0
rte_95,2024-06-01,no_operation,0.0,0.0,0.0,0.0,0.0,0,0
rte_95,2024-06-02,no_operation,0.0,0.0,0.0,0.0,0.0,0,0
rte_95,2024-06-03,no_operation,0.0,0.0,0.0,0.0,0.0,0,0
rte_95,2024-06-04,no_operation,0.0,0.0,0.0,0.0,0.0,0,0
rte_95,2024-06-05,no_operation,0.0,0.0,0.0,0.0,0.0,0,0
rte_95,2024-06-06,no_operation,0.0,0.0,0.0,0.0,0.0,0,0
rte_95,2024-06-07,no_operation,0.0,0.0,0.0,0.0,0.0,0,0
rte_95,2024-06-08,no_operation,0.0,0.0,0.0,0.0,0.0,0,0
rte_95,2024-06-09,no_operation,0.0,0.0,0.0,0.0,0.0,0,0
rte_95,2024-06-10,no_operation,0.0,0.0,0.0,0.0,0.0,0,0
rte_95,2024-06-11,no_operation,0.0,0.0,0.0,0.0,0.0,0,0
rte_95,2024-06-12,no_operation,0.0,0.0,0.0,0.0,0.0,0,0
rte_95,2024-06-13,no_operation,0.0,0.0,0.0,0.0,0.0,0,0
rte_95,2024-06-14,no_operation,0.0,0.0,0.0,0.0,0.0,0,0
rte_95,2024-06-15,no_operation,0.0,0.0,0.0,0.0,0.0,0,0
rte_95,2024-06-16,no_operation,0.0,0.0,0.0,0.0,0.0,0,0
rte_95,2024-06-17,no_operation,0.0,0.0,0.0,0.0,0.0,0,0
rte_95,2024-06-18,no_operation,0.0,0.0,0.0,0.0,0.0,0,0
rte_95,2024-06-19,no_operation,0.0,0.0,0.0,0.0,0.0,0,0
rte_95,2024-06-20,no_operation,0.0,0.0,0.0,0.0,0.0,0,0
rte_95,2024-06-21,no_operation,0.0,0.0,0.0,0.0,0.0,0,0
rte_95,2024-06-22,no_operation,0.0,0.0,0.0,0.0,0.0,0,0
rte_95,2024-06-23,no_operation,0.0,0.0,0.0,0.0,0.0,0,0
rte_95,2024-06-24,no_operation,0.0,0.0,0.0,0.0,0.0,0,0
rte_95,2024-06-25,no_operation,0.0,0.0,0.0,0.0,0.0,0,0
rte_95,2024-06-26,no_operation,0.0,0.0,0.0,0.0,0.0,0,0
rte_95,2024-06-27,no_operation,0.0,0.0,0.0,0.0,0.0,0,0
rte_95,2024-06-28,no_operation,0.0,0.0,0.0,0.0,0.0,0,0
rte_95,2024-06-29,no_operation,0.0,0.0,0.0,0.0,0.0,0,0
rte_95,2024-06-30,no_operation,0.0,0.0,0.0,0.0,0.0,0,0
rte_95,2024-07-01,no_operation,0.0,0.0,0.0,0.0,0.0,0,0
rte_95,2024-07-02,no_operation,0.0,0.0,0.0,0.0,0.0,0,0
rte_95,2024-07-03,no_operation,0.0,0.0,0.0,0.0,0.0,0,0
rte_95,2024-07-04,no_operation,0.0,0.0,0.0,0.0,0.0,0,0
rte_95,2024-07-05,no_operation,0.0,0.0,0.0,0.0,0.0,0,0
rte_95,2024-07-06,no_operation,0.0,0.0,0.0,0.0,0.0,0,0
rte_95,2024-07-07,no_operation,0.0,0.0,0.0,0.0,0.0,0,0
rte_95,2024-07-08,no_operation,0.0,0.0,0.0,0.0,0.0,0,0
rte_95,2024-07-09,no_operation,0.0,0.0,0.0,0.0,0.0,0,0
rte_95,2024-07-10,no_operation,0.0,0.0,0.0,0.0,0.0,0,0
rte_95,2024-07-11,no_operation,0.0,0.0,0.0,0.0,0.0,0,0
rte_95,2024-07-12,no_operation,0.0,0.0,0.0,0.0,0.0,0,0
rte_95,2024-07-13,no_operation,0.0,0.0,0.0,0.0,0.0,0,0
rte_95,2024-07-14,no_operation,0.0,0.0,0.0,0.0,0.0,0,0
rte_95,2024-07-15,no_operation,0.0,0.0,0.0,0.0,0.0,0,0
rte_95,2024-07-16,no_operation,0.0,0.0,0.0,0.0,0.0,0,0
rte_95,2024-07-17,no_operation,0.0,0.0,0.0,0.0,0.0,0,0
rte_95,2024-07-18,no_operation,0.0,0.0,0.0,0.0,0.0,0,0
rte_95,2024-07-19,no_operation,0.0,0.0,0.0,0.0,0.0,0,0
rte_95,2024-07-20,no_operation,0.0,0.0,0.0,0.0,0.0,0,0
rte_95,2024-07-21,no_operation,0.0,0.0,0.0,0.0,0.0,0,0
rte_95,2024-07-22,no_operation,0.0,0.0,0.0,0.0,0.0,0,0
rte_95,2024-07-23,no_operation,0.0,0.0,0.0,0.0,0.0,0,0
rte_95,2024-07-24,no_operation,0.0,0.0,0.0,0.0,0.0,0,0
rte_95,2024-07-25,no_operation,0.0,0.0,0.0,0.0,0.0,0,0
rte_95,2024-07-26,no_operation,0.0,0.0,0.0,0.0,0.0,0,0
rte_95,2024-07-27,no_operation,0.0,0.0,0.0,0.0,0.0,0,0
rte_95,2024-07-28,no_operation,0.0,0.0,0.0,0.0,0.0,0,0
rte_95,2024-07-29,no_operation,0.0,0.0,0.0,0.0,0.0,0,0
rte_95,2024-07-30,no_operation,0.0,0.0,0.0,0.0,0.0,0,0
rte_95,2024-07-31,no_operation,0.0,0.0,0.0,0.0,0.0,0,0
rte_95,2024-08-01,no_operation,0.0,0.0,0.0,0.0,0.0,0,0
rte_95,2024-08-02,no_operation,0.0,0.0,0.0,0.0,0.0,0,0
rte_95,2024-08-03,no_operation,0.0,0.0,0.0,0.0,0.0,0,0
rte_95,2024-08-04,no_operation,0.0,0.0,0.0,0.0,0.0,0,0
rte_95,2024-08-05,no_operation,0.0,0.0,0.0,0.0,0.0,0,0
rte_95,2024-08-06,no_operation,0.0,0.0,0.0,0.0,0.0,0,0
rte_95,2024-08-07,no_operation,0.0,0.0,0.0,0.0,0.0,0,0
rte_95,2024-08-08,no_operation,0.0,0.0,0.0,0.0,0.0,0,0
rte_95,2024-08-09,no_operation,0.0,0.0,0.0,0.0,0.0,0,0
rte_95,2024-08-10,no_operation,0.0,0.0,0.0,0.0,0.0,0,0
rte_95,2024-08-11,no_operation,0.0,0.0,0.0,0.0,0.0,0,0
rte_95,2024-08-12,no_operation,0.0,0.0,0.0,0.0,0.0,0,0
rte_95,2024-08-13,no_operation,0.0,0.0,0.0,0.0,0.0,0,0
rte_95,2024-08-14,no_operation,0.0,0.0,0.0,0.0,0.0,0,0
rte_95,2024-08-15,no_operation,0.0,0.0,0.0,0.0,0.0,0,0
rte_95,2024-08-16,no_operation,0.0,0.0,0.0,0.0,0.0,0,0
rte_95,2024-08-17,no_operation,0.0,0.0,0.0,0.0,0.0,0,0
rte_95,2024-08-18,no_operation,0.0,0.0,0.0,0.0,0.0,0,0
rte_95,2024-08-19,no_operation,0.0,0.0,0.0,0.0,0.0,0,0
rte_95,2024-08-20,no_operation,0.0,0.0,0.0,0.0,0.0,0,0
rte_95,2024-08-21,no_operation,0.0,0.0,0.0,0.0,0.0,0,0
rte_95,2024-08-22,no_operation,0.0,0.0,0.0,0.0,0.0,0,0
rte_95,2024-08-23,no_operation,0.0,0.0,0.0,0.0,0.0,0,0
rte_95,2024-08-24,no_operation,0.0,0.0,0.0,0.0,0.0,0,0
rte_95,2024-08-25,no_operation,0.0,0.0,0.0,0.0,0.0,0,0
rte_95,2024-08-26,no_operation,0.0,0.0,0.0,0.0,0.0,0,0
rte_95,2024-08-27,no_operation,0.0,0.0,0.0,0.0,0.0,0,0
rte_95,2024-08-28,no_operation,0.0,0.0,0.0,0.0,0.0,0,0
rte_95,2024-08-29,no_operation,0.0,0.0,0.0,0.0,0.0,0,0
rte_95,2024-08-30,no_operation,0.0,0.0,0.0,0.0,0.0,0,0
rte_95,2024-08-31,no_operation,0.0,0.0,0.0,0.0,0.0,0,0
rte_95,2024-09-01,no_operation,0.0,0.0,0.0,0.0,0.0,0,0
rte_95,2024-09-02,no_operation,0.0,0.0,0.0,0.0,0.0,0,0
rte_95,2024-09-03,no_operation,0.0,0.0,0.0,0.0,0.0,0,0
rte_95,2024-09-04,no_operation,0.0,0.0,0.0,0.0,0.0,0,0
rte_95,2024-09-05,no_operation,0.0,0.0,0.0,0.0,0.0,0,0
rte_95,2024-09-06,no_operation,0.0,0.0,0.0,0.0,0.0,0,0
rte_95,2024-09-07,no_operation,0.0,0.0,0.0,0.0,0.0,0,0
rte_95,2024-09-08,no_operation,0.0,0.0,0.0,0.0,0.0,0,0
rte_95,2024-09-09,no_operation,0.0,0.0,0.0,0.0,0.0,0,0
rte_95,2024-09-10,no_operation,0.0,0.0,0.0,0.0,0.0,0,0
rte_95,2024-09-11,no_operation,0.0,0.0,0.0,0.0,0.0,0,0
rte_95,2024-09-12,no_operation,0.0,0.0,0.0,0.0,0.0,0,0
rte_95,2024-09-13,no_operation,0.0,0.0,0.0,0.0,0.0,0,0
rte_95,2024-09-14,no_operation,0.0,0.0,0.0,0.0,0.0,0,0
rte_95,2024-09-15,no_operation,0.0,0.0,0.0,0.0,0.0,0,0
rte_95,2024-09-16,no_operation,0.0,0.0,0.0,0.0,0.0,0,0
rte_95,2024-09-17,no_operation,0.0,0.0,0.0,0.0,0.0,0,0
rte_95,2024-09-18,no_operation,0.0,0.0,0.0,0.0,0.0,0,0
rte_95,2024-09-19,no_operation,0.0,0.0,0.0,0.0,0.0,0,0
rte_95,2024-09-20,no_operation,0.0,0.0,0.0,0.0,0.0,0,0
rte_95,2024-09-21,no_operation,0.0,0.0,0.0,0.0,0.0,0,0
rte_95,2024-09-22,no_operation,0.0,0.0,0.0,0.0,0.0,0,0
rte_95,2024-09-23,no_operation,0.0,0.0,0.0,0.0,0.0,0,0
rte_95,2024-09-24,no_operation,0.0,0.0,0.0,0.0,0.0,0,0
rte_95,2024-09-25,no_operation,0.0,0.0,0.0,0.0,0.0,0,0
rte_95,2024-09-26,no_operation,0.0,0.0,0.0,0.0,0.0,0,0
rte_95,2024-09-27,no_operation,0.0,0.0,0.0,0.0,0.0,0,0
rte_95,2024-09-28,no_operation,0.0,0.0,0.0,0.0,0.0,0,0
rte_95,2024-09-29,no_operation,0.0,0.0,0.0,0.0,0.0,0,0
rte_95,2024-09-30,no_operation,0.0,0.0,0.0,0.0,0.0,0,0
rte_95,2024-10-01,no_operation,0.0,0.0,0.0,0.0,0.0,0,0
rte_95,2024-10-02,no_operation,0.0,0.0,0.0,0.0,0.0,0,0
rte_95,2024-10-03,no_operation,0.0,0.0,0.0,0.0,0.0,0,0
rte_95,2024-10-04,no_operation,0.0,0.0,0.0,0.0,0.0,0,0
rte_95,2024-10-05,no_operation,0.0,0.0,0.0,0.0,0.0,0,0
rte_95,2024-10-06,no_operation,0.0,0.0,0.0,0.0,0.0,0,0
rte_95,2024-10-07,no_operation,0.0,0.0,0.0,0.0,0.0,0,0
rte_95,2024-10-08,no_operation,0.0,0.0,0.0,0.0,0.0,0,0
rte_95,2024-10-09,no_operation,0.0,0.0,0.0,0.0,0.0,0,0
rte_95,2024-10-10,no_operation,0.0,0.0,0.0,0.0,0.0,0,0
rte_95,2024-10-11,no_operation,0.0,0.0,0.0,0.0,0.0,0,0
rte_95,2024-10-12,no_operation,0.0,0.0,0.0,0.0,0.0,0,0
rte_95,2024-10-13,no_operation,0.0,0.0,0.0,0.0,0.0,0,0
rte_95,2024-10-14,no_operation,0.0,0.0,0.0,0.0,0.0,0,0
rte_95,2024-10-15,no_operation,0.0,0.0,0.0,0.0,0.0,0,0
rte_95,2024-10-16,no_operation,0.0,0.0,0.0,0.0,0.0,0,0
rte_95,2024-10-17,no_operation,0.0,0.0,0.0,0.0,0.0,0,0
rte_95,2024-10-18,no_operation,0.0,0.0,0.0,0.0,0.0,0,0
rte_95,2024-10-19,no_operation,0.0,0.0,0.0,0.0,0.0,0,0
rte_95,2024-10-20,no_operation,0.0,0.0,0.0,0.0,0.0,0,0
rte_95,2024-10-21,no_operation,0.0,0.0,0.0,0.0,0.0,0,0
rte_95,2024-10-22,no_operation,0.0,0.0,0.0,0.0,0.0,0,0
rte_95,2024-10-23,no_operation,0.0,0.0,0.0,0.0,0.0,0,0
rte_95,2024-10-24,no_operation,0.0,0.0,0.0,0.0,0.0,0,0
rte_95,2024-10-25,no_operation,0.0,0.0,0.0,0.0,0.0,0,0
rte_95,2024-10-26,no_operation,0.0,0.0,0.0,0.0,0.0,0,0
rte_95,2024-10-27,no_operation,0.0,0.0,0.0,0.0,0.0,0,0
rte_95,2024-10-28,no_operation,0.0,0.0,0.0,0.0,0.0,0,0
rte_95,2024-10-29,no_operation,0.0,0.0,0.0,0.0,0.0,0,0
rte_95,2024-10-30,no_operation,0.0,0.0,0.0,0.0,0.0,0,0
rte_95,2024-10-31,no_operation,0.0,0.0,0.0,0.0,0.0,0,0
rte_95,2024-11-01,no_operation,0.0,0.0,0.0,0.0,0.0,0,0
rte_95,2024-11-02,no_operation,0.0,0.0,0.0,0.0,0.0,0,0
rte_95,2024-11-03,no_operation,0.0,0.0,0.0,0.0,0.0,0,0
rte_95,2024-11-04,no_operation,0.0,0.0,0.0,0.0,0.0,0,0
rte_95,2024-11-05,no_operation,0.0,0.0,0.0,0.0,0.0,0,0
rte_95,2024-11-06,no_operation,0.0,0.0,0.0,0.0,0.0,0,0
rte_95,2024-11-07,no_operation,0.0,0.0,0.0,0.0,0.0,0,0
rte_95,2024-11-08,no_operation,0.0,0.0,0.0,0.0,0.0,0,0
rte_95,2024-11-09,no_operation,0.0,0.0,0.0,0.0,0.0,0,0
rte_95,2024-11-10,no_operation,0.0,0.0,0.0,0.0,0.0,0,0
rte_95,2024-11-11,no_operation,0.0,0.0,0.0,0.0,0.0,0,0
rte_95,2024-11-12,no_operation,0.0,0.0,0.0,0.0,0.0,0,0
rte_95,2024-11-13,no_operation,0.0,0.0,0.0,0.0,0.0,0,0
rte_95,2024-11-14,no_operation,0.0,0.0,0.0,0.0,0.0,0,0
rte_95,2024-11-15,no_operation,0.0,0.0,0.0,0.0,0.0,0,0
rte_95,2024-11-16,no_operation,0.0,0.0,0.0,0.0,0.0,0,0
rte_95,2024-11-17,no_operation,0.0,0.0,0.0,0.0,0.0,0,0
rte_95,2024-11-18,no_operation,0.0,0.0,0.0,0.0,0.0,0,0
rte_95,2024-11-19,no_operation,0.0,0.0,0.0,0.0,0.0,0,0
rte_95,2024-11-20,no_operation,0.0,0.0,0.0,0.0,0.0,0,0
rte_95,2024-11-21,no_operation,0.0,0.0,0.0,0.0,0.0,0,0
rte_95,2024-11-22,no_operation,0.0,0.0,0.0,0.0,0.0,0,0
rte_95,2024-11-23,no_operation,0.0,0.0,0.0,0.0,0.0,0,0
rte_95,2024-11-24,no_operation,0.0,0.0,0.0,0.0,0.0,0,0
rte_95,2024-11-25,no_operation,0.0,0.0,0.0,0.0,0.0,0,0
rte_95,2024-11-26,no_operation,0.0,0.0,0.0,0.0,0.0,0,0
rte_95,2024-11-27,no_operation,0.0,0.0,0.0,0.0,0.0,0,0
rte_95,2024-11-28,no_operation,0.0,0.0,0.0,0.0,0.0,0,0
rte_95,2024-11-29,no_operation,0.0,0.0,0.0,0.0,0.0,0,0
rte_95,2024-11-30,no_operation,0.0,0.0,0.0,0.0,0.0,0,0
rte_95,2024-12-01,no_operation,0.0,0.0,0.0,0.0,0.0,0,0
rte_95,2024-12-02,no_operation,0.0,0.0,0.0,0.0,0.0,0,0
rte_95,2024-12-03,no_operation,0.0,0.0,0.0,0.0,0.0,0,0
rte_95,2024-12-04,no_operation,0.0,0.0,0.0,0.0,0.0,0,0
rte_95,2024-12-05,no_operation,0.0,0.0,0.0,0.0,0.0,0,0
rte_95,2024-12-06,no_operation,0.0,0.0,0.0,0.0,0.0,0,0
rte_95,2024-12-07,no_operation,0.0,0.0,0.0,0.0,0.0,0,0
rte_95,2024-12-08,no_operation,0.0,0.0,0.0,0.0,0.0,0,0
rte_95,2024-12-09,no_operation,0.0,0.0,0.0,0.0,0.0,0,0
rte_95,2024-12-10,no_operation,0.0,0.0,0.0,0.0,0.0,0,0
rte_95,2024-12-11,no_operation,0.0,0.0,0.0,0.0,0.0,0,0
rte_95,2024-12-12,no_operation,0.0,0.0,0.0,0.0,0.0,0,0
rte_95,2024-12-13,no_operation,0.0,0.0,0.0,0.0,0.0,0,0
rte_95,2024-12-14,no_operation,0.0,0.0,0.0,0.0,0.0,0,0
rte_95,2024-12-15,no_operation,0.0,0.0,0.0,0.0,0.0,0,0
rte_95,2024-12-16,no_operation,0.0,0.0,0.0,0.0,0.0,0,0
rte_95,2024-12-17,no_operation,0.0,0.0,0.0,0.0,0.0,0,0
rte_95,2024-12-18,no_operation,0.0,0.0,0.0,0.0,0.0,0,0
rte_95,2024-12-19,no_operation,0.0,0.0,0.0,0.0,0.0,0,0
rte_95,2024-12-20,no_operation,0.0,0.0,0.0,0.0,0.0,0,0
rte_95,2024-12-21,no_operation,0.0,0.0,0.0,0.0,0.0,0,0
rte_95,2024-12-22,no_operation,0.0,0.0,0.0,0.0,0.0,0,0
rte_95,2024-12-23,no_operation,0.0,0.0,0.0,0.0,0.0,0,0
rte_95,2024-12-24,no_operation,0.0,0.0,0.0,0.0,0.0,0,0
rte_95,2024-12-25,no_operation,0.0,0.0,0.0,0.0,0.0,0,0
rte_95,2024-12-26,no_operation,0.0,0.0,0.0,0.0,0.0,0,0
rte_95,2024-12-27,no_operation,0.0,0.0,0.0,0.0,0.0,0,0
rte_95,2024-12-28,no_operation,0.0,0.0,0.0,0.0,0.0,0,0
rte_95,2024-12-29,no_operation,0.0,0.0,0.0,0.0,0.0,0,0
rte_95,2024-12-30,no_operation,0.0,0.0,0.0,0.0,0.0,0,0
rte_95,2024-12-31,no_operation,0.0,0.0,0.0,0.0,0.0,0,0
rte_95,2025-01-01,no_operation,0.0,0.0,0.0,0.0,0.0,0,0
rte_95,2025-01-02,no_operation,0.0,0.0,0.0,0.0,0.0,0,0
rte_95,2025-01-03,no_operation,0.0,0.0,0.0,0.0,0.0,0,0
rte_95,2025-01-04,no_operation,0.0,0.0,0.0,0.0,0.0,0,0
rte_95,2025-01-05,no_operation,0.0,0.0,0.0,0.0,0.0,0,0
rte_95,2025-01-06,no_operation,0.0,0.0,0.0,0.0,0.0,0,0
rte_95,2025-01-07,no_operation,0.0,0.0,0.0,0.0,0.0,0,0
rte_95,2025-01-08,no_operation,0.0,0.0,0.0,0.0,0.0,0,0
rte_95,2025-01-09,no_operation,0.0,0.0,0.0,0.0,0.0,0,0
rte_95,2025-01-10,no_operation,0.0,0.0,0.0,0.0,0.0,0,0
rte_95,2025-01-11,no_operation,0.0,0.0,0.0,0.0,0.0,0,0
rte_95,2025-01-12,no_operation,0.0,0.0,0.0,0.0,0.0,0,0
rte_95,2025-01-13,no_operation,0.0,0.0,0.0,0.0,0.0,0,0
rte_95,2025-01-14,no_operation,0.0,0.0,0.0,0.0,0.0,0,0
rte_95,2025-01-15,no_operation,0.0,0.0,0.0,0.0,0.0,0,0
rte_95,2025-01-16,no_operation,0.0,0.0,0.0,0.0,0.0,0,0
rte_95,2025-01-17,no_operation,0.0,0.0,0.0,0.0,0.0,0,0
rte_95,2025-01-18,no_operation,0.0,0.0,0.0,0.0,0.0,0,0
rte_95,2025-01-19,no_operation,0.0,0.0,0.0,0.0,0.0,0,0
rte_95,2025-01-20,no_operation,0.0,0.0,0.0,0.0,0.0,0,0
rte_95,2025-01-21,no_operation,0.0,0.0,0.0,0.0,0.0,0,0
rte_95,2025-01-22,no_operation,0.0,0.0,0.0,0.0,0.0,0,0
rte_95,2025-01-23,no_operation,0.0,0.0,0.0,0.0,0.0,0,0
rte_95,2025-01-24,no_operation,0.0,0.0,0.0,0.0,0.0,0,0
rte_95,2025-01-25,no_operation,0.0,0.0,0.0,0.0,0.0,0,0
rte_95,2025-01-26,no_operation,0.0,0.0,0.0,0.0,0.0,0,0
rte_95,2025-01-27,no_operation,0.0,0.0,0.0,0.0,0.0,0,0
rte_95,2025-01-28,no_operation,0.0,0.0,0.0,0.0,0.0,0,0
rte_95,2025-01-29,no_operation,0.0,0.0,0.0,0.0,0.0,0,0
rte_95,2025-01-30,no_operation,0.0,0.0,0.0,0.0,0.0,0,0
rte_95,2025-01-31,no_operation,0.0,0.0,0.0,0.0,0.0,0,0
rte_95,2025-02-01,no_operation,0.0,0.0,0.0,0.0,0.0,0,0
rte_95,2025-02-02,no_operation,0.0,0.0,0.0,0.0,0.0,0,0
rte_95,2025-02-03,no_operation,0.0,0.0,0.0,0.0,0.0,0,0
rte_95,2025-02-04,no_operation,0.0,0.0,0.0,0.0,0.0,0,0
rte_95,2025-02-05,no_operation,0.0,0.0,0.0,0.0,0.0,0,0
rte_95,2025-02-06,no_operation,0.0,0.0,0.0,0.0,0.0,0,0
rte_95,2025-02-07,no_operation,0.0,0.0,0.0,0.0,0.0,0,0
rte_95,2025-02-08,no_operation,0.0,0.0,0.0,0.0,0.0,0,0
rte_95,2025-02-09,no_operation,0.0,0.0,0.0,0.0,0.0,0,0
rte_95,2025-02-10,no_operation,0.0,0.0,0.0,0.0,0.0,0,0
rte_95,2025-02-11,no_operation,0.0,0.0,0.0,0.0,0.0,0,0
rte_95,2025-02-12,no_operation,0.0,0.0,0.0,0.0,0.0,0,0
rte_95,2025-02-13,no_operation,0.0,0.0,0.0,0.0,0.0,0,0
rte_95,2025-02-14,no_operation,0.0,0.0,0.0,0.0,0.0,0,0
rte_95,2025-02-15,no_operation,0.0,0.0,0.0,0.0,0.0,0,0
rte_95,2025-02-16,no_operation,0.0,0.0,0.0,0.0,0.0,0,0
rte_95,2025-02-17,no_operation,0.0,0.0,0.0,0.0,0.0,0,0
rte_95,2025-02-18,no_operation,0.0,0.0,0.0,0.0,0.0,0,0
rte_95,2025-02-19,no_operation,0.0,0.0,0.0,0.0,0.0,0,0
rte_95,2025-02-20,no_operation,0.0,0.0,0.0,0.0,0.0,0,0
rte_95,2025-02-21,no_operation,0.0,0.0,0.0,0.0,0.0,0,0
rte_95,2025-02-22,no_operation,0.0,0.0,0.0,0.0,0.0,0,0
rte_95,2025-02-23,no_operation,0.0,0.0,0.0,0.0,0.0,0,0
rte_95,2025-02-24,no_operation,0.0,0.0,0.0,0.0,0.0,0,0
rte_95,2025-02-25,no_operation,0.0,0.0,0.0,0.0,0.0,0,0
rte_95,2025-02-26,no_operation,0.0,0.0,0.0,0.0,0.0,0,0
rte_95,2025-02-27,no_operation,0.0,0.0,0.0,0.0,0.0,0,0
rte_95,2025-02-28,no_operation,0.0,0.0,0.0,0.0,0.0,0,0
rte_95,2025-03-01,no_operation,0.0,0.0,0.0,0.0,0.0,0,0
rte_95,2025-03-02,no_operation,0.0,0.0,0.0,0.0,0.0,0,0
rte_95,2025-03-03,no_operation,0.0,0.0,0.0,0.0,0.0,0,0
rte_95,2025-03-04,no_operation,0.0,0.0,0.0,0.0,0.0,0,0
rte_95,2025-03-05,no_operation,0.0,0.0,0.0,0.0,0.0,0,0
rte_95,2025-03-06,no_operation,0.0,0.0,0.0,0.0,0.0,0,0
rte_95,2025-03-07,no_operation,0.0,0.0,0.0,0.0,0.0,0,0
rte_95,2025-03-08,no_operation,0.0,0.0,0.0,0.0,0.0,0,0
rte_95,2025-03-09,no_operation,0.0,0.0,0.0,0.0,0.0,0,0
rte_95,2025-03-10,no_operation,0.0,0.0,0.0,0.0,0.0,0,0
rte_95,2025-03-11,no_operation,0.0,0.0,0.0,0.0,0.0,0,0
rte_95,2025-03-12,no_operation,0.0,0.0,0.0,0.0,0.0,0,0
rte_95,2025-03-13,no_operation,0.0,0.0,0.0,0.0,0.0,0,0
rte_95,2025-03-14,no_operation,0.0,0.0,0.0,0.0,0.0,0,0
rte_95,2025-03-15,no_operation,0.0,0.0,0.0,0.0,0.0,0,0
rte_95,2025-03-16,no_operation,0.0,0.0,0.0,0.0,0.0,0,0
rte_95,2025-03-17,no_operation,0.0,0.0,0.0,0.0,0.0,0,0
rte_95,2025-03-18,no_operation,0.0,0.0,0.0,0.0,0.0,0,0
rte_95,2025-03-19,no_operation,0.0,0.0,0.0,0.0,0.0,0,0
rte_95,2025-03-20,no_operation,0.0,0.0,0.0,0.0,0.0,0,0
rte_95,2025-03-21,no_operation,0.0,0.0,0.0,0.0,0.0,0,0
rte_95,2025-03-22,no_operation,0.0,0.0,0.0,0.0,0.0,0,0
rte_95,2025-03-23,no_operation,0.0,0.0,0.0,0.0,0.0,0,0
rte_95,2025-03-24,no_operation,0.0,0.0,0.0,0.0,0.0,0,0
rte_95,2025-03-25,no_operation,0.0,0.0,0.0,0.0,0.0,0,0
rte_95,2025-03-26,no_operation,0.0,0.0,0.0,0.0,0.0,0,0
rte_95,2025-03-27,no_operation,0.0,0.0,0.0,0.0,0.0,0,0
rte_95,2025-03-28,no_operation,0.0,0.0,0.0,0.0,0.0,0,0
rte_95,2025-03-29,no_operation,0.0,0.0,0.0,0.0,0.0,0,0
rte_95,2025-03-30,no_operation,0.0,0.0,0.0,0.0,0.0,0,0
rte_95,2025-03-31,no_operation,0.0,0.0,0.0,0.0,0.0,0,0
rte_95,2024-04-01,naive_forecast,11067.87536007003,0.0,11067.87536007003,1.6415653633362468,1.5594870951694342,8,8
rte_95,2024-04-02,naive_forecast,9225.39276402879,0.0,9225.39276402879,1.6415653633362468,1.5594870951694342,8,8
rte_95,2024-04-03,naive_forecast,3671.072107757182,0.0,3671.072107757182,1.6415653633362468,1.5594870951694342,8,8
rte_95,2024-04-04,naive_forecast,2167.6175117079592,0.0,2167.6175117079592,1.8602563658786497,1.767243547584717,9,8
rte_95,2024-04-05,naive_forecast,5652.171230619669,0.0,5652.171230619669,1.8915653633362468,1.796987095169434,9,9
rte_95,2024-04-06,naive_forecast,8039.363585252549,0.0,8039.363585252549,1.6415653633362466,1.559487095169434,8,8
rte_95,2024-04-07,naive_forecast,10351.775443988372,0.0,10351.775443988372,1.6415653633362468,1.559487095169434,8,8
rte_95,2024-04-08,naive_forecast,1901.1591975347208,0.0,1901.1591975347208,1.731174022502185,1.6446153213770753,8,8
rte_95,2024-04-09,naive_forecast,6491.941641282586,0.0,6491.941641282586,2.1234142606154918,2.017243547584717,10,9
rte_95,2024-04-10,naive_forecast,5385.032263252402,0.0,5385.032263252402,1.6415653633362466,1.559487095169434,8,8
rte_95,2024-04-11,naive_forecast,6363.16175442589,0.0,6363.16175442589,1.6415653633362468,1.5594870951694342,8,8
rte_95,2024-04-12,naive_forecast,9908.251677190841,0.0,9908.251677190841,1.8915653633362468,1.796987095169434,9,9
rte_95,2024-04-13,naive_forecast,10577.704399355884,0.0,10577.704399355884,1.8915653633362468,1.796987095169434,9,9
rte_95,2024-04-14,naive_forecast,8783.352420817857,0.0,8783.352420817857,1.731174022502185,1.6446153213770756,8,9
rte_95,2024-04-15,naive_forecast,3216.9184724753495,0.0,3216.9184724753495,1.231174022502185,1.1696153213770757,6,6
rte_95,2024-04-16,naive_forecast,4499.87345834991,0.0,4499.87345834991,1.6415653633362468,1.5594870951694342,8,8
rte_95,2024-04-17,naive_forecast,10535.50888143193,0.0,10535.50888143193,1.6102563658786497,1.529743547584717,8,7
rte_95,2024-04-18,naive_forecast,7781.915362215699,0.0,7781.915362215699,2.070782681668123,1.9672435475847168,9,10
rte_95,2024-04-19,naive_forecast,8845.091488279153,0.0,8845.091488279153,2.1415653633362464,2.034487095169434,10,10
rte_95,2024-04-20,naive_forecast,8294.984206343699,0.0,8294.984206343699,1.8915653633362468,1.7969870951694342,9,9
rte_95,2024-04-21,naive_forecast,2961.4432475466792,0.0,2961.4432475466792,1.9943319172390273,1.8946153213770753,10,9
rte_95,2024-04-22,naive_forecast,1671.8564398341798,0.0,1671.8564398341798,2.373414260615492,2.254743547584717,12,10
rte_95,2024-04-23,naive_forecast,3563.538527971961,0.0,3563.538527971961,1.8207826816681232,1.7297435475847167,8,8
rte_95,2024-04-24,naive_forecast,5438.349846386376,0.0,5438.349846386376,2.123414260615492,2.017243547584717,11,9
rte_95,2024-04-25,naive_forecast,6873.988614719388,0.0,6873.988614719388,2.141565363336247,2.034487095169434,10,10
rte_95,2024-04-26,naive_forecast,6066.907238223358,0.0,6066.907238223358,1.5970984711418075,1.5172435475847168,8,7
rte_95,2024-04-27,naive_forecast,7418.467532399078,0.0,7418.467532399078,2.1603913408340616,2.052371773792358,9,10
rte_95,2024-04-28,naive_forecast,9886.378445245151,0.0,9886.378445245151,2.154723258073089,2.046987095169434,10,10
rte_95,2024-04-29,naive_forecast,2125.6292748319,0.0,2125.6292748319,1.9047232580730888,1.809487095169434,9,9
rte_95,2024-04-30,naive_forecast,3368.7549642071117,0.0,3368.7549642071117,2.1102563658786497,2.0047435475847166,10,9
rte_95,2024-05-01,naive_forecast,1264.3246147677648,0.0,1264.3246147677648,2.404723258073089,2.284487095169434,11,11
rte_95,2024-05-02,naive_forecast,2079.1295512831553,0.0,2079.1295512831553,1.8207826816681232,1.729743547584717,8,8
rte_95,2024-05-03,naive_forecast,10189.3917958614,0.0,10189.3917958614,1.873414260615492,1.779743547584717,9,8
rte_95,2024-05-04,naive_forecast,9097.318440445699,0.0,9097.318440445699,1.731174022502185,1.6446153213770753,8,9
rte_95,2024-05-05,naive_forecast,8741.386325059972,0.0,8741.386325059972,1.8734142606154922,1.779743547584717,9,8
rte_95,2024-05-06,naive_forecast,2100.490209112434,0.0,2100.490209112434,1.731174022502185,1.6446153213770756,8,9
rte_95,2024-05-07,naive_forecast,3480.8766545027147,0.0,3480.8766545027147,1.981174022502185,1.8821153213770754,9,9
rte_95,2024-05-08,naive_forecast,5873.078702491938,0.0,5873.078702491938,1.8915653633362466,1.7969870951694338,9,9
rte_95,2024-05-09,naive_forecast,9707.90396956838,0.0,9707.90396956838,2.3915653633362464,2.2719870951694343,11,11
rte_95,2024-05-10,naive_forecast,8533.566637310762,0.0,8533.566637310762,2.654723258073089,2.521987095169434,13,12
rte_95,2024-05-11,naive_forecast,11862.407732425172,0.0,11862.407732425172,1.6102563658786497,1.529743547584717,8,7
rte_95,2024-05-12,naive_forecast,3359.1764254358154,0.0,3359.1764254358154,2.231174022502185,2.1196153213770756,10,10
rte_95,2024-05-13,naive_forecast,4453.518410657133,0.0,4453.518410657133,2.231174022502185,2.119615321377075,10,10
rte_95,2024-05-14,naive_forecast,5286.795055230335,0.0,5286.795055230335,1.6415653633362468,1.559487095169434,8,8
rte_95,2024-05-15,naive_forecast,10161.396062272628,0.0,10161.396062272628,2.1678811528099313,2.059487095169434,10,10
rte_95,2024-05-16,naive_forecast,11747.506251162125,0.0,11747.506251162125,1.6415653633362468,1.5594870951694342,8,8
rte_95,2024-05-17,naive_forecast,12931.712845874688,0.0,12931.712845874688,1.9047232580730888,1.809487095169434,9,9
rte_95,2024-05-18,naive_forecast,9181.60518866981,0.0,9181.60518866981,1.904723258073089,1.809487095169434,9,9
rte_95,2024-05-19,naive_forecast,1307.430994026302,0.0,1307.430994026302,1.8734142606154922,1.779743547584717,9,8
rte_95,2024-05-20,naive_forecast,3743.292547809261,0.0,3743.292547809261,1.4630229197814304,1.3898717737923585,7,6
rte_95,2024-05-21,naive_forecast,10993.283019050028,0.0,10993.283019050028,1.6415653633362468,1.559487095169434,8,8
rte_95,2024-05-22,naive_forecast,9972.609960388396,0.0,9972.609960388396,2.3470984711418077,2.229743547584717,11,11
rte_95,2024-05-23,naive_forecast,6781.594556845905,0.0,6781.594556845905,1.6415653633362468,1.5594870951694342,8,8
rte_95,2024-05-24,naive_forecast,8976.531892076822,0.0,8976.531892076822,2.4178811528099313,2.296987095169434,12,11
rte_95,2024-05-25,naive_forecast,8601.094933169295,0.0,8601.094933169295,2.417881152809931,2.2969870951694342,12,11
rte_95,2024-05-26,naive_forecast,9950.612312919991,0.0,9950.612312919991,1.231174022502185,1.1696153213770755,6,6
rte_95,2024-05-27,naive_forecast,3143.604931744776,0.0,3143.604931744776,1.904723258073089,1.8094870951694342,9,9
rte_95,2024-05-28,naive_forecast,6393.7228660843275,0.0,6393.7228660843275,1.6867071303077459,1.6023717737923584,8,8
rte_95,2024-05-29,naive_forecast,-1043.532352828918,0.0,-1043.532352828918,1.8207826816681232,1.729743547584717,8,8
rte_95,2024-05-30,naive_forecast,4580.986283122996,0.0,4580.986283122996,1.8602563658786497,1.767243547584717,10,8
rte_95,2024-05-31,naive_forecast,-45.01823459948051,0.0,-45.01823459948051,2.2311740225021848,2.119615321377075,10,10
rte_95,2024-06-01,naive_forecast,4751.717129704204,0.0,4751.717129704204,2.404723258073089,2.284487095169434,11,11
rte_95,2024-06-02,naive_forecast,9454.61830633611,0.0,9454.61830633611,1.1998650250445881,1.1398717737923585,6,5
rte_95,2024-06-03,naive_forecast,2666.7632919155526,0.0,2666.7632919155526,2.6628879448260183,2.529743547584717,13,11
rte_95,2024-06-04,naive_forecast,9233.034725707714,0.0,9233.034725707714,1.2311740225021848,1.1696153213770755,6,6
rte_95,2024-06-05,naive_forecast,10560.31161381496,0.0,10560.31161381496,1.7311740225021852,1.6446153213770756,8,8
rte_95,2024-06-06,naive_forecast,4374.771393918728,0.0,4374.771393918728,1.2311740225021852,1.1696153213770755,6,6
rte_95,2024-06-07,naive_forecast,3162.5997680929167,0.0,3162.5997680929167,1.6735492355709038,1.5898717737923582,8,8
rte_95,2024-06-08,naive_forecast,6492.950772561304,0.0,6492.950772561304,2.231174022502185,2.1196153213770756,10,10
rte_95,2024-06-09,naive_forecast,2132.1036066692614,0.0,2132.1036066692614,1.7311740225021852,1.6446153213770756,8,8
rte_95,2024-06-10,naive_forecast,5434.59209070724,0.0,5434.59209070724,1.731174022502185,1.6446153213770756,8,8
rte_95,2024-06-11,naive_forecast,10384.837573162273,0.0,10384.837573162273,1.4811740225021848,1.4071153213770755,7,7
rte_95,2024-06-12,naive_forecast,8152.717131812139,0.0,8152.717131812139,1.4811740225021852,1.4071153213770753,7,7
rte_95,2024-06-13,naive_forecast,8007.278642948069,0.0,8007.278642948069,1.8470984711418075,1.754743547584717,9,8
rte_95,2024-06-14,naive_forecast,9871.413759579478,0.0,9871.413759579478,2.186707130307746,2.0773717737923585,10,10
rte_95,2024-06-15,naive_forecast,7383.450004071649,0.0,7383.450004071649,2.2894736842105265,2.175,10,10
rte_95,2024-06-16,naive_forecast,14047.081092800088,0.0,14047.081092800088,1.8602563658786497,1.767243547584717,9,8
rte_95,2024-06-17,naive_forecast,5899.025754410803,0.0,5899.025754410803,1.481174022502185,1.4071153213770755,7,7
rte_95,2024-06-18,naive_forecast,6464.306886296628,0.0,6464.306886296628,1.7574898119758693,1.6696153213770757,8,8
rte_95,2024-06-19,naive_forecast,7133.23612220924,0.0,7133.23612220924,1.6415653633362468,1.559487095169434,8,8
rte_95,2024-06-20,naive_forecast,4826.700314904572,0.0,4826.700314904572,2.167881152809931,2.059487095169434,12,10
rte_95,2024-06-21,naive_forecast,1901.6655751069127,0.0,1901.6655751069127,2.2311740225021848,2.1196153213770756,10,10
rte_95,2024-06-22,naive_forecast,2797.6672001982747,0.0,2797.6672001982747,1.6102563658786497,1.529743547584717,8,7
rte_95,2024-06-23,naive_forecast,2586.4783036135377,0.0,2586.4783036135377,2.4103913408340616,2.289871773792358,10,11
rte_95,2024-06-24,naive_forecast,3962.8113997477517,0.0,3962.8113997477517,2.3019567041703084,2.1868588689617927,11,11
rte_95,2024-06-25,naive_forecast,5540.222267805566,0.0,5540.222267805566,2.1102563658786497,2.004743547584717,9,9
rte_95,2024-06-26,naive_forecast,2265.5666016976247,0.0,2265.5666016976247,2.2706477067127118,2.1571153213770753,11,10
rte_95,2024-06-27,naive_forecast,3208.7452360586085,0.0,3208.7452360586085,2.2706477067127113,2.1571153213770753,11,10
rte_95,2024-06-28,naive_forecast,1841.7260951543444,0.0,1841.7260951543444,2.0519567041703084,1.9493588689617927,10,10
rte_95,2024-06-29,naive_forecast,-1549.0459944523386,0.0,-1549.0459944523386,2.0519567041703084,1.949358868961793,10,10
rte_95,2024-06-30,naive_forecast,2998.227836837172,0.0,2998.227836837172,1.4630229197814306,1.3898717737923585,8,6
rte_95,2024-07-01,naive_forecast,1748.441482299261,0.0,1748.441482299261,1.4103913408340616,1.3398717737923582,6,7
rte_95,2024-07-02,naive_forecast,701.7856016026581,0.0,701.7856016026581,2.1735492355709036,2.0648717737923583,10,10
rte_95,2024-07-03,naive_forecast,6455.694791304702,0.0,6455.694791304702,1.9811740225021852,1.8821153213770754,9,9
rte_95,2024-07-04,naive_forecast,8713.441999422186,0.0,8713.441999422186,1.981174022502185,1.8821153213770754,9,10
rte_95,2024-07-05,naive_forecast,8529.36217492735,0.0,8529.36217492735,2.2838056014495534,2.1696153213770755,12,10
rte_95,2024-07-06,naive_forecast,3881.2272839346642,0.0,3881.2272839346642,2.5782724936439925,2.4493588689617924,13,12
rte_95,2024-07-07,naive_forecast,8565.268448666675,0.0,8565.268448666675,1.4811740225021848,1.4071153213770755,7,7
rte_95,2024-07-08,naive_forecast,6933.755195404139,0.0,6933.755195404139,1.481174022502185,1.4071153213770755,7,7
rte_95,2024-07-09,naive_forecast,11609.466700881896,0.0,11609.466700881896,1.686707130307746,1.6023717737923584,9,8
rte_95,2024-07-10,naive_forecast,12150.917844263775,0.0,12150.917844263775,1.9103913408340616,1.8148717737923583,8,9
rte_95,2024-07-11,naive_forecast,3853.8843045849694,0.0,3853.8843045849694,1.7443319172390273,1.6571153213770755,9,8
rte_95,2024-07-12,naive_forecast,2997.6078501593743,0.0,2997.6078501593743,2.136572155352334,2.029743547584717,10,9
rte_95,2024-07-13,naive_forecast,1437.7685222782973,0.0,1437.7685222782973,2.078947368421053,1.9749999999999999,9,8
rte_95,2024-07-14,naive_forecast,3675.0662467199227,0.0,3675.0662467199227,1.4103913408340616,1.3398717737923582,6,7
rte_95,2024-07-15,naive_forecast,3841.978786410281,0.0,3841.978786410281,1.231174022502185,1.1696153213770757,6,6
rte_95,2024-07-16,naive_forecast,2426.6751377818423,0.0,2426.6751377818423,2.0519567041703084,1.9493588689617924,10,10
rte_95,2024-07-17,naive_forecast,3692.2778234129014,0.0,3692.2778234129014,1.842105263157895,1.75,9,7
rte_95,2024-07-18,naive_forecast,6717.80741405913,0.0,6717.80741405913,1.981174022502185,1.8821153213770754,9,9
rte_95,2024-07-19,naive_forecast,6664.637827535582,0.0,6664.637827535582,2.0970984711418077,1.992243547584717,10,9
rte_95,2024-07-20,naive_forecast,3625.0139430482377,0.0,3625.0139430482377,1.3470984711418077,1.279743547584717,7,6
rte_95,2024-07-21,naive_forecast,7439.436100963382,0.0,7439.436100963382,1.4811740225021852,1.4071153213770755,7,7
rte_95,2024-07-22,naive_forecast,9473.790037059845,0.0,9473.790037059845,1.731174022502185,1.6446153213770756,8,8
rte_95,2024-07-23,naive_forecast,13453.416698285799,0.0,13453.416698285799,1.9235492355709038,1.8273717737923585,9,9
rte_95,2024-07-24,naive_forecast,7872.669523263021,0.0,7872.669523263021,2.5206477067127113,2.3946153213770756,12,11
rte_95,2024-07-25,naive_forecast,6318.885457696666,0.0,6318.885457696666,2.231174022502185,2.1196153213770756,10,10
rte_95,2024-07-26,naive_forecast,6720.567911396244,0.0,6720.567911396244,1.3339405764049657,1.267243547584717,6,6
rte_95,2024-07-27,naive_forecast,6000.4950203605,0.0,6000.4950203605,2.6102563658786497,2.4797435475847167,12,11
rte_95,2024-07-28,naive_forecast,9196.754858610228,0.0,9196.754858610228,1.231174022502185,1.1696153213770755,6,6
rte_95,2024-07-29,naive_forecast,12220.773044738093,0.0,12220.773044738093,1.2311740225021852,1.1696153213770755,6,6
rte_95,2024-07-30,naive_forecast,12368.662126655432,0.0,12368.662126655432,2.373414260615492,2.2547435475847166,11,10
rte_95,2024-07-31,naive_forecast,11745.937468896724,0.0,11745.937468896724,2.3470984711418077,2.229743547584717,11,10
rte_95,2024-08-01,naive_forecast,15073.537375858747,0.0,15073.537375858747,1.481174022502185,1.4071153213770755,7,7
rte_95,2024-08-02,naive_forecast,6688.171287045984,0.0,6688.171287045984,2.481174022502185,2.3571153213770755,11,11
rte_95,2024-08-03,naive_forecast,5375.419254644454,0.0,5375.419254644454,1.4103913408340616,1.3398717737923582,6,7
rte_95,2024-08-04,naive_forecast,6592.205166203575,0.0,6592.205166203575,1.2311740225021852,1.1696153213770757,6,6
rte_95,2024-08-05,naive_forecast,5627.06075253141,0.0,5627.06075253141,1.231174022502185,1.1696153213770755,6,6
rte_95,2024-08-06,naive_forecast,6946.468913312916,0.0,6946.468913312916,1.3207826816681234,1.2547435475847168,6,6
rte_95,2024-08-07,naive_forecast,4846.224209809604,0.0,4846.224209809604,2.315114598907151,2.1993588689617924,11,11
rte_95,2024-08-08,naive_forecast,6887.401686266088,0.0,6887.401686266088,1.8207826816681232,1.7297435475847167,8,8
rte_95,2024-08-09,naive_forecast,6435.6334590333245,0.0,6435.6334590333245,2.0519567041703084,1.949358868961793,10,10
rte_95,2024-08-10,naive_forecast,5174.997413819496,0.0,5174.997413819496,1.873414260615492,1.779743547584717,9,8
rte_95,2024-08-11,naive_forecast,6585.70876294332,0.0,6585.70876294332,1.231174022502185,1.1696153213770757,6,6
rte_95,2024-08-12,naive_forecast,5184.580420787687,0.0,5184.580420787687,1.231174022502185,1.1696153213770755,6,6
rte_95,2024-08-13,naive_forecast,6339.538071546704,0.0,6339.538071546704,1.2311740225021852,1.1696153213770757,6,6
rte_95,2024-08-14,naive_forecast,5149.998821515305,0.0,5149.998821515305,1.231174022502185,1.1696153213770757,6,6
rte_95,2024-08-15,naive_forecast,5304.001418923378,0.0,5304.001418923378,1.231174022502185,1.1696153213770757,6,6
rte_95,2024-08-16,naive_forecast,4218.535848354088,0.0,4218.535848354088,1.481174022502185,1.4071153213770757,7,7
rte_95,2024-08-17,naive_forecast,5385.842328449993,0.0,5385.842328449993,1.7574898119758695,1.6696153213770757,9,8
rte_95,2024-08-18,naive_forecast,7734.197835141934,0.0,7734.197835141934,1.494331917239027,1.4196153213770755,7,7
rte_95,2024-08-19,naive_forecast,4234.264533549796,0.0,4234.264533549796,1.494331917239027,1.4196153213770755,8,7
rte_95,2024-08-20,naive_forecast,5416.874124571023,0.0,5416.874124571023,1.481174022502185,1.4071153213770755,7,7
rte_95,2024-08-21,naive_forecast,6214.465282834983,0.0,6214.465282834983,1.3207826816681234,1.2547435475847168,6,6
rte_95,2024-08-22,naive_forecast,6318.631535213074,0.0,6318.631535213074,1.5707826816681232,1.4922435475847171,7,7
rte_95,2024-08-23,naive_forecast,5222.676170851704,0.0,5222.676170851704,1.6415653633362468,1.5594870951694342,8,8
rte_95,2024-08-24,naive_forecast,3742.896496242743,0.0,3742.896496242743,1.9498650250445881,1.8523717737923584,9,9
rte_95,2024-08-25,naive_forecast,3231.656705024576,0.0,3231.656705024576,1.731174022502185,1.6446153213770756,8,8
rte_95,2024-08-26,naive_forecast,5482.974733245274,0.0,5482.974733245274,1.481174022502185,1.4071153213770755,7,7
rte_95,2024-08-27,naive_forecast,4418.335049310333,0.0,4418.335049310333,2.3339405764049657,2.2172435475847165,10,10
rte_95,2024-08-28,naive_forecast,5040.843458640577,0.0,5040.843458640577,1.8339405764049654,1.742243547584717,8,8
rte_95,2024-08-29,naive_forecast,5062.31141875252,0.0,5062.31141875252,1.3207826816681234,1.254743547584717,6,6
rte_95,2024-08-30,naive_forecast,18884.495696522234,0.0,18884.495696522234,1.0707826816681232,1.017243547584717,5,5
rte_95,2024-08-31,naive_forecast,1438.8797009693376,0.0,1438.8797009693376,1.8207826816681234,1.7297435475847167,8,8
rte_95,2024-09-01,naive_forecast,5728.472618633942,0.0,5728.472618633942,1.481174022502185,1.4071153213770755,7,7
rte_95,2024-09-02,naive_forecast,6672.14423451914,0.0,6672.14423451914,1.231174022502185,1.1696153213770757,6,6
rte_95,2024-09-03,naive_forecast,5837.834464422562,0.0,5837.834464422562,1.4943319172390273,1.4196153213770755,8,7
rte_95,2024-09-04,naive_forecast,6043.660649552817,0.0,6043.660649552817,1.3470984711418077,1.279743547584717,7,6
rte_95,2024-09-05,naive_forecast,7037.114784028963,0.0,7037.114784028963,1.8734142606154918,1.779743547584717,10,8
rte_95,2024-09-06,naive_forecast,6806.002887194831,0.0,6806.002887194831,1.7574898119758693,1.6696153213770755,9,8
rte_95,2024-09-07,naive_forecast,4072.681500620616,0.0,4072.681500620616,1.481174022502185,1.4071153213770755,7,7
rte_95,2024-09-08,naive_forecast,5458.905997698561,0.0,5458.905997698561,1.3207826816681234,1.254743547584717,6,7
rte_95,2024-09-09,naive_forecast,12256.23392538811,0.0,12256.23392538811,1.231174022502185,1.1696153213770755,6,6
rte_95,2024-09-10,naive_forecast,11304.829100449486,0.0,11304.829100449486,2.0839405764049657,1.9797435475847167,9,9
rte_95,2024-09-11,naive_forecast,15398.091125291263,0.0,15398.091125291263,1.0839405764049657,1.029743547584717,6,5
rte_95,2024-09-12,naive_forecast,9296.606915674696,0.0,9296.606915674696,2.1603913408340616,2.052371773792358,9,10
rte_95,2024-09-13,naive_forecast,10383.627823812294,0.0,10383.627823812294,1.873414260615492,1.779743547584717,9,8
rte_95,2024-09-14,naive_forecast,6014.939898024331,0.0,6014.939898024331,2.5206477067127118,2.3946153213770756,12,11
rte_95,2024-09-15,naive_forecast,3430.1317260041624,0.0,3430.1317260041624,1.231174022502185,1.1696153213770755,6,6
rte_95,2024-09-16,naive_forecast,6307.134794925922,0.0,6307.134794925922,1.494331917239027,1.4196153213770757,8,7
rte_95,2024-09-17,naive_forecast,17218.867357583986,0.0,17218.867357583986,1.3470984711418077,1.279743547584717,7,6
rte_95,2024-09-18,naive_forecast,16571.75822772533,0.0,16571.75822772533,2.481174022502185,2.3571153213770755,11,12
rte_95,2024-09-19,naive_forecast,19057.937456093732,0.0,19057.937456093732,1.7311740225021848,1.6446153213770753,8,8
rte_95,2024-09-20,naive_forecast,17331.88832928161,0.0,17331.88832928161,1.731174022502185,1.6446153213770753,8,8
rte_95,2024-09-21,naive_forecast,3807.7576459329202,0.0,3807.7576459329202,2.1102563658786497,2.004743547584717,11,9
rte_95,2024-09-22,naive_forecast,3349.6934874528533,0.0,3349.6934874528533,1.0839405764049654,1.029743547584717,5,5
rte_95,2024-09-23,naive_forecast,4084.8255210725542,0.0,4084.8255210725542,1.481174022502185,1.4071153213770757,7,7
rte_95,2024-09-24,naive_forecast,7313.713385386211,0.0,7313.713385386211,2.3019567041703084,2.1868588689617927,11,11
rte_95,2024-09-25,naive_forecast,4679.339661402125,0.0,4679.339661402125,2.5519567041703084,2.4243588689617925,12,12
rte_95,2024-09-26,naive_forecast,7265.335424812748,0.0,7265.335424812748,1.9047232580730888,1.809487095169434,10,9
rte_95,2024-09-27,naive_forecast,4454.5006350568265,0.0,4454.5006350568265,2.315114598907151,2.1993588689617924,12,11
rte_95,2024-09-28,naive_forecast,624.2860127736889,0.0,624.2860127736889,1.3207826816681234,1.2547435475847168,6,6
rte_95,2024-09-29,naive_forecast,2502.2678155957597,0.0,2502.2678155957597,1.481174022502185,1.4071153213770757,7,7
rte_95,2024-09-30,naive_forecast,4790.80986178102,0.0,4790.80986178102,1.481174022502185,1.4071153213770755,7,7
rte_95,2024-10-01,naive_forecast,7423.008040029611,0.0,7423.008040029611,2.070782681668123,1.967243547584717,9,10
rte_95,2024-10-02,naive_forecast,8298.416949242033,0.0,8298.416949242033,1.8915653633362468,1.796987095169434,9,9
rte_95,2024-10-03,naive_forecast,2066.90846015387,0.0,2066.90846015387,1.8207826816681232,1.7297435475847167,8,9
rte_95,2024-10-04,naive_forecast,7664.957559840068,0.0,7664.957559840068,1.5839405764049654,1.504743547584717,7,7
rte_95,2024-10-05,naive_forecast,898.4667122204297,0.0,898.4667122204297,1.3207826816681234,1.254743547584717,6,6
rte_95,2024-10-06,naive_forecast,6720.372803766859,0.0,6720.372803766859,1.4811740225021852,1.4071153213770753,7,7
rte_95,2024-10-07,naive_forecast,2768.1315162083047,0.0,2768.1315162083047,1.731174022502185,1.6446153213770756,8,9
rte_95,2024-10-08,naive_forecast,5805.15483528972,0.0,5805.15483528972,1.5839405764049657,1.504743547584717,7,7
rte_95,2024-10-09,naive_forecast,6746.049164821654,0.0,6746.049164821654,1.8915653633362468,1.796987095169434,9,9
rte_95,2024-10-10,naive_forecast,11557.699914262152,0.0,11557.699914262152,1.9047232580730888,1.809487095169434,9,9
rte_95,2024-10-11,naive_forecast,14172.493307390076,0.0,14172.493307390076,1.9047232580730888,1.809487095169434,9,9
rte_95,2024-10-12,naive_forecast,10261.963126652778,0.0,10261.963126652778,1.9047232580730888,1.809487095169434,9,9
rte_95,2024-10-13,naive_forecast,10638.286476454696,0.0,10638.286476454696,2.167881152809931,2.059487095169434,11,10
rte_95,2024-10-14,naive_forecast,6223.8502114821995,0.0,6223.8502114821995,1.9047232580730888,1.809487095169434,9,9
rte_95,2024-10-15,naive_forecast,9118.122607361987,0.0,9118.122607361987,1.9047232580730888,1.8094870951694342,9,9
rte_95,2024-10-16,naive_forecast,6164.587255195623,0.0,6164.587255195623,1.9047232580730888,1.809487095169434,9,9
rte_95,2024-10-17,naive_forecast,9807.723559142896,0.0,9807.723559142896,1.7574898119758693,1.6696153213770755,9,8
rte_95,2024-10-18,naive_forecast,9838.396911041651,0.0,9838.396911041651,1.6415653633362468,1.559487095169434,8,8
rte_95,2024-10-19,naive_forecast,3954.0317461294753,0.0,3954.0317461294753,2.070782681668123,1.9672435475847168,9,9
rte_95,2024-10-20,naive_forecast,9950.231115088818,0.0,9950.231115088818,1.231174022502185,1.1696153213770755,6,6
rte_95,2024-10-21,naive_forecast,7880.800531179577,0.0,7880.800531179577,1.9047232580730888,1.809487095169434,9,9
rte_95,2024-10-22,naive_forecast,7096.34876396844,0.0,7096.34876396844,1.981174022502185,1.8821153213770754,9,10
rte_95,2024-10-23,naive_forecast,5732.060153786675,0.0,5732.060153786675,1.6415653633362468,1.559487095169434,8,8
rte_95,2024-10-24,naive_forecast,6484.3639495273865,0.0,6484.3639495273865,1.7574898119758693,1.6696153213770755,9,8
rte_95,2024-10-25,naive_forecast,6976.891386210308,0.0,6976.891386210308,1.981174022502185,1.8821153213770754,9,10
rte_95,2024-10-26,naive_forecast,3237.2451906268766,0.0,3237.2451906268766,1.9047232580730888,1.8094870951694342,9,9
rte_95,2024-10-27,naive_forecast,4082.5353175517057,0.0,4082.5353175517057,1.994331917239027,1.8946153213770753,9,9
rte_95,2024-10-28,naive_forecast,4841.3238585041645,0.0,4841.3238585041645,1.904723258073089,1.809487095169434,9,9
rte_95,2024-10-29,naive_forecast,6164.713882916369,0.0,6164.713882916369,2.141565363336247,2.034487095169434,10,10
rte_95,2024-10-30,naive_forecast,6855.982551840979,0.0,6855.982551840979,2.231174022502185,2.1196153213770756,10,11
rte_95,2024-10-31,naive_forecast,5649.342060652403,0.0,5649.342060652403,1.981174022502185,1.8821153213770754,9,10
rte_95,2024-11-01,naive_forecast,2939.109271712143,0.0,2939.109271712143,1.9047232580730888,1.8094870951694342,9,9
rte_95,2024-11-02,naive_forecast,-412.9128693505515,0.0,-412.9128693505515,2.199865025044588,2.0898717737923582,10,10
rte_95,2024-11-03,naive_forecast,-555.7373202867062,0.0,-555.7373202867062,2.731174022502185,2.5946153213770753,12,12
rte_95,2024-11-04,naive_forecast,8744.518141927601,0.0,8744.518141927601,2.0519567041703084,1.9493588689617924,10,10
rte_95,2024-11-05,naive_forecast,7077.675879667031,0.0,7077.675879667031,2.154723258073089,2.046987095169434,11,10
rte_95,2024-11-06,naive_forecast,8958.533651943437,0.0,8958.533651943437,2.3339405764049657,2.217243547584717,10,11
rte_95,2024-11-07,naive_forecast,10508.130279954861,0.0,10508.130279954861,2.6497300500891763,2.517243547584717,12,11
rte_95,2024-11-08,naive_forecast,9139.169069056663,0.0,9139.169069056663,2.123414260615492,2.017243547584717,10,9
rte_95,2024-11-09,naive_forecast,6449.236706220554,0.0,6449.236706220554,1.6415653633362468,1.559487095169434,8,8
rte_95,2024-11-10,naive_forecast,5121.978679992413,0.0,5121.978679992413,1.904723258073089,1.809487095169434,9,9
rte_95,2024-11-11,naive_forecast,5585.701216061548,0.0,5585.701216061548,2.154723258073089,2.046987095169434,10,10
rte_95,2024-11-12,naive_forecast,9913.27076055934,0.0,9913.27076055934,1.9047232580730888,1.8094870951694342,9,9
rte_95,2024-11-13,naive_forecast,11553.718524364043,0.0,11553.718524364043,1.6415653633362464,1.5594870951694342,8,8
rte_95,2024-11-14,naive_forecast,8954.740254488683,0.0,8954.740254488683,1.6415653633362468,1.559487095169434,8,8
rte_95,2024-11-15,naive_forecast,4576.989421740034,0.0,4576.989421740034,1.9047232580730888,1.809487095169434,9,9
rte_95,2024-11-16,naive_forecast,1669.6622740561784,0.0,1669.6622740561784,1.7311740225021852,1.6446153213770756,8,9
rte_95,2024-11-17,naive_forecast,5453.717844341449,0.0,5453.717844341449,1.9047232580730888,1.8094870951694342,9,9
rte_95,2024-11-18,naive_forecast,7039.127528766759,0.0,7039.127528766759,1.9047232580730888,1.8094870951694342,9,9
rte_95,2024-11-19,naive_forecast,9669.998690833887,0.0,9669.998690833887,1.6415653633362468,1.5594870951694342,8,8
rte_95,2024-11-20,naive_forecast,10287.337640638652,0.0,10287.337640638652,1.6415653633362468,1.559487095169434,8,8
rte_95,2024-11-21,naive_forecast,11999.193260704678,0.0,11999.193260704678,1.8915653633362468,1.7969870951694342,9,9
rte_95,2024-11-22,naive_forecast,7098.904800209095,0.0,7098.904800209095,1.6415653633362468,1.5594870951694342,8,8
rte_95,2024-11-23,naive_forecast,4996.02932846242,0.0,4996.02932846242,1.7311740225021852,1.6446153213770753,8,9
rte_95,2024-11-24,naive_forecast,6285.00841424507,0.0,6285.00841424507,1.7311740225021852,1.6446153213770756,8,9
rte_95,2024-11-25,naive_forecast,12046.073613161714,0.0,12046.073613161714,1.8915653633362466,1.7969870951694342,9,9
rte_95,2024-11-26,naive_forecast,8394.223202412264,0.0,8394.223202412264,2.3339405764049657,2.2172435475847165,10,11
rte_95,2024-11-27,naive_forecast,6447.11565875898,0.0,6447.11565875898,1.6415653633362466,1.5594870951694342,8,8
rte_95,2024-11-28,naive_forecast,9413.933780883022,0.0,9413.933780883022,1.9047232580730888,1.809487095169434,9,9
rte_95,2024-11-29,naive_forecast,5973.997255479647,0.0,5973.997255479647,2.0839405764049657,1.9797435475847167,9,10
rte_95,2024-11-30,naive_forecast,3863.3384111696973,0.0,3863.3384111696973,2.3915653633362464,2.2719870951694343,11,11
rte_95,2024-12-01,naive_forecast,11131.488750260147,0.0,11131.488750260147,1.6415653633362468,1.5594870951694342,8,8
rte_95,2024-12-02,naive_forecast,10058.12197856242,0.0,10058.12197856242,2.154723258073089,2.0469870951694342,10,10
rte_95,2024-12-03,naive_forecast,8436.845769656784,0.0,8436.845769656784,2.1415653633362464,2.034487095169434,10,10
rte_95,2024-12-04,naive_forecast,8952.877006618046,0.0,8952.877006618046,1.6415653633362468,1.5594870951694342,8,8
rte_95,2024-12-05,naive_forecast,7909.052076923508,0.0,7909.052076923508,1.6415653633362468,1.5594870951694342,8,8
rte_95,2024-12-06,naive_forecast,8938.633376823525,0.0,8938.633376823525,1.6415653633362468,1.5594870951694342,8,8
rte_95,2024-12-07,naive_forecast,4415.7884457621585,0.0,4415.7884457621585,1.6415653633362468,1.559487095169434,8,8
rte_95,2024-12-08,naive_forecast,7826.795729406153,0.0,7826.795729406153,1.7311740225021852,1.6446153213770756,8,8
rte_95,2024-12-09,naive_forecast,6813.669941212774,0.0,6813.669941212774,1.873414260615492,1.779743547584717,9,8
rte_95,2024-12-10,naive_forecast,8242.216377767438,0.0,8242.216377767438,2.1678811528099313,2.059487095169434,10,10
rte_95,2024-12-11,naive_forecast,10457.311284154768,0.0,10457.311284154768,1.9047232580730888,1.809487095169434,9,9
rte_95,2024-12-12,naive_forecast,10280.854781592623,0.0,10280.854781592623,2.154723258073089,2.0469870951694342,10,10
rte_95,2024-12-13,naive_forecast,10012.119948091318,0.0,10012.119948091318,1.981174022502185,1.8821153213770754,9,10
rte_95,2024-12-14,naive_forecast,6607.699766328896,0.0,6607.699766328896,1.9047232580730888,1.8094870951694342,9,9
rte_95,2024-12-15,naive_forecast,5642.772209826024,0.0,5642.772209826024,1.6415653633362466,1.559487095169434,8,8
rte_95,2024-12-16,naive_forecast,7714.057750853041,0.0,7714.057750853041,1.8915653633362468,1.796987095169434,9,9
rte_95,2024-12-17,naive_forecast,8189.879927606546,0.0,8189.879927606546,2.154723258073089,2.046987095169434,10,10
rte_95,2024-12-18,naive_forecast,8629.805563329046,0.0,8629.805563329046,1.9047232580730888,1.809487095169434,9,9
rte_95,2024-12-19,naive_forecast,13840.447819942543,0.0,13840.447819942543,1.6415653633362466,1.559487095169434,8,8
rte_95,2024-12-20,naive_forecast,9458.655608749683,0.0,9458.655608749683,1.6415653633362466,1.5594870951694342,8,8
rte_95,2024-12-21,naive_forecast,2629.1228397239443,0.0,2629.1228397239443,2.154723258073089,2.0469870951694342,10,10
rte_95,2024-12-22,naive_forecast,6488.633676195892,0.0,6488.633676195892,1.231174022502185,1.1696153213770755,6,6
rte_95,2024-12-23,naive_forecast,6110.469658060478,0.0,6110.469658060478,1.481174022502185,1.4071153213770755,7,7
rte_95,2024-12-24,naive_forecast,10625.243353698268,0.0,10625.243353698268,1.6415653633362468,1.5594870951694342,8,8
rte_95,2024-12-25,naive_forecast,9933.01047301808,0.0,9933.01047301808,1.8915653633362468,1.796987095169434,9,9
rte_95,2024-12-26,naive_forecast,7196.710544444095,0.0,7196.710544444095,1.6415653633362468,1.5594870951694342,8,8
rte_95,2024-12-27,naive_forecast,3727.476568831447,0.0,3727.476568831447,1.9047232580730888,1.809487095169434,9,9
rte_95,2024-12-28,naive_forecast,4757.392371452036,0.0,4757.392371452036,2.494331917239027,2.369615321377075,11,12
rte_95,2024-12-29,naive_forecast,7421.471539255887,0.0,7421.471539255887,1.9047232580730888,1.8094870951694342,9,9
rte_95,2024-12-30,naive_forecast,8485.465085553651,0.0,8485.465085553651,2.154723258073089,2.0469870951694342,10,10
rte_95,2024-12-31,naive_forecast,7357.07717358936,0.0,7357.07717358936,1.9047232580730888,1.809487095169434,9,9
rte_95,2025-01-01,naive_forecast,9183.717045918984,0.0,9183.717045918984,2.4103913408340616,2.289871773792358,10,11
rte_95,2025-01-02,naive_forecast,9400.275957949396,0.0,9400.275957949396,2.46302291978143,2.3398717737923582,11,10
rte_95,2025-01-03,naive_forecast,7614.176373280852,0.0,7614.176373280852,2.0519567041703084,1.9493588689617927,10,10
rte_95,2025-01-04,naive_forecast,7124.500120219341,0.0,7124.500120219341,1.6415653633362466,1.5594870951694342,8,8
rte_95,2025-01-05,naive_forecast,5675.538750748307,0.0,5675.538750748307,2.6810390475467734,2.546987095169434,13,12
rte_95,2025-01-06,naive_forecast,5579.578508017498,0.0,5579.578508017498,2.231174022502185,2.119615321377075,10,11
rte_95,2025-01-07,naive_forecast,3785.3013695974937,0.0,3785.3013695974937,2.731174022502185,2.5946153213770753,12,13
rte_95,2025-01-08,naive_forecast,8423.657404983878,0.0,8423.657404983878,1.6415653633362466,1.559487095169434,8,8
rte_95,2025-01-09,naive_forecast,10249.989858173096,0.0,10249.989858173096,1.8915653633362466,1.796987095169434,9,9
rte_95,2025-01-10,naive_forecast,9397.720771997705,0.0,9397.720771997705,2.154723258073089,2.0469870951694342,10,10
rte_95,2025-01-11,naive_forecast,5606.790247144168,0.0,5606.790247144168,1.9047232580730888,1.809487095169434,9,9
rte_95,2025-01-12,naive_forecast,4190.138687587661,0.0,4190.138687587661,2.0519567041703084,1.9493588689617924,10,10
rte_95,2025-01-13,naive_forecast,6780.559201173689,0.0,6780.559201173689,2.1678811528099313,2.059487095169434,10,10
rte_95,2025-01-14,naive_forecast,8359.852761295124,0.0,8359.852761295124,1.6415653633362468,1.559487095169434,8,8
rte_95,2025-01-15,naive_forecast,7186.649014014926,0.0,7186.649014014926,1.7311740225021852,1.6446153213770753,8,9
rte_95,2025-01-16,naive_forecast,10700.675161057965,0.0,10700.675161057965,1.731174022502185,1.6446153213770756,8,9
rte_95,2025-01-17,naive_forecast,9027.73743991805,0.0,9027.73743991805,1.6415653633362464,1.5594870951694342,8,8
rte_95,2025-01-18,naive_forecast,6971.677127325549,0.0,6971.677127325549,2.654723258073089,2.5219870951694343,12,12
rte_95,2025-01-19,naive_forecast,5156.099736928632,0.0,5156.099736928632,1.7311740225021852,1.6446153213770753,8,8
rte_95,2025-01-20,naive_forecast,7080.6899469064365,0.0,7080.6899469064365,1.9047232580730888,1.8094870951694342,9,9
rte_95,2025-01-21,naive_forecast,8159.623668145764,0.0,8159.623668145764,1.6415653633362466,1.5594870951694342,8,8
rte_95,2025-01-22,naive_forecast,9958.568771392838,0.0,9958.568771392838,1.9047232580730888,1.8094870951694342,9,9
rte_95,2025-01-23,naive_forecast,12144.359696917636,0.0,12144.359696917636,1.9047232580730888,1.809487095169434,9,9
rte_95,2025-01-24,naive_forecast,7280.7816902911545,0.0,7280.7816902911545,1.981174022502185,1.8821153213770754,9,10
rte_95,2025-01-25,naive_forecast,10713.702628905172,0.0,10713.702628905172,2.3019567041703084,2.1868588689617923,11,11
rte_95,2025-01-26,naive_forecast,9494.196584443536,0.0,9494.196584443536,2.231174022502185,2.119615321377075,10,11
rte_95,2025-01-27,naive_forecast,4435.902575729523,0.0,4435.902575729523,2.605263157894737,2.4749999999999996,12,10
rte_95,2025-01-28,naive_forecast,6771.701039948404,0.0,6771.701039948404,1.9047232580730888,1.809487095169434,9,9
rte_95,2025-01-29,naive_forecast,7304.029630408693,0.0,7304.029630408693,1.9047232580730888,1.8094870951694342,9,9
rte_95,2025-01-30,naive_forecast,10083.407016035002,0.0,10083.407016035002,1.6415653633362464,1.5594870951694342,8,8
rte_95,2025-01-31,naive_forecast,8357.5296174282,0.0,8357.5296174282,2.1365721553523342,2.029743547584717,10,9
rte_95,2025-02-01,naive_forecast,4994.339048389943,0.0,4994.339048389943,1.9047232580730888,1.8094870951694342,9,9
rte_95,2025-02-02,naive_forecast,2639.555051586916,0.0,2639.555051586916,2.926045839562861,2.779743547584717,14,12
rte_95,2025-02-03,naive_forecast,5203.672308477788,0.0,5203.672308477788,1.731174022502185,1.6446153213770756,8,9
rte_95,2025-02-04,naive_forecast,8173.327117573532,0.0,8173.327117573532,2.154723258073089,2.046987095169434,10,10
rte_95,2025-02-05,naive_forecast,10325.75951479131,0.0,10325.75951479131,1.981174022502185,1.8821153213770754,9,10
rte_95,2025-02-06,naive_forecast,12821.075027813738,0.0,12821.075027813738,1.981174022502185,1.8821153213770754,9,10
rte_95,2025-02-07,naive_forecast,8507.37351477622,0.0,8507.37351477622,1.9811740225021852,1.8821153213770754,9,10
rte_95,2025-02-08,naive_forecast,7704.382972553229,0.0,7704.382972553229,1.8915653633362468,1.7969870951694338,9,9
rte_95,2025-02-09,naive_forecast,5591.373534479954,0.0,5591.373534479954,2.167881152809931,2.059487095169434,11,10
rte_95,2025-02-10,naive_forecast,9759.540096171033,0.0,9759.540096171033,2.199865025044588,2.0898717737923582,10,10
rte_95,2025-02-11,naive_forecast,8413.929165751359,0.0,8413.929165751359,1.6415653633362466,1.5594870951694342,8,8
rte_95,2025-02-12,naive_forecast,7380.523729608964,0.0,7380.523729608964,1.6102563658786497,1.529743547584717,8,7
rte_95,2025-02-13,naive_forecast,8215.54350165372,0.0,8215.54350165372,2.1678811528099313,2.059487095169434,11,10
rte_95,2025-02-14,naive_forecast,11517.827541725059,0.0,11517.827541725059,1.9047232580730888,1.809487095169434,9,9
rte_95,2025-02-15,naive_forecast,7684.169040521766,0.0,7684.169040521766,2.0839405764049657,1.9797435475847167,9,10
rte_95,2025-02-16,naive_forecast,6179.583090642445,0.0,6179.583090642445,2.154723258073089,2.0469870951694342,10,10
rte_95,2025-02-17,naive_forecast,9275.198356003697,0.0,9275.198356003697,1.9047232580730888,1.809487095169434,10,9
rte_95,2025-02-18,naive_forecast,11050.837494635822,0.0,11050.837494635822,1.9811740225021852,1.8821153213770754,9,10
rte_95,2025-02-19,naive_forecast,12618.117908323069,0.0,12618.117908323069,2.481174022502185,2.3571153213770755,11,12
rte_95,2025-02-20,naive_forecast,11913.78218840931,0.0,11913.78218840931,1.6415653633362468,1.5594870951694342,8,8
rte_95,2025-02-21,naive_forecast,11057.360171937175,0.0,11057.360171937175,1.6415653633362468,1.559487095169434,8,8
rte_95,2025-02-22,naive_forecast,10606.4196214932,0.0,10606.4196214932,1.6415653633362468,1.5594870951694342,8,8
rte_95,2025-02-23,naive_forecast,7867.64414862598,0.0,7867.64414862598,1.8915653633362468,1.7969870951694342,9,9
rte_95,2025-02-24,naive_forecast,10453.096744957893,0.0,10453.096744957893,1.6102563658786497,1.529743547584717,8,7
rte_95,2025-02-25,naive_forecast,12898.034958191693,0.0,12898.034958191693,1.8915653633362468,1.796987095169434,9,9
rte_95,2025-02-26,naive_forecast,10470.899306020585,0.0,10470.899306020585,1.8207826816681232,1.7297435475847167,8,9
rte_95,2025-02-27,naive_forecast,10386.739308776441,0.0,10386.739308776441,1.9047232580730888,1.809487095169434,9,9
rte_95,2025-02-28,naive_forecast,6229.289628518202,0.0,6229.289628518202,1.6415653633362468,1.559487095169434,8,8
rte_95,2025-03-01,naive_forecast,10467.371213057166,0.0,10467.371213057166,1.6415653633362466,1.5594870951694342,8,8
rte_95,2025-03-02,naive_forecast,8818.845507705964,0.0,8818.845507705964,1.4811740225021852,1.4071153213770755,7,7
rte_95,2025-03-03,naive_forecast,-480.4453035682892,0.0,-480.4453035682892,1.8915653633362468,1.7969870951694342,9,9
rte_95,2025-03-04,naive_forecast,9081.610126560927,0.0,9081.610126560927,1.3207826816681234,1.254743547584717,6,6
rte_95,2025-03-05,naive_forecast,7532.1529897074515,0.0,7532.1529897074515,1.9047232580730888,1.8094870951694342,10,9
rte_95,2025-03-06,naive_forecast,7376.456349370107,0.0,7376.456349370107,1.9943319172390273,1.8946153213770756,10,10
rte_95,2025-03-07,naive_forecast,12595.21958690074,0.0,12595.21958690074,1.6415653633362466,1.5594870951694342,8,8
rte_95,2025-03-08,naive_forecast,7796.735957789636,0.0,7796.735957789636,1.6415653633362468,1.559487095169434,8,8
rte_95,2025-03-09,naive_forecast,10385.33640724758,0.0,10385.33640724758,2.6810390475467734,2.546987095169434,13,12
rte_95,2025-03-10,naive_forecast,7525.2211591936575,0.0,7525.2211591936575,1.4811740225021852,1.4071153213770755,7,7
rte_95,2025-03-11,naive_forecast,8278.328680391809,0.0,8278.328680391809,1.6415653633362466,1.559487095169434,8,8
rte_95,2025-03-12,naive_forecast,7384.944083978685,0.0,7384.944083978685,1.6415653633362466,1.559487095169434,8,8
rte_95,2025-03-13,naive_forecast,6235.099070707519,0.0,6235.099070707519,1.6415653633362468,1.559487095169434,8,8
rte_95,2025-03-14,naive_forecast,9674.639201027238,0.0,9674.639201027238,2.1415653633362464,2.0344870951694336,10,10
rte_95,2025-03-15,naive_forecast,3630.5589035542507,0.0,3630.5589035542507,1.731174022502185,1.6446153213770753,8,9
rte_95,2025-03-16,naive_forecast,1418.3840350899316,0.0,1418.3840350899316,1.8915653633362466,1.7969870951694342,9,9
rte_95,2025-03-17,naive_forecast,5736.906214861125,0.0,5736.906214861125,1.6415653633362466,1.5594870951694342,8,8
rte_95,2025-03-18,naive_forecast,10265.293094576535,0.0,10265.293094576535,1.6415653633362466,1.5594870951694342,8,8
rte_95,2025-03-19,naive_forecast,9963.92340165732,0.0,9963.92340165732,1.6415653633362468,1.559487095169434,8,8
rte_95,2025-03-20,naive_forecast,9762.279765827428,0.0,9762.279765827428,1.9047232580730888,1.8094870951694342,9,9
rte_95,2025-03-21,naive_forecast,10073.512710944118,0.0,10073.512710944118,1.6415653633362468,1.5594870951694342,8,8
rte_95,2025-03-22,naive_forecast,9219.975860163,0.0,9219.975860163,1.8915653633362466,1.796987095169434,9,9
rte_95,2025-03-23,naive_forecast,8325.182582750085,0.0,8325.182582750085,1.481174022502185,1.4071153213770755,7,7
rte_95,2025-03-24,naive_forecast,1866.045945980725,0.0,1866.045945980725,1.2311740225021852,1.1696153213770755,6,6
rte_95,2025-03-25,naive_forecast,4498.095058647417,0.0,4498.095058647417,1.6415653633362468,1.559487095169434,8,8
rte_95,2025-03-26,naive_forecast,9601.930174613157,0.0,9601.930174613157,1.9047232580730888,1.809487095169434,9,9
rte_95,2025-03-27,naive_forecast,4001.546994372,0.0,4001.546994372,1.8915653633362468,1.796987095169434,9,9
rte_95,2025-03-28,naive_forecast,2625.5086954891276,0.0,2625.5086954891276,2.431039047546773,2.309487095169434,13,11
rte_95,2025-03-29,naive_forecast,6293.003346426982,0.0,6293.003346426982,2.3915653633362464,2.271987095169434,11,11
rte_95,2025-03-30,naive_forecast,9851.692238862388,0.0,9851.692238862388,1.5970984711418077,1.517243547584717,8,7
rte_95,2025-03-31,naive_forecast,3989.532092864003,0.0,3989.532092864003,1.9047232580730888,1.8094870951694342,9,9
rte_95,2024-04-01,lear_forecast,10510.174221425477,0.0,10510.174221425477,1.9047232580730888,1.8094870951694342,10,9
rte_95,2024-04-02,lear_forecast,12738.955776586368,0.0,12738.955776586368,1.6415653633362466,1.559487095169434,8,8
rte_95,2024-04-03,lear_forecast,2744.763196836219,0.0,2744.763196836219,1.6415653633362466,1.559487095169434,8,8
rte_95,2024-04-04,lear_forecast,5228.472333994997,0.0,5228.472333994997,2.141565363336247,2.034487095169434,10,10
rte_95,2024-04-05,lear_forecast,5851.289111983274,0.0,5851.289111983274,1.6415653633362466,1.559487095169434,8,8
rte_95,2024-04-06,lear_forecast,8570.519455365058,0.0,8570.519455365058,1.6415653633362468,1.559487095169434,8,8
rte_95,2024-04-07,lear_forecast,10002.150960523304,0.0,10002.150960523304,1.8915653633362468,1.796987095169434,9,9
rte_95,2024-04-08,lear_forecast,3443.003398581948,0.0,3443.003398581948,1.6415653633362468,1.559487095169434,8,8
rte_95,2024-04-09,lear_forecast,5236.311044537065,0.0,5236.311044537065,1.6415653633362468,1.559487095169434,8,8
rte_95,2024-04-10,lear_forecast,13211.764578926048,0.0,13211.764578926048,1.7311740225021852,1.6446153213770756,8,9
rte_95,2024-04-11,lear_forecast,9961.795661929771,0.0,9961.795661929771,2.1415653633362464,2.034487095169434,10,10
rte_95,2024-04-12,lear_forecast,10328.238854570078,0.0,10328.238854570078,1.6415653633362468,1.5594870951694342,8,8
rte_95,2024-04-13,lear_forecast,10558.081472862317,0.0,10558.081472862317,1.6415653633362466,1.559487095169434,8,8
rte_95,2024-04-14,lear_forecast,8819.427527036027,0.0,8819.427527036027,1.9047232580730888,1.809487095169434,10,9
rte_95,2024-04-15,lear_forecast,10451.680303131152,0.0,10451.680303131152,1.6415653633362466,1.559487095169434,8,8
rte_95,2024-04-16,lear_forecast,4502.290743797867,0.0,4502.290743797867,1.6415653633362468,1.5594870951694342,8,8
rte_95,2024-04-17,lear_forecast,10396.02966584433,0.0,10396.02966584433,1.6415653633362468,1.559487095169434,8,8
rte_95,2024-04-18,lear_forecast,7260.492545157685,0.0,7260.492545157685,1.6415653633362468,1.559487095169434,8,8
rte_95,2024-04-19,lear_forecast,9138.959556750486,0.0,9138.959556750486,1.6415653633362466,1.559487095169434,8,8
rte_95,2024-04-20,lear_forecast,8204.009335050294,0.0,8204.009335050294,1.8915653633362468,1.7969870951694342,9,9
rte_95,2024-04-21,lear_forecast,3586.325845939936,0.0,3586.325845939936,2.0839405764049657,1.9797435475847167,9,10
rte_95,2024-04-22,lear_forecast,2812.7655476148884,0.0,2812.7655476148884,1.6415653633362468,1.5594870951694342,8,8
rte_95,2024-04-23,lear_forecast,2989.7094367641303,0.0,2989.7094367641303,1.5970984711418075,1.517243547584717,8,7
rte_95,2024-04-24,lear_forecast,3283.3424790126396,0.0,3283.3424790126396,1.8734142606154918,1.779743547584717,9,8
rte_95,2024-04-25,lear_forecast,10207.920374195468,0.0,10207.920374195468,1.9811740225021852,1.8821153213770754,9,10
rte_95,2024-04-26,lear_forecast,5734.982184992232,0.0,5734.982184992232,1.6415653633362468,1.559487095169434,8,8
rte_95,2024-04-27,lear_forecast,7185.946314538011,0.0,7185.946314538011,1.481174022502185,1.4071153213770755,7,7
rte_95,2024-04-28,lear_forecast,9862.281566976455,0.0,9862.281566976455,1.9811740225021848,1.8821153213770754,9,10
rte_95,2024-04-29,lear_forecast,6207.046358205724,0.0,6207.046358205724,2.141565363336247,2.034487095169434,10,10
rte_95,2024-04-30,lear_forecast,3356.6740077687614,0.0,3356.6740077687614,2.320782681668123,2.204743547584717,10,11
rte_95,2024-05-01,lear_forecast,1204.54926585872,0.0,1204.54926585872,1.9047232580730888,1.8094870951694342,10,9
rte_95,2024-05-02,lear_forecast,7760.182806169909,0.0,7760.182806169909,1.8734142606154918,1.779743547584717,10,8
rte_95,2024-05-03,lear_forecast,10172.30171802947,0.0,10172.30171802947,1.8915653633362468,1.7969870951694342,9,9
rte_95,2024-05-04,lear_forecast,9136.05251966932,0.0,9136.05251966932,2.154723258073089,2.046987095169434,11,10
rte_95,2024-05-05,lear_forecast,9537.031022960595,0.0,9537.031022960595,2.9310390475467734,2.7844870951694336,13,13
rte_95,2024-05-06,lear_forecast,2690.0207350643263,0.0,2690.0207350643263,2.167881152809931,2.059487095169434,11,10
rte_95,2024-05-07,lear_forecast,4786.250569277889,0.0,4786.250569277889,2.1415653633362464,2.0344870951694345,10,10
rte_95,2024-05-08,lear_forecast,5689.371310000388,0.0,5689.371310000388,2.1415653633362464,2.034487095169434,10,10
rte_95,2024-05-09,lear_forecast,10318.099153505318,0.0,10318.099153505318,1.8915653633362466,1.796987095169434,9,9
rte_95,2024-05-10,lear_forecast,10483.374319633458,0.0,10483.374319633458,2.1415653633362464,2.034487095169434,10,10
rte_95,2024-05-11,lear_forecast,11585.00712349574,0.0,11585.00712349574,2.231174022502185,2.1196153213770756,10,10
rte_95,2024-05-12,lear_forecast,6057.581028829556,0.0,6057.581028829556,2.333940576404965,2.217243547584717,11,11
rte_95,2024-05-13,lear_forecast,5509.043129657158,0.0,5509.043129657158,2.3997300500891763,2.279743547584717,11,10
rte_95,2024-05-14,lear_forecast,10038.643864575033,0.0,10038.643864575033,1.981174022502185,1.8821153213770754,9,9
rte_95,2024-05-15,lear_forecast,12205.476852771439,0.0,12205.476852771439,2.154723258073089,2.046987095169434,10,10
rte_95,2024-05-16,lear_forecast,10717.044584071655,0.0,10717.044584071655,1.6415653633362468,1.5594870951694342,8,8
rte_95,2024-05-17,lear_forecast,12767.78751817822,0.0,12767.78751817822,1.6415653633362468,1.559487095169434,8,8
rte_95,2024-05-18,lear_forecast,7966.681220663512,0.0,7966.681220663512,2.404723258073089,2.284487095169434,11,11
rte_95,2024-05-19,lear_forecast,7964.890387289131,0.0,7964.890387289131,2.3339405764049657,2.217243547584717,10,11
rte_95,2024-05-20,lear_forecast,9382.28974814955,0.0,9382.28974814955,2.4811740225021848,2.3571153213770755,11,11
rte_95,2024-05-21,lear_forecast,12906.20387264735,0.0,12906.20387264735,1.873414260615492,1.779743547584717,9,8
rte_95,2024-05-22,lear_forecast,10994.803236758442,0.0,10994.803236758442,2.1365721553523342,2.029743547584717,11,9
rte_95,2024-05-23,lear_forecast,7454.33902500286,0.0,7454.33902500286,2.1365721553523342,2.029743547584717,11,9
rte_95,2024-05-24,lear_forecast,9613.0637768979,0.0,9613.0637768979,2.1415653633362464,2.034487095169434,10,10
rte_95,2024-05-25,lear_forecast,8644.270211983667,0.0,8644.270211983667,1.8602563658786497,1.7672435475847168,9,8
rte_95,2024-05-26,lear_forecast,10839.542105828958,0.0,10839.542105828958,2.417881152809931,2.296987095169434,12,11
rte_95,2024-05-27,lear_forecast,5345.45885251983,0.0,5345.45885251983,2.231174022502185,2.1196153213770756,10,11
rte_95,2024-05-28,lear_forecast,5110.065508751076,0.0,5110.065508751076,2.231174022502185,2.1196153213770756,10,10
rte_95,2024-05-29,lear_forecast,10054.420114641047,0.0,10054.420114641047,2.431039047546773,2.309487095169434,12,11
rte_95,2024-05-30,lear_forecast,4765.831201669835,0.0,4765.831201669835,1.873414260615492,1.779743547584717,10,8
rte_95,2024-05-31,lear_forecast,1037.383899260708,0.0,1037.383899260708,2.0074898119758693,1.9071153213770757,10,9
rte_95,2024-06-01,lear_forecast,7030.802581531913,0.0,7030.802581531913,2.1547232580730893,2.0469870951694342,11,10
rte_95,2024-06-02,lear_forecast,8383.074532912971,0.0,8383.074532912971,2.154723258073089,2.0469870951694342,10,10
rte_95,2024-06-03,lear_forecast,9097.358390436402,0.0,9097.358390436402,2.141565363336247,2.034487095169434,10,10
rte_95,2024-06-04,lear_forecast,9222.040504535174,0.0,9222.040504535174,1.231174022502185,1.1696153213770757,6,6
rte_95,2024-06-05,lear_forecast,10497.830106681899,0.0,10497.830106681899,1.4811740225021852,1.4071153213770755,7,7
rte_95,2024-06-06,lear_forecast,4159.158812269198,0.0,4159.158812269198,1.7311740225021852,1.6446153213770756,8,8
rte_95,2024-06-07,lear_forecast,3874.410711881385,0.0,3874.410711881385,1.7443319172390273,1.6571153213770757,9,8
rte_95,2024-06-08,lear_forecast,9884.14499827147,0.0,9884.14499827147,1.481174022502185,1.4071153213770755,7,7
rte_95,2024-06-09,lear_forecast,2385.286896157367,0.0,2385.286896157367,1.8207826816681232,1.7297435475847167,8,9
rte_95,2024-06-10,lear_forecast,5848.927312502851,0.0,5848.927312502851,1.2311740225021852,1.1696153213770757,6,6
rte_95,2024-06-11,lear_forecast,10716.961270774882,0.0,10716.961270774882,1.231174022502185,1.1696153213770757,6,6
rte_95,2024-06-12,lear_forecast,8072.797922543934,0.0,8072.797922543934,1.4811740225021852,1.4071153213770755,7,7
rte_95,2024-06-13,lear_forecast,8657.158436300815,0.0,8657.158436300815,1.4943319172390273,1.4196153213770755,8,7
rte_95,2024-06-14,lear_forecast,9207.882845555176,0.0,9207.882845555176,1.731174022502185,1.6446153213770756,8,8
rte_95,2024-06-15,lear_forecast,6293.494932769905,0.0,6293.494932769905,1.4811740225021852,1.4071153213770755,7,7
rte_95,2024-06-16,lear_forecast,14458.088733818184,0.0,14458.088733818184,1.481174022502185,1.4071153213770755,7,7
rte_95,2024-06-17,lear_forecast,6199.888342783563,0.0,6199.888342783563,1.9047232580730888,1.8094870951694342,9,9
rte_95,2024-06-18,lear_forecast,5619.7302348005005,0.0,5619.7302348005005,1.7311740225021852,1.6446153213770756,8,8
rte_95,2024-06-19,lear_forecast,9861.673289392684,0.0,9861.673289392684,1.4811740225021848,1.4071153213770755,7,7
rte_95,2024-06-20,lear_forecast,5291.49550339023,0.0,5291.49550339023,1.4943319172390273,1.4196153213770755,8,7
rte_95,2024-06-21,lear_forecast,2132.7403903733934,0.0,2132.7403903733934,1.4943319172390273,1.4196153213770755,8,7
rte_95,2024-06-22,lear_forecast,2834.768511871709,0.0,2834.768511871709,1.2311740225021852,1.1696153213770755,6,6
rte_95,2024-06-23,lear_forecast,3614.991134887968,0.0,3614.991134887968,1.494331917239027,1.4196153213770755,8,7
rte_95,2024-06-24,lear_forecast,5305.554524645399,0.0,5305.554524645399,1.8734142606154922,1.779743547584717,9,8
rte_95,2024-06-25,lear_forecast,5690.928610330423,0.0,5690.928610330423,2.0206477067127113,1.9196153213770757,10,9
rte_95,2024-06-26,lear_forecast,2860.359668438223,0.0,2860.359668438223,1.4943319172390273,1.4196153213770757,8,7
rte_95,2024-06-27,lear_forecast,2104.4399590659505,0.0,2104.4399590659505,1.481174022502185,1.4071153213770753,7,7
rte_95,2024-06-28,lear_forecast,1092.6631449253348,0.0,1092.6631449253348,1.7574898119758693,1.6696153213770755,9,8
rte_95,2024-06-29,lear_forecast,8765.818107335144,0.0,8765.818107335144,1.2311740225021852,1.1696153213770755,6,6
rte_95,2024-06-30,lear_forecast,2761.3073950543603,0.0,2761.3073950543603,1.231174022502185,1.1696153213770755,6,6
rte_95,2024-07-01,lear_forecast,3180.4852444393487,0.0,3180.4852444393487,1.873414260615492,1.779743547584717,9,8
rte_95,2024-07-02,lear_forecast,2770.166154147917,0.0,2770.166154147917,1.873414260615492,1.779743547584717,9,8
rte_95,2024-07-03,lear_forecast,6355.146183013425,0.0,6355.146183013425,1.4943319172390273,1.4196153213770757,8,7
rte_95,2024-07-04,lear_forecast,8803.163494821763,0.0,8803.163494821763,1.731174022502185,1.6446153213770756,8,8
rte_95,2024-07-05,lear_forecast,8764.259279034472,0.0,8764.259279034472,1.7574898119758693,1.6696153213770757,9,8
rte_95,2024-07-06,lear_forecast,5391.025526664143,0.0,5391.025526664143,1.7574898119758693,1.6696153213770755,9,8
rte_95,2024-07-07,lear_forecast,9862.63122841852,0.0,9862.63122841852,1.4943319172390273,1.4196153213770755,8,7
rte_95,2024-07-08,lear_forecast,9199.82523807557,0.0,9199.82523807557,1.9498650250445881,1.8523717737923584,9,9
rte_95,2024-07-09,lear_forecast,11900.987485294298,0.0,11900.987485294298,1.7574898119758693,1.6696153213770757,9,8
rte_95,2024-07-10,lear_forecast,12377.814234554635,0.0,12377.814234554635,1.7574898119758693,1.6696153213770757,9,8
rte_95,2024-07-11,lear_forecast,8180.136274480428,0.0,8180.136274480428,1.7574898119758693,1.6696153213770755,9,8
rte_95,2024-07-12,lear_forecast,2142.856785514739,0.0,2142.856785514739,1.8734142606154922,1.779743547584717,9,8
rte_95,2024-07-13,lear_forecast,4607.646611314278,0.0,4607.646611314278,1.4943319172390273,1.4196153213770755,8,7
rte_95,2024-07-14,lear_forecast,2356.425540532199,0.0,2356.425540532199,1.744331917239027,1.6571153213770755,9,8
rte_95,2024-07-15,lear_forecast,3113.763481475167,0.0,3113.763481475167,1.3207826816681234,1.254743547584717,6,6
rte_95,2024-07-16,lear_forecast,1958.8776590376815,0.0,1958.8776590376815,1.7574898119758693,1.6696153213770755,9,8
rte_95,2024-07-17,lear_forecast,2254.487179953139,0.0,2254.487179953139,2.0206477067127118,1.9196153213770755,10,9
rte_95,2024-07-18,lear_forecast,7269.726928313485,0.0,7269.726928313485,1.873414260615492,1.779743547584717,9,8
rte_95,2024-07-19,lear_forecast,7244.799562135729,0.0,7244.799562135729,2.0206477067127118,1.9196153213770757,10,9
rte_95,2024-07-20,lear_forecast,5873.531068858298,0.0,5873.531068858298,1.6603913408340616,1.5773717737923583,7,8
rte_95,2024-07-21,lear_forecast,9099.146428710888,0.0,9099.146428710888,1.4943319172390273,1.4196153213770755,8,7
rte_95,2024-07-22,lear_forecast,12965.203393300977,0.0,12965.203393300977,1.7574898119758693,1.6696153213770755,9,8
rte_95,2024-07-23,lear_forecast,13863.80443934024,0.0,13863.80443934024,1.7311740225021848,1.6446153213770756,8,8
rte_95,2024-07-24,lear_forecast,10102.005221542633,0.0,10102.005221542633,1.9943319172390273,1.8946153213770758,10,9
rte_95,2024-07-25,lear_forecast,6400.722992849399,0.0,6400.722992849399,1.9811740225021848,1.8821153213770756,9,9
rte_95,2024-07-26,lear_forecast,7670.966389460978,0.0,7670.966389460978,1.7574898119758693,1.6696153213770755,9,8
rte_95,2024-07-27,lear_forecast,7181.153793510714,0.0,7181.153793510714,1.7311740225021852,1.6446153213770756,8,8
rte_95,2024-07-28,lear_forecast,9039.571344592847,0.0,9039.571344592847,1.231174022502185,1.1696153213770755,6,6
rte_95,2024-07-29,lear_forecast,10491.412806500519,0.0,10491.412806500519,1.731174022502185,1.6446153213770756,8,8
rte_95,2024-07-30,lear_forecast,13516.310783174238,0.0,13516.310783174238,1.731174022502185,1.6446153213770756,8,8
rte_95,2024-07-31,lear_forecast,12165.324443802434,0.0,12165.324443802434,1.731174022502185,1.6446153213770756,8,8
rte_95,2024-08-01,lear_forecast,14980.328311790136,0.0,14980.328311790136,1.9630229197814302,1.8648717737923586,9,8
rte_95,2024-08-02,lear_forecast,6558.724655362308,0.0,6558.724655362308,1.9630229197814302,1.8648717737923584,9,8
rte_95,2024-08-03,lear_forecast,5337.811561071994,0.0,5337.811561071994,1.4103913408340616,1.3398717737923582,6,7
rte_95,2024-08-04,lear_forecast,6560.536540946681,0.0,6560.536540946681,1.231174022502185,1.1696153213770755,6,6
rte_95,2024-08-05,lear_forecast,5942.382683354468,0.0,5942.382683354468,1.6102563658786497,1.529743547584717,8,7
rte_95,2024-08-06,lear_forecast,8609.529762787546,0.0,8609.529762787546,1.731174022502185,1.6446153213770756,8,8
rte_95,2024-08-07,lear_forecast,5292.7230253006355,0.0,5292.7230253006355,2.0206477067127113,1.9196153213770755,10,9
rte_95,2024-08-08,lear_forecast,7570.9192330102915,0.0,7570.9192330102915,1.8734142606154922,1.779743547584717,9,8
rte_95,2024-08-09,lear_forecast,6539.446194263187,0.0,6539.446194263187,2.0206477067127118,1.9196153213770757,10,9
rte_95,2024-08-10,lear_forecast,6123.274391913741,0.0,6123.274391913741,1.231174022502185,1.1696153213770755,6,6
rte_95,2024-08-11,lear_forecast,6258.866848881736,0.0,6258.866848881736,1.231174022502185,1.1696153213770755,6,6
rte_95,2024-08-12,lear_forecast,4700.541882875104,0.0,4700.541882875104,1.7574898119758693,1.6696153213770757,9,8
rte_95,2024-08-13,lear_forecast,4224.027880072201,0.0,4224.027880072201,2.0206477067127113,1.9196153213770755,10,9
rte_95,2024-08-14,lear_forecast,4861.461802043232,0.0,4861.461802043232,1.494331917239027,1.4196153213770755,8,7
rte_95,2024-08-15,lear_forecast,4488.407573264343,0.0,4488.407573264343,1.6102563658786497,1.529743547584717,8,7
rte_95,2024-08-16,lear_forecast,4882.621826535317,0.0,4882.621826535317,1.731174022502185,1.6446153213770756,8,8
rte_95,2024-08-17,lear_forecast,7822.143785460588,0.0,7822.143785460588,1.231174022502185,1.1696153213770755,6,6
rte_95,2024-08-18,lear_forecast,8132.492028622753,0.0,8132.492028622753,1.231174022502185,1.1696153213770755,6,6
rte_95,2024-08-19,lear_forecast,6623.8245844244575,0.0,6623.8245844244575,1.7574898119758693,1.6696153213770755,9,8
rte_95,2024-08-20,lear_forecast,6922.742545623653,0.0,6922.742545623653,1.7574898119758693,1.6696153213770755,9,8
rte_95,2024-08-21,lear_forecast,5813.030882394046,0.0,5813.030882394046,1.8734142606154918,1.779743547584717,9,8
rte_95,2024-08-22,lear_forecast,6253.107916759294,0.0,6253.107916759294,1.7574898119758693,1.6696153213770755,9,8
rte_95,2024-08-23,lear_forecast,6537.332538438894,0.0,6537.332538438894,1.8734142606154922,1.779743547584717,9,8
rte_95,2024-08-24,lear_forecast,5504.204329538582,0.0,5504.204329538582,1.4943319172390273,1.4196153213770755,8,7
rte_95,2024-08-25,lear_forecast,3909.1887615764867,0.0,3909.1887615764867,1.231174022502185,1.1696153213770755,6,6
rte_95,2024-08-26,lear_forecast,5927.172532541086,0.0,5927.172532541086,1.6102563658786497,1.529743547584717,8,7
rte_95,2024-08-27,lear_forecast,7618.454599910077,0.0,7618.454599910077,1.6102563658786497,1.529743547584717,8,7
rte_95,2024-08-28,lear_forecast,5271.634791475548,0.0,5271.634791475548,1.873414260615492,1.779743547584717,9,8
rte_95,2024-08-29,lear_forecast,4616.391858189968,0.0,4616.391858189968,1.6102563658786497,1.529743547584717,8,7
rte_95,2024-08-30,lear_forecast,11807.517358937514,0.0,11807.517358937514,1.3470984711418077,1.279743547584717,7,6
rte_95,2024-08-31,lear_forecast,2233.139740594239,0.0,2233.139740594239,1.9047232580730888,1.809487095169434,9,9
rte_95,2024-09-01,lear_forecast,6589.785253936186,0.0,6589.785253936186,1.5970984711418075,1.517243547584717,8,7
rte_95,2024-09-02,lear_forecast,6635.364171016784,0.0,6635.364171016784,1.6102563658786497,1.529743547584717,8,7
rte_95,2024-09-03,lear_forecast,4933.158318655379,0.0,4933.158318655379,1.6102563658786497,1.529743547584717,8,7
rte_95,2024-09-04,lear_forecast,5979.339495695568,0.0,5979.339495695568,1.873414260615492,1.779743547584717,9,8
rte_95,2024-09-05,lear_forecast,7375.011975726684,0.0,7375.011975726684,1.8602563658786497,1.7672435475847168,9,8
rte_95,2024-09-06,lear_forecast,6223.600691472045,0.0,6223.600691472045,1.981174022502185,1.8821153213770756,9,9
rte_95,2024-09-07,lear_forecast,4709.807979065671,0.0,4709.807979065671,1.231174022502185,1.1696153213770755,6,6
rte_95,2024-09-08,lear_forecast,6387.650398612121,0.0,6387.650398612121,1.4811740225021848,1.4071153213770757,7,7
rte_95,2024-09-09,lear_forecast,14244.879006978827,0.0,14244.879006978827,2.0206477067127113,1.9196153213770755,10,9
rte_95,2024-09-10,lear_forecast,11252.035097704273,0.0,11252.035097704273,1.9498650250445881,1.8523717737923584,9,9
rte_95,2024-09-11,lear_forecast,14451.401550381388,0.0,14451.401550381388,1.6102563658786497,1.529743547584717,8,7
rte_95,2024-09-12,lear_forecast,10237.294927999288,0.0,10237.294927999288,1.873414260615492,1.779743547584717,10,8
rte_95,2024-09-13,lear_forecast,10507.957968204202,0.0,10507.957968204202,1.873414260615492,1.779743547584717,10,8
rte_95,2024-09-14,lear_forecast,6583.763452008324,0.0,6583.763452008324,1.981174022502185,1.8821153213770754,9,9
rte_95,2024-09-15,lear_forecast,2847.954177921966,0.0,2847.954177921966,2.2311740225021848,2.1196153213770756,10,10
rte_95,2024-09-16,lear_forecast,4363.12100758814,0.0,4363.12100758814,1.873414260615492,1.779743547584717,9,8
rte_95,2024-09-17,lear_forecast,17055.21505129401,0.0,17055.21505129401,1.6102563658786497,1.529743547584717,8,7
rte_95,2024-09-18,lear_forecast,16699.210446568926,0.0,16699.210446568926,1.6867071303077459,1.6023717737923584,8,8
rte_95,2024-09-19,lear_forecast,19548.25268506521,0.0,19548.25268506521,1.7574898119758693,1.6696153213770755,9,8
rte_95,2024-09-20,lear_forecast,17446.40490049173,0.0,17446.40490049173,1.7574898119758693,1.6696153213770755,9,8
rte_95,2024-09-21,lear_forecast,2042.3364462445459,0.0,2042.3364462445459,2.231174022502185,2.1196153213770756,10,10
rte_95,2024-09-22,lear_forecast,3523.248319713795,0.0,3523.248319713795,1.4811740225021852,1.4071153213770757,7,7
rte_95,2024-09-23,lear_forecast,2734.067803691424,0.0,2734.067803691424,1.5707826816681232,1.492243547584717,7,7
rte_95,2024-09-24,lear_forecast,7877.401192652272,0.0,7877.401192652272,1.9943319172390273,1.8946153213770756,10,9
rte_95,2024-09-25,lear_forecast,5218.207220705236,0.0,5218.207220705236,2.141565363336247,2.0344870951694345,10,10
rte_95,2024-09-26,lear_forecast,7227.373606283166,0.0,7227.373606283166,2.136572155352334,2.029743547584717,10,9
rte_95,2024-09-27,lear_forecast,4672.256501474887,0.0,4672.256501474887,1.981174022502185,1.8821153213770756,9,9
rte_95,2024-09-28,lear_forecast,3004.983831540245,0.0,3004.983831540245,1.231174022502185,1.1696153213770757,6,6
rte_95,2024-09-29,lear_forecast,2660.473306955188,0.0,2660.473306955188,1.481174022502185,1.4071153213770757,7,7
rte_95,2024-09-30,lear_forecast,4599.5761509260865,0.0,4599.5761509260865,1.873414260615492,1.779743547584717,9,8
rte_95,2024-10-01,lear_forecast,6815.119230414196,0.0,6815.119230414196,1.9047232580730888,1.809487095169434,9,9
rte_95,2024-10-02,lear_forecast,7243.434891835853,0.0,7243.434891835853,1.981174022502185,1.8821153213770754,9,9
rte_95,2024-10-03,lear_forecast,7463.574678738291,0.0,7463.574678738291,1.5839405764049654,1.504743547584717,7,7
rte_95,2024-10-04,lear_forecast,7024.4312440505955,0.0,7024.4312440505955,1.873414260615492,1.779743547584717,9,8
rte_95,2024-10-05,lear_forecast,4196.370643779272,0.0,4196.370643779272,1.4811740225021852,1.4071153213770755,7,7
rte_95,2024-10-06,lear_forecast,8128.012048406362,0.0,8128.012048406362,1.981174022502185,1.8821153213770754,9,9
rte_95,2024-10-07,lear_forecast,6689.448286829874,0.0,6689.448286829874,1.731174022502185,1.6446153213770756,8,9
rte_95,2024-10-08,lear_forecast,5783.720427249085,0.0,5783.720427249085,1.8339405764049654,1.742243547584717,8,8
rte_95,2024-10-09,lear_forecast,7482.08893934269,0.0,7482.08893934269,1.731174022502185,1.6446153213770756,8,9
rte_95,2024-10-10,lear_forecast,10475.826060883606,0.0,10475.826060883606,1.981174022502185,1.8821153213770754,9,10
rte_95,2024-10-11,lear_forecast,14213.890316306899,0.0,14213.890316306899,1.6415653633362468,1.559487095169434,8,8
rte_95,2024-10-12,lear_forecast,10485.040530906652,0.0,10485.040530906652,1.731174022502185,1.6446153213770756,8,8
rte_95,2024-10-13,lear_forecast,10797.067946598894,0.0,10797.067946598894,1.8915653633362466,1.796987095169434,9,9
rte_95,2024-10-14,lear_forecast,8249.050879434046,0.0,8249.050879434046,1.6415653633362468,1.559487095169434,8,8
rte_95,2024-10-15,lear_forecast,9524.637441626588,0.0,9524.637441626588,1.6415653633362468,1.559487095169434,8,8
rte_95,2024-10-16,lear_forecast,6171.717655713777,0.0,6171.717655713777,1.6415653633362468,1.5594870951694342,8,8
rte_95,2024-10-17,lear_forecast,10230.53935370891,0.0,10230.53935370891,1.9047232580730888,1.8094870951694342,9,9
rte_95,2024-10-18,lear_forecast,9170.144346140294,0.0,9170.144346140294,1.9047232580730888,1.809487095169434,9,9
rte_95,2024-10-19,lear_forecast,3825.040811740218,0.0,3825.040811740218,1.9047232580730888,1.809487095169434,9,9
rte_95,2024-10-20,lear_forecast,11370.574062220265,0.0,11370.574062220265,1.6415653633362468,1.5594870951694342,8,8
rte_95,2024-10-21,lear_forecast,8853.711113721987,0.0,8853.711113721987,1.6415653633362468,1.5594870951694342,8,8
rte_95,2024-10-22,lear_forecast,6933.372226245792,0.0,6933.372226245792,1.9047232580730888,1.8094870951694342,9,9
rte_95,2024-10-23,lear_forecast,5870.468329301603,0.0,5870.468329301603,1.6415653633362468,1.559487095169434,8,8
rte_95,2024-10-24,lear_forecast,6811.549981316947,0.0,6811.549981316947,1.6415653633362468,1.559487095169434,8,8
rte_95,2024-10-25,lear_forecast,7276.8764226067315,0.0,7276.8764226067315,1.6415653633362468,1.5594870951694342,8,8
rte_95,2024-10-26,lear_forecast,4146.757946181749,0.0,4146.757946181749,1.7311740225021852,1.6446153213770756,8,9
rte_95,2024-10-27,lear_forecast,3852.516954900207,0.0,3852.516954900207,1.6415653633362466,1.5594870951694342,8,8
rte_95,2024-10-28,lear_forecast,9236.630412566705,0.0,9236.630412566705,1.6415653633362468,1.559487095169434,8,8
rte_95,2024-10-29,lear_forecast,6540.965215358599,0.0,6540.965215358599,1.6415653633362468,1.5594870951694342,8,8
rte_95,2024-10-30,lear_forecast,6798.273201790982,0.0,6798.273201790982,1.7311740225021852,1.6446153213770753,8,9
rte_95,2024-10-31,lear_forecast,6002.79141001898,0.0,6002.79141001898,1.6415653633362468,1.559487095169434,8,8
rte_95,2024-11-01,lear_forecast,3118.8541232041907,0.0,3118.8541232041907,1.6415653633362468,1.5594870951694342,8,8
rte_95,2024-11-02,lear_forecast,-240.8809659351916,0.0,-240.8809659351916,1.731174022502185,1.6446153213770756,8,8
rte_95,2024-11-03,lear_forecast,10323.88139500154,0.0,10323.88139500154,1.7894736842105263,1.6999999999999997,8,8
rte_95,2024-11-04,lear_forecast,10797.501980834557,0.0,10797.501980834557,1.7311740225021852,1.6446153213770756,8,9
rte_95,2024-11-05,lear_forecast,7555.7679849301885,0.0,7555.7679849301885,1.9047232580730888,1.809487095169434,9,9
rte_95,2024-11-06,lear_forecast,9073.113937833843,0.0,9073.113937833843,1.9047232580730888,1.809487095169434,9,9
rte_95,2024-11-07,lear_forecast,10562.922516520717,0.0,10562.922516520717,1.9047232580730888,1.809487095169434,9,9
rte_95,2024-11-08,lear_forecast,9265.117331678475,0.0,9265.117331678475,1.731174022502185,1.6446153213770756,8,8
rte_95,2024-11-09,lear_forecast,6826.416097433132,0.0,6826.416097433132,1.9047232580730888,1.8094870951694342,9,9
rte_95,2024-11-10,lear_forecast,5472.82543149604,0.0,5472.82543149604,1.6415653633362466,1.5594870951694342,8,8
rte_95,2024-11-11,lear_forecast,10665.365067380957,0.0,10665.365067380957,1.6415653633362468,1.559487095169434,8,8
rte_95,2024-11-12,lear_forecast,11301.610144689232,0.0,11301.610144689232,1.9047232580730888,1.809487095169434,9,9
rte_95,2024-11-13,lear_forecast,11407.436823022817,0.0,11407.436823022817,1.6415653633362466,1.559487095169434,8,8
rte_95,2024-11-14,lear_forecast,8879.174856537784,0.0,8879.174856537784,1.9047232580730888,1.809487095169434,9,9
rte_95,2024-11-15,lear_forecast,4843.153257971015,0.0,4843.153257971015,1.6415653633362468,1.559487095169434,8,8
rte_95,2024-11-16,lear_forecast,3180.0028387786983,0.0,3180.0028387786983,1.9047232580730888,1.809487095169434,9,9
rte_95,2024-11-17,lear_forecast,5048.385682225941,0.0,5048.385682225941,1.731174022502185,1.6446153213770756,8,9
rte_95,2024-11-18,lear_forecast,8010.425100948293,0.0,8010.425100948293,1.6415653633362466,1.5594870951694342,8,8
rte_95,2024-11-19,lear_forecast,10379.426865141742,0.0,10379.426865141742,1.9047232580730888,1.809487095169434,9,9
rte_95,2024-11-20,lear_forecast,10291.3835061625,0.0,10291.3835061625,1.9047232580730888,1.809487095169434,9,9
rte_95,2024-11-21,lear_forecast,12494.623571202543,0.0,12494.623571202543,1.7311740225021852,1.6446153213770756,8,9
rte_95,2024-11-22,lear_forecast,7532.820453842456,0.0,7532.820453842456,1.6415653633362468,1.559487095169434,8,8
rte_95,2024-11-23,lear_forecast,5878.063536814222,0.0,5878.063536814222,1.9047232580730888,1.8094870951694342,9,9
rte_95,2024-11-24,lear_forecast,6177.524732391004,0.0,6177.524732391004,1.7311740225021852,1.6446153213770756,8,8
rte_95,2024-11-25,lear_forecast,13739.50831730185,0.0,13739.50831730185,1.6415653633362468,1.5594870951694342,8,8
rte_95,2024-11-26,lear_forecast,10361.454795438483,0.0,10361.454795438483,1.9047232580730888,1.8094870951694342,9,9
rte_95,2024-11-27,lear_forecast,9112.112177967228,0.0,9112.112177967228,1.6415653633362466,1.5594870951694342,8,8
rte_95,2024-11-28,lear_forecast,9197.643085501284,0.0,9197.643085501284,1.6415653633362466,1.5594870951694342,8,8
rte_95,2024-11-29,lear_forecast,6004.026663577965,0.0,6004.026663577965,1.6415653633362468,1.559487095169434,8,8
rte_95,2024-11-30,lear_forecast,3372.87117762153,0.0,3372.87117762153,1.9047232580730888,1.809487095169434,9,9
rte_95,2024-12-01,lear_forecast,10420.521806143726,0.0,10420.521806143726,1.8207826816681232,1.7297435475847167,8,9
rte_95,2024-12-02,lear_forecast,11333.840537419093,0.0,11333.840537419093,1.6415653633362468,1.5594870951694342,8,8
rte_95,2024-12-03,lear_forecast,8443.370711255653,0.0,8443.370711255653,1.6415653633362468,1.5594870951694342,8,8
rte_95,2024-12-04,lear_forecast,8939.569977535964,0.0,8939.569977535964,1.9047232580730888,1.8094870951694342,9,9
rte_95,2024-12-05,lear_forecast,8052.5904625759995,0.0,8052.5904625759995,1.6415653633362468,1.559487095169434,8,8
rte_95,2024-12-06,lear_forecast,8506.788943236836,0.0,8506.788943236836,1.9047232580730888,1.809487095169434,9,9
rte_95,2024-12-07,lear_forecast,5048.288445762159,0.0,5048.288445762159,1.6415653633362468,1.5594870951694342,8,8
rte_95,2024-12-08,lear_forecast,7773.225633059818,0.0,7773.225633059818,1.6102563658786497,1.529743547584717,8,7
rte_95,2024-12-09,lear_forecast,8330.487406179858,0.0,8330.487406179858,1.7311740225021852,1.6446153213770756,8,9
rte_95,2024-12-10,lear_forecast,8765.976063524087,0.0,8765.976063524087,1.9047232580730888,1.809487095169434,9,9
rte_95,2024-12-11,lear_forecast,10348.171598056413,0.0,10348.171598056413,1.6415653633362466,1.5594870951694342,8,8
rte_95,2024-12-12,lear_forecast,10703.508032662903,0.0,10703.508032662903,1.6415653633362466,1.5594870951694342,8,8
rte_95,2024-12-13,lear_forecast,9626.323770214607,0.0,9626.323770214607,1.6415653633362466,1.5594870951694342,8,8
rte_95,2024-12-14,lear_forecast,8934.159584442206,0.0,8934.159584442206,1.9047232580730888,1.8094870951694342,9,9
rte_95,2024-12-15,lear_forecast,6431.394720355756,0.0,6431.394720355756,1.873414260615492,1.779743547584717,9,8
rte_95,2024-12-16,lear_forecast,9543.43695797558,0.0,9543.43695797558,1.6415653633362468,1.559487095169434,8,8
rte_95,2024-12-17,lear_forecast,8273.573043883822,0.0,8273.573043883822,1.6415653633362466,1.5594870951694342,8,8
rte_95,2024-12-18,lear_forecast,8691.92832347258,0.0,8691.92832347258,1.731174022502185,1.6446153213770756,8,9
rte_95,2024-12-19,lear_forecast,14223.15615464049,0.0,14223.15615464049,1.9047232580730888,1.809487095169434,9,9
rte_95,2024-12-20,lear_forecast,9598.333120697282,0.0,9598.333120697282,1.9047232580730888,1.8094870951694342,9,9
rte_95,2024-12-21,lear_forecast,3070.0319691388104,0.0,3070.0319691388104,1.9047232580730888,1.809487095169434,9,9
rte_95,2024-12-22,lear_forecast,6243.841370633713,0.0,6243.841370633713,2.167881152809931,2.059487095169434,10,10
rte_95,2024-12-23,lear_forecast,10105.732403441742,0.0,10105.732403441742,1.9047232580730888,1.809487095169434,9,9
rte_95,2024-12-24,lear_forecast,10578.827700064905,0.0,10578.827700064905,1.9047232580730888,1.8094870951694342,9,9
rte_95,2024-12-25,lear_forecast,10466.018262202424,0.0,10466.018262202424,1.9047232580730888,1.8094870951694342,9,9
rte_95,2024-12-26,lear_forecast,7567.5443521756715,0.0,7567.5443521756715,1.6415653633362466,1.5594870951694342,8,8
rte_95,2024-12-27,lear_forecast,4865.252859946886,0.0,4865.252859946886,1.6415653633362466,1.559487095169434,8,8
rte_95,2024-12-28,lear_forecast,7579.19332818106,0.0,7579.19332818106,1.8207826816681232,1.729743547584717,8,9
rte_95,2024-12-29,lear_forecast,4258.48854069728,0.0,4258.48854069728,1.776315789473684,1.6874999999999998,8,8
rte_95,2024-12-30,lear_forecast,8125.06370205481,0.0,8125.06370205481,1.6415653633362468,1.559487095169434,8,8
rte_95,2024-12-31,lear_forecast,8846.129746345589,0.0,8846.129746345589,1.6415653633362468,1.5594870951694342,8,8
rte_95,2025-01-01,lear_forecast,9145.338755918316,0.0,9145.338755918316,1.7311740225021852,1.6446153213770753,8,9
rte_95,2025-01-02,lear_forecast,12006.635408348593,0.0,12006.635408348593,1.9047232580730888,1.809487095169434,9,9
rte_95,2025-01-03,lear_forecast,7889.0206597552615,0.0,7889.0206597552615,1.9047232580730888,1.809487095169434,9,9
rte_95,2025-01-04,lear_forecast,7438.57513773746,0.0,7438.57513773746,1.873414260615492,1.779743547584717,9,8
rte_95,2025-01-05,lear_forecast,4644.049045190309,0.0,4644.049045190309,1.2311740225021852,1.1696153213770757,6,6
rte_95,2025-01-06,lear_forecast,6216.174170435437,0.0,6216.174170435437,1.9047232580730888,1.809487095169434,9,9
rte_95,2025-01-07,lear_forecast,7744.8953476353845,0.0,7744.8953476353845,1.9047232580730888,1.809487095169434,9,9
rte_95,2025-01-08,lear_forecast,7824.526878987603,0.0,7824.526878987603,1.9047232580730888,1.809487095169434,9,9
rte_95,2025-01-09,lear_forecast,10742.137632828157,0.0,10742.137632828157,1.9047232580730888,1.809487095169434,9,9
rte_95,2025-01-10,lear_forecast,10133.951846736065,0.0,10133.951846736065,1.9047232580730888,1.809487095169434,9,9
rte_95,2025-01-11,lear_forecast,6076.221837341297,0.0,6076.221837341297,1.9047232580730888,1.809487095169434,9,9
rte_95,2025-01-12,lear_forecast,3849.647138666287,0.0,3849.647138666287,1.7311740225021852,1.6446153213770753,8,8
rte_95,2025-01-13,lear_forecast,7075.685995421974,0.0,7075.685995421974,1.9047232580730888,1.809487095169434,9,9
rte_95,2025-01-14,lear_forecast,8393.708231674966,0.0,8393.708231674966,1.6415653633362468,1.559487095169434,8,8
rte_95,2025-01-15,lear_forecast,7098.679187851488,0.0,7098.679187851488,1.6415653633362468,1.5594870951694342,8,8
rte_95,2025-01-16,lear_forecast,11066.236758963512,0.0,11066.236758963512,1.7311740225021852,1.6446153213770756,8,9
rte_95,2025-01-17,lear_forecast,9108.226166902075,0.0,9108.226166902075,1.6415653633362468,1.559487095169434,8,8
rte_95,2025-01-18,lear_forecast,7967.929030798594,0.0,7967.929030798594,1.9047232580730888,1.8094870951694342,9,9
rte_95,2025-01-19,lear_forecast,4776.930860770985,0.0,4776.930860770985,1.231174022502185,1.1696153213770755,6,6
rte_95,2025-01-20,lear_forecast,8450.474991512741,0.0,8450.474991512741,1.6415653633362468,1.559487095169434,8,8
rte_95,2025-01-21,lear_forecast,8194.665100264878,0.0,8194.665100264878,1.6415653633362466,1.559487095169434,8,8
rte_95,2025-01-22,lear_forecast,10663.161604739706,0.0,10663.161604739706,1.6415653633362466,1.559487095169434,8,8
rte_95,2025-01-23,lear_forecast,11252.921620156543,0.0,11252.921620156543,1.6415653633362466,1.559487095169434,8,8
rte_95,2025-01-24,lear_forecast,7169.812826037841,0.0,7169.812826037841,1.6415653633362468,1.559487095169434,8,8
rte_95,2025-01-25,lear_forecast,10848.493660437347,0.0,10848.493660437347,1.6415653633362466,1.5594870951694342,8,8
rte_95,2025-01-26,lear_forecast,9477.13366146247,0.0,9477.13366146247,1.6415653633362468,1.559487095169434,8,8
rte_95,2025-01-27,lear_forecast,9023.864904714279,0.0,9023.864904714279,1.9047232580730888,1.8094870951694342,9,9
rte_95,2025-01-28,lear_forecast,6805.053559051921,0.0,6805.053559051921,1.6415653633362468,1.5594870951694342,8,8
rte_95,2025-01-29,lear_forecast,7388.310335047633,0.0,7388.310335047633,1.9047232580730888,1.809487095169434,9,9
rte_95,2025-01-30,lear_forecast,10478.722006908713,0.0,10478.722006908713,1.9047232580730888,1.809487095169434,9,9
rte_95,2025-01-31,lear_forecast,8431.985190764442,0.0,8431.985190764442,1.9047232580730888,1.8094870951694342,9,9
rte_95,2025-02-01,lear_forecast,4443.892821209543,0.0,4443.892821209543,1.9047232580730888,1.8094870951694342,9,9
rte_95,2025-02-02,lear_forecast,2366.843897991502,0.0,2366.843897991502,1.6415653633362466,1.5594870951694342,8,8
rte_95,2025-02-03,lear_forecast,6796.431603998602,0.0,6796.431603998602,1.9047232580730888,1.809487095169434,9,9
rte_95,2025-02-04,lear_forecast,8694.296440415525,0.0,8694.296440415525,1.6415653633362466,1.5594870951694342,8,8
rte_95,2025-02-05,lear_forecast,11153.222962095606,0.0,11153.222962095606,1.9047232580730888,1.8094870951694342,9,9
rte_95,2025-02-06,lear_forecast,12745.631235374734,0.0,12745.631235374734,1.9047232580730888,1.8094870951694342,9,9
rte_95,2025-02-07,lear_forecast,8505.479796093052,0.0,8505.479796093052,1.9047232580730888,1.809487095169434,9,9
rte_95,2025-02-08,lear_forecast,7469.7322451019,0.0,7469.7322451019,2.0519567041703084,1.9493588689617924,10,10
rte_95,2025-02-09,lear_forecast,5975.316183104399,0.0,5975.316183104399,1.8734142606154918,1.779743547584717,9,8
rte_95,2025-02-10,lear_forecast,11093.62795011139,0.0,11093.62795011139,1.9047232580730888,1.8094870951694342,9,9
rte_95,2025-02-11,lear_forecast,8912.872755761216,0.0,8912.872755761216,1.9047232580730888,1.809487095169434,9,9
rte_95,2025-02-12,lear_forecast,8204.472162208678,0.0,8204.472162208678,1.6415653633362468,1.5594870951694342,8,8
rte_95,2025-02-13,lear_forecast,9120.398041054736,0.0,9120.398041054736,1.6415653633362466,1.559487095169434,8,8
rte_95,2025-02-14,lear_forecast,10846.048866037283,0.0,10846.048866037283,1.6415653633362468,1.559487095169434,8,8
rte_95,2025-02-15,lear_forecast,7540.564967020657,0.0,7540.564967020657,1.6415653633362468,1.559487095169434,8,8
rte_95,2025-02-16,lear_forecast,7252.118008716669,0.0,7252.118008716669,1.8734142606154918,1.779743547584717,9,8
rte_95,2025-02-17,lear_forecast,10377.951412410936,0.0,10377.951412410936,1.6415653633362466,1.559487095169434,8,8
rte_95,2025-02-18,lear_forecast,10855.799207391012,0.0,10855.799207391012,1.9047232580730888,1.809487095169434,9,9
rte_95,2025-02-19,lear_forecast,13183.27133591699,0.0,13183.27133591699,1.9047232580730888,1.809487095169434,9,9
rte_95,2025-02-20,lear_forecast,12170.018019078867,0.0,12170.018019078867,1.9047232580730888,1.809487095169434,9,9
rte_95,2025-02-21,lear_forecast,11045.695476530582,0.0,11045.695476530582,1.6415653633362466,1.559487095169434,8,8
rte_95,2025-02-22,lear_forecast,10603.176041867733,0.0,10603.176041867733,1.9047232580730888,1.809487095169434,9,9
rte_95,2025-02-23,lear_forecast,7908.803675410402,0.0,7908.803675410402,1.8734142606154922,1.779743547584717,9,8
rte_95,2025-02-24,lear_forecast,9958.306147340358,0.0,9958.306147340358,1.9047232580730888,1.809487095169434,9,9
rte_95,2025-02-25,lear_forecast,14448.256108842654,0.0,14448.256108842654,1.6415653633362466,1.559487095169434,8,8
rte_95,2025-02-26,lear_forecast,10665.33119559008,0.0,10665.33119559008,1.6415653633362466,1.559487095169434,8,8
rte_95,2025-02-27,lear_forecast,11435.40440389351,0.0,11435.40440389351,1.6415653633362466,1.559487095169434,8,8
rte_95,2025-02-28,lear_forecast,6168.544149746527,0.0,6168.544149746527,1.6415653633362468,1.559487095169434,8,8
rte_95,2025-03-01,lear_forecast,10542.720373341197,0.0,10542.720373341197,1.6415653633362466,1.5594870951694342,8,8
rte_95,2025-03-02,lear_forecast,8432.647208306087,0.0,8432.647208306087,1.9047232580730888,1.8094870951694342,9,9
rte_95,2025-03-03,lear_forecast,2543.4263659141384,0.0,2543.4263659141384,1.6415653633362466,1.559487095169434,8,8
rte_95,2025-03-04,lear_forecast,13581.963774923082,0.0,13581.963774923082,1.981174022502185,1.8821153213770754,9,10
rte_95,2025-03-05,lear_forecast,6897.843209670256,0.0,6897.843209670256,1.8915653633362466,1.7969870951694342,9,9
rte_95,2025-03-06,lear_forecast,9148.168320392759,0.0,9148.168320392759,2.154723258073089,2.0469870951694342,10,10
rte_95,2025-03-07,lear_forecast,13909.085361607715,0.0,13909.085361607715,1.731174022502185,1.6446153213770753,8,9
rte_95,2025-03-08,lear_forecast,7063.987536395296,0.0,7063.987536395296,1.9047232580730888,1.809487095169434,9,9
rte_95,2025-03-09,lear_forecast,11834.388506271229,0.0,11834.388506271229,2.167881152809931,2.059487095169434,10,10
rte_95,2025-03-10,lear_forecast,11571.720238388432,0.0,11571.720238388432,1.6415653633362468,1.559487095169434,8,8
rte_95,2025-03-11,lear_forecast,7922.8576567389055,0.0,7922.8576567389055,1.6415653633362466,1.559487095169434,8,8
rte_95,2025-03-12,lear_forecast,7187.820453842459,0.0,7187.820453842459,1.6415653633362468,1.559487095169434,8,8
rte_95,2025-03-13,lear_forecast,6227.0200688432105,0.0,6227.0200688432105,1.6415653633362468,1.559487095169434,8,8
rte_95,2025-03-14,lear_forecast,12890.420123294714,0.0,12890.420123294714,1.6415653633362466,1.559487095169434,8,8
rte_95,2025-03-15,lear_forecast,4905.950244388313,0.0,4905.950244388313,1.6415653633362466,1.559487095169434,8,8
rte_95,2025-03-16,lear_forecast,1655.9668619066133,0.0,1655.9668619066133,1.6415653633362466,1.559487095169434,8,8
rte_95,2025-03-17,lear_forecast,8779.494843193388,0.0,8779.494843193388,1.6415653633362466,1.5594870951694342,8,8
rte_95,2025-03-18,lear_forecast,10931.373668145763,0.0,10931.373668145763,1.9811740225021852,1.8821153213770754,9,9
rte_95,2025-03-19,lear_forecast,10453.350165639973,0.0,10453.350165639973,1.9047232580730888,1.8094870951694342,9,9
rte_95,2025-03-20,lear_forecast,12648.604589104092,0.0,12648.604589104092,1.9047232580730888,1.809487095169434,9,9
rte_95,2025-03-21,lear_forecast,9822.263703785542,0.0,9822.263703785542,1.9047232580730888,1.809487095169434,9,9
rte_95,2025-03-22,lear_forecast,8908.643594669504,0.0,8908.643594669504,1.4811740225021852,1.4071153213770755,7,7
rte_95,2025-03-23,lear_forecast,8589.84108400886,0.0,8589.84108400886,2.070782681668123,1.967243547584717,9,10
rte_95,2025-03-24,lear_forecast,3730.055440069826,0.0,3730.055440069826,1.9047232580730888,1.809487095169434,10,9
rte_95,2025-03-25,lear_forecast,8772.868099114163,0.0,8772.868099114163,1.6415653633362466,1.559487095169434,8,8
rte_95,2025-03-26,lear_forecast,9617.412944548647,0.0,9617.412944548647,1.6415653633362466,1.559487095169434,8,8
rte_95,2025-03-27,lear_forecast,5699.113607352678,0.0,5699.113607352678,1.6415653633362468,1.5594870951694342,8,8
rte_95,2025-03-28,lear_forecast,3525.936470907488,0.0,3525.936470907488,1.6415653633362468,1.559487095169434,8,8
rte_95,2025-03-29,lear_forecast,4634.034822650934,0.0,4634.034822650934,2.1415653633362464,2.034487095169434,10,10
rte_95,2025-03-30,lear_forecast,9550.01058680266,0.0,9550.01058680266,2.436707130307746,2.3148717737923583,11,11
rte_95,2025-03-31,lear_forecast,7952.7898500076,0.0,7952.7898500076,1.9047232580730888,1.8094870951694342,9,9
rte_95,2024-04-01,perfect_foresight_upper_bound,11482.524553237985,0.0,11482.524553237985,1.6415653633362468,1.5594870951694342,8,8
rte_95,2024-04-02,perfect_foresight_upper_bound,12927.903954834961,0.0,12927.903954834961,1.6415653633362468,1.5594870951694342,8,8
rte_95,2024-04-03,perfect_foresight_upper_bound,6753.972670555924,0.0,6753.972670555924,1.8602563658786497,1.767243547584717,9,8
rte_95,2024-04-04,perfect_foresight_upper_bound,6210.2794781486045,0.0,6210.2794781486045,1.8915653633362468,1.796987095169434,9,9
rte_95,2024-04-05,perfect_foresight_upper_bound,6114.078987130884,0.0,6114.078987130884,1.6415653633362466,1.559487095169434,8,8
rte_95,2024-04-06,perfect_foresight_upper_bound,9226.689847389309,0.0,9226.689847389309,1.6415653633362468,1.559487095169434,8,8
rte_95,2024-04-07,perfect_foresight_upper_bound,10634.691801264391,0.0,10634.691801264391,1.731174022502185,1.6446153213770753,8,8
rte_95,2024-04-08,perfect_foresight_upper_bound,4727.528089690552,0.0,4727.528089690552,2.1234142606154918,2.017243547584717,10,9
rte_95,2024-04-09,perfect_foresight_upper_bound,7875.060820007791,0.0,7875.060820007791,1.6415653633362466,1.559487095169434,8,8
rte_95,2024-04-10,perfect_foresight_upper_bound,14701.92788605209,0.0,14701.92788605209,1.6415653633362468,1.5594870951694342,8,8
rte_95,2024-04-11,perfect_foresight_upper_bound,10560.154425993638,0.0,10560.154425993638,1.8915653633362468,1.796987095169434,9,9
rte_95,2024-04-12,perfect_foresight_upper_bound,10671.110546152635,0.0,10671.110546152635,1.8915653633362468,1.796987095169434,9,9
rte_95,2024-04-13,perfect_foresight_upper_bound,10714.943837349281,0.0,10714.943837349281,1.731174022502185,1.6446153213770756,8,9
rte_95,2024-04-14,perfect_foresight_upper_bound,9208.703703079937,0.0,9208.703703079937,1.231174022502185,1.1696153213770757,6,6
rte_95,2024-04-15,perfect_foresight_upper_bound,11148.240239755267,0.0,11148.240239755267,1.6415653633362468,1.5594870951694342,8,8
rte_95,2024-04-16,perfect_foresight_upper_bound,4690.566442248328,0.0,4690.566442248328,1.6102563658786497,1.529743547584717,8,7
rte_95,2024-04-17,perfect_foresight_upper_bound,10957.24687191157,0.0,10957.24687191157,2.070782681668123,1.9672435475847168,9,10
rte_95,2024-04-18,perfect_foresight_upper_bound,8859.17180726427,0.0,8859.17180726427,2.1415653633362464,2.034487095169434,10,10
rte_95,2024-04-19,perfect_foresight_upper_bound,9787.376879619987,0.0,9787.376879619987,1.8915653633362468,1.7969870951694342,9,9
rte_95,2024-04-20,perfect_foresight_upper_bound,9789.934188603687,0.0,9789.934188603687,1.9943319172390273,1.8946153213770753,10,9
rte_95,2024-04-21,perfect_foresight_upper_bound,4880.090370891555,0.0,4880.090370891555,2.373414260615492,2.254743547584717,12,10
rte_95,2024-04-22,perfect_foresight_upper_bound,3953.5451227067156,0.0,3953.5451227067156,1.8207826816681232,1.7297435475847167,8,8
rte_95,2024-04-23,perfect_foresight_upper_bound,3891.189843761433,0.0,3891.189843761433,2.123414260615492,2.017243547584717,11,9
rte_95,2024-04-24,perfect_foresight_upper_bound,5701.013429320198,0.0,5701.013429320198,2.141565363336247,2.034487095169434,10,10
rte_95,2024-04-25,perfect_foresight_upper_bound,11955.709892024459,0.0,11955.709892024459,1.5970984711418075,1.5172435475847168,8,7
rte_95,2024-04-26,perfect_foresight_upper_bound,7622.577838113032,0.0,7622.577838113032,2.1603913408340616,2.052371773792358,9,10
rte_95,2024-04-27,perfect_foresight_upper_bound,11657.572141439889,0.0,11657.572141439889,2.154723258073089,2.046987095169434,10,10
rte_95,2024-04-28,perfect_foresight_upper_bound,10138.249722616798,0.0,10138.249722616798,1.9047232580730888,1.809487095169434,9,9
rte_95,2024-04-29,perfect_foresight_upper_bound,9095.344998071774,0.0,9095.344998071774,2.1102563658786497,2.0047435475847166,10,9
rte_95,2024-04-30,perfect_foresight_upper_bound,4150.964415471677,0.0,4150.964415471677,2.404723258073089,2.284487095169434,11,11
rte_95,2024-05-01,perfect_foresight_upper_bound,2836.39289043885,0.0,2836.39289043885,1.8207826816681232,1.729743547584717,8,8
rte_95,2024-05-02,perfect_foresight_upper_bound,11745.203714307503,0.0,11745.203714307503,1.873414260615492,1.779743547584717,9,8
rte_95,2024-05-03,perfect_foresight_upper_bound,10617.355751923427,0.0,10617.355751923427,1.731174022502185,1.6446153213770753,8,9
rte_95,2024-05-04,perfect_foresight_upper_bound,9336.568476347305,0.0,9336.568476347305,1.8734142606154922,1.779743547584717,9,8
rte_95,2024-05-05,perfect_foresight_upper_bound,9600.577108686886,0.0,9600.577108686886,1.731174022502185,1.6446153213770756,8,9
rte_95,2024-05-06,perfect_foresight_upper_bound,4208.529223564494,0.0,4208.529223564494,1.981174022502185,1.8821153213770754,9,9
rte_95,2024-05-07,perfect_foresight_upper_bound,5530.834735903507,0.0,5530.834735903507,1.8915653633362466,1.7969870951694338,9,9
rte_95,2024-05-08,perfect_foresight_upper_bound,6491.714444239561,0.0,6491.714444239561,2.3915653633362464,2.2719870951694343,11,11
rte_95,2024-05-09,perfect_foresight_upper_bound,13388.631566088896,0.0,13388.631566088896,2.654723258073089,2.521987095169434,13,12
rte_95,2024-05-10,perfect_foresight_upper_bound,10758.41459624447,0.0,10758.41459624447,1.6102563658786497,1.529743547584717,8,7
rte_95,2024-05-11,perfect_foresight_upper_bound,12444.72218489681,0.0,12444.72218489681,2.231174022502185,2.1196153213770756,10,10
rte_95,2024-05-12,perfect_foresight_upper_bound,9061.563035833695,0.0,9061.563035833695,2.231174022502185,2.119615321377075,10,10
rte_95,2024-05-13,perfect_foresight_upper_bound,6870.810528002135,0.0,6870.810528002135,1.6415653633362468,1.559487095169434,8,8
rte_95,2024-05-14,perfect_foresight_upper_bound,14637.219149890741,0.0,14637.219149890741,2.1678811528099313,2.059487095169434,10,10
rte_95,2024-05-15,perfect_foresight_upper_bound,13143.265503414628,0.0,13143.265503414628,1.6415653633362468,1.5594870951694342,8,8
rte_95,2024-05-16,perfect_foresight_upper_bound,11987.978533701118,0.0,11987.978533701118,1.9047232580730888,1.809487095169434,9,9
rte_95,2024-05-17,perfect_foresight_upper_bound,13238.675360913203,0.0,13238.675360913203,1.904723258073089,1.809487095169434,9,9
rte_95,2024-05-18,perfect_foresight_upper_bound,9659.500715458222,0.0,9659.500715458222,1.8734142606154922,1.779743547584717,9,8
rte_95,2024-05-19,perfect_foresight_upper_bound,9020.3291233706,0.0,9020.3291233706,1.4630229197814304,1.3898717737923585,7,6
rte_95,2024-05-20,perfect_foresight_upper_bound,10398.381303317092,0.0,10398.381303317092,1.6415653633362468,1.559487095169434,8,8
rte_95,2024-05-21,perfect_foresight_upper_bound,13595.121511963554,0.0,13595.121511963554,2.3470984711418077,2.229743547584717,11,11
rte_95,2024-05-22,perfect_foresight_upper_bound,11631.132778078794,0.0,11631.132778078794,1.6415653633362468,1.5594870951694342,8,8
rte_95,2024-05-23,perfect_foresight_upper_bound,8024.827588266243,0.0,8024.827588266243,2.4178811528099313,2.296987095169434,12,11
rte_95,2024-05-24,perfect_foresight_upper_bound,11108.561959495515,0.0,11108.561959495515,2.417881152809931,2.2969870951694342,12,11
rte_95,2024-05-25,perfect_foresight_upper_bound,9397.84133859297,0.0,9397.84133859297,1.231174022502185,1.1696153213770755,6,6
rte_95,2024-05-26,perfect_foresight_upper_bound,10845.150238286362,0.0,10845.150238286362,1.904723258073089,1.8094870951694342,9,9
rte_95,2024-05-27,perfect_foresight_upper_bound,6981.075961011464,0.0,6981.075961011464,1.6867071303077459,1.6023717737923584,8,8
rte_95,2024-05-28,perfect_foresight_upper_bound,10207.147090194674,0.0,10207.147090194674,1.8207826816681232,1.729743547584717,8,8
rte_95,2024-05-29,perfect_foresight_upper_bound,12778.071099483383,0.0,12778.071099483383,1.8602563658786497,1.767243547584717,10,8
rte_95,2024-05-30,perfect_foresight_upper_bound,5912.062567770376,0.0,5912.062567770376,2.2311740225021848,2.119615321377075,10,10
rte_95,2024-05-31,perfect_foresight_upper_bound,1641.5506168952274,0.0,1641.5506168952274,2.404723258073089,2.284487095169434,11,11
rte_95,2024-06-01,perfect_foresight_upper_bound,9585.858001077033,0.0,9585.858001077033,1.1998650250445881,1.1398717737923585,6,5
rte_95,2024-06-02,perfect_foresight_upper_bound,10079.159413121864,0.0,10079.159413121864,2.6628879448260183,2.529743547584717,13,11
rte_95,2024-06-03,perfect_foresight_upper_bound,10391.787233539277,0.0,10391.787233539277,1.2311740225021848,1.1696153213770755,6,6
rte_95,2024-06-04,perfect_foresight_upper_bound,9604.067407375838,0.0,9604.067407375838,1.7311740225021852,1.6446153213770756,8,8
rte_95,2024-06-05,perfect_foresight_upper_bound,10846.528816198843,0.0,10846.528816198843,1.2311740225021852,1.1696153213770755,6,6
rte_95,2024-06-06,perfect_foresight_upper_bound,5581.923236416734,0.0,5581.923236416734,1.6735492355709038,1.5898717737923582,8,8
rte_95,2024-06-07,perfect_foresight_upper_bound,4895.971967146251,0.0,4895.971967146251,2.231174022502185,2.1196153213770756,10,10
rte_95,2024-06-08,perfect_foresight_upper_bound,10144.9770466024,0.0,10144.9770466024,1.7311740225021852,1.6446153213770756,8,8
rte_95,2024-06-09,perfect_foresight_upper_bound,2966.4888693034986,0.0,2966.4888693034986,1.731174022502185,1.6446153213770756,8,8
rte_95,2024-06-10,perfect_foresight_upper_bound,6620.902883755557,0.0,6620.902883755557,1.4811740225021848,1.4071153213770755,7,7
rte_95,2024-06-11,perfect_foresight_upper_bound,10748.590084677187,0.0,10748.590084677187,1.4811740225021852,1.4071153213770753,7,7
rte_95,2024-06-12,perfect_foresight_upper_bound,8797.272471543858,0.0,8797.272471543858,1.8470984711418075,1.754743547584717,9,8
rte_95,2024-06-13,perfect_foresight_upper_bound,9129.409122636149,0.0,9129.409122636149,2.186707130307746,2.0773717737923585,10,10
rte_95,2024-06-14,perfect_foresight_upper_bound,10927.271223652351,0.0,10927.271223652351,2.2894736842105265,2.175,10,10
rte_95,2024-06-15,perfect_foresight_upper_bound,8420.50331029239,0.0,8420.50331029239,1.8602563658786497,1.767243547584717,9,8
rte_95,2024-06-16,perfect_foresight_upper_bound,14623.290628437868,0.0,14623.290628437868,1.481174022502185,1.4071153213770755,7,7
rte_95,2024-06-17,perfect_foresight_upper_bound,9521.832660411163,0.0,9521.832660411163,1.7574898119758693,1.6696153213770757,8,8
rte_95,2024-06-18,perfect_foresight_upper_bound,7071.371826535315,0.0,7071.371826535315,1.6415653633362468,1.559487095169434,8,8
rte_95,2024-06-19,perfect_foresight_upper_bound,12689.189739218515,0.0,12689.189739218515,2.167881152809931,2.059487095169434,12,10
rte_95,2024-06-20,perfect_foresight_upper_bound,6022.405511218466,0.0,6022.405511218466,2.2311740225021848,2.1196153213770756,10,10
rte_95,2024-06-21,perfect_foresight_upper_bound,3220.8535218855536,0.0,3220.8535218855536,1.6102563658786497,1.529743547584717,8,7
rte_95,2024-06-22,perfect_foresight_upper_bound,7082.901517575138,0.0,7082.901517575138,2.4103913408340616,2.289871773792358,10,11
rte_95,2024-06-23,perfect_foresight_upper_bound,4141.914115666626,0.0,4141.914115666626,2.3019567041703084,2.1868588689617927,11,11
rte_95,2024-06-24,perfect_foresight_upper_bound,5690.411477153651,0.0,5690.411477153651,2.1102563658786497,2.004743547584717,9,9
rte_95,2024-06-25,perfect_foresight_upper_bound,7048.72714939239,0.0,7048.72714939239,2.2706477067127118,2.1571153213770753,11,10
rte_95,2024-06-26,perfect_foresight_upper_bound,3665.064108543999,0.0,3665.064108543999,2.2706477067127113,2.1571153213770753,11,10
rte_95,2024-06-27,perfect_foresight_upper_bound,3964.821733541724,0.0,3964.821733541724,2.0519567041703084,1.9493588689617927,10,10
rte_95,2024-06-28,perfect_foresight_upper_bound,2696.4617830384595,0.0,2696.4617830384595,2.0519567041703084,1.949358868961793,10,10
rte_95,2024-06-29,perfect_foresight_upper_bound,9775.693149083518,0.0,9775.693149083518,1.4630229197814306,1.3898717737923585,8,6
rte_95,2024-06-30,perfect_foresight_upper_bound,4272.345746968661,0.0,4272.345746968661,1.4103913408340616,1.3398717737923582,6,7
rte_95,2024-07-01,perfect_foresight_upper_bound,5541.202747482551,0.0,5541.202747482551,2.1735492355709036,2.0648717737923583,10,10
rte_95,2024-07-02,perfect_foresight_upper_bound,4972.546492570489,0.0,4972.546492570489,1.9811740225021852,1.8821153213770754,9,9
rte_95,2024-07-03,perfect_foresight_upper_bound,6779.4030972347655,0.0,6779.4030972347655,1.981174022502185,1.8821153213770754,9,10
rte_95,2024-07-04,perfect_foresight_upper_bound,9878.864241943535,0.0,9878.864241943535,2.2838056014495534,2.1696153213770755,12,10
rte_95,2024-07-05,perfect_foresight_upper_bound,9596.889169918431,0.0,9596.889169918431,2.5782724936439925,2.4493588689617924,13,12
rte_95,2024-07-06,perfect_foresight_upper_bound,6115.026027411689,0.0,6115.026027411689,1.4811740225021848,1.4071153213770755,7,7
rte_95,2024-07-07,perfect_foresight_upper_bound,12585.41740993865,0.0,12585.41740993865,1.481174022502185,1.4071153213770755,7,7
rte_95,2024-07-08,perfect_foresight_upper_bound,10416.40418544399,0.0,10416.40418544399,1.686707130307746,1.6023717737923584,9,8
rte_95,2024-07-09,perfect_foresight_upper_bound,13529.027135912631,0.0,13529.027135912631,1.9103913408340616,1.8148717737923583,8,9
rte_95,2024-07-10,perfect_foresight_upper_bound,14717.288580659439,0.0,14717.288580659439,1.7443319172390273,1.6571153213770755,9,8
rte_95,2024-07-11,perfect_foresight_upper_bound,9166.934789744819,0.0,9166.934789744819,2.136572155352334,2.029743547584717,10,9
rte_95,2024-07-12,perfect_foresight_upper_bound,3515.838257156681,0.0,3515.838257156681,2.078947368421053,1.9749999999999999,9,8
rte_95,2024-07-13,perfect_foresight_upper_bound,5415.1925417406055,0.0,5415.1925417406055,1.4103913408340616,1.3398717737923582,6,7
rte_95,2024-07-14,perfect_foresight_upper_bound,4699.847595945819,0.0,4699.847595945819,1.231174022502185,1.1696153213770757,6,6
rte_95,2024-07-15,perfect_foresight_upper_bound,4537.709294211668,0.0,4537.709294211668,2.0519567041703084,1.9493588689617924,10,10
rte_95,2024-07-16,perfect_foresight_upper_bound,2877.6888351326243,0.0,2877.6888351326243,1.842105263157895,1.75,9,7
rte_95,2024-07-17,perfect_foresight_upper_bound,4479.831883911323,0.0,4479.831883911323,1.981174022502185,1.8821153213770754,9,9
rte_95,2024-07-18,perfect_foresight_upper_bound,7951.769075535813,0.0,7951.769075535813,2.0970984711418077,1.992243547584717,10,9
rte_95,2024-07-19,perfect_foresight_upper_bound,7834.933362112296,0.0,7834.933362112296,1.3470984711418077,1.279743547584717,7,6
rte_95,2024-07-20,perfect_foresight_upper_bound,6605.873858936848,0.0,6605.873858936848,1.4811740225021852,1.4071153213770755,7,7
rte_95,2024-07-21,perfect_foresight_upper_bound,10202.499357055005,0.0,10202.499357055005,1.731174022502185,1.6446153213770756,8,8
rte_95,2024-07-22,perfect_foresight_upper_bound,15022.461919866175,0.0,15022.461919866175,1.9235492355709038,1.8273717737923585,9,9
rte_95,2024-07-23,perfect_foresight_upper_bound,16953.18184747716,0.0,16953.18184747716,2.5206477067127113,2.3946153213770756,12,11
rte_95,2024-07-24,perfect_foresight_upper_bound,11425.085335236236,0.0,11425.085335236236,2.231174022502185,2.1196153213770756,10,10
rte_95,2024-07-25,perfect_foresight_upper_bound,7769.8043489982265,0.0,7769.8043489982265,1.3339405764049657,1.267243547584717,6,6
rte_95,2024-07-26,perfect_foresight_upper_bound,9585.627705933864,0.0,9585.627705933864,2.6102563658786497,2.4797435475847167,12,11
rte_95,2024-07-27,perfect_foresight_upper_bound,7753.557773541167,0.0,7753.557773541167,1.231174022502185,1.1696153213770755,6,6
rte_95,2024-07-28,perfect_foresight_upper_bound,9366.8843013121,0.0,9366.8843013121,1.2311740225021852,1.1696153213770755,6,6
rte_95,2024-07-29,perfect_foresight_upper_bound,15609.810173434918,0.0,15609.810173434918,2.373414260615492,2.2547435475847166,11,10
rte_95,2024-07-30,perfect_foresight_upper_bound,15506.52157424774,0.0,15506.52157424774,2.3470984711418077,2.229743547584717,11,10
rte_95,2024-07-31,perfect_foresight_upper_bound,14007.893325351974,0.0,14007.893325351974,1.481174022502185,1.4071153213770755,7,7
rte_95,2024-08-01,perfect_foresight_upper_bound,15378.220889876126,0.0,15378.220889876126,2.481174022502185,2.3571153213770755,11,11
rte_95,2024-08-02,perfect_foresight_upper_bound,7447.355175278825,0.0,7447.355175278825,1.4103913408340616,1.3398717737923582,6,7
rte_95,2024-08-03,perfect_foresight_upper_bound,5717.207280814909,0.0,5717.207280814909,1.2311740225021852,1.1696153213770757,6,6
rte_95,2024-08-04,perfect_foresight_upper_bound,6970.26223551409,0.0,6970.26223551409,1.231174022502185,1.1696153213770755,6,6
rte_95,2024-08-05,perfect_foresight_upper_bound,6219.486257162004,0.0,6219.486257162004,1.3207826816681234,1.2547435475847168,6,6
rte_95,2024-08-06,perfect_foresight_upper_bound,9797.805546021715,0.0,9797.805546021715,2.315114598907151,2.1993588689617924,11,11
rte_95,2024-08-07,perfect_foresight_upper_bound,6959.584616272158,0.0,6959.584616272158,1.8207826816681232,1.7297435475847167,8,8
rte_95,2024-08-08,perfect_foresight_upper_bound,8482.808813977736,0.0,8482.808813977736,2.0519567041703084,1.949358868961793,10,10
rte_95,2024-08-09,perfect_foresight_upper_bound,7352.435712069983,0.0,7352.435712069983,1.873414260615492,1.779743547584717,9,8
rte_95,2024-08-10,perfect_foresight_upper_bound,6522.45738939619,0.0,6522.45738939619,1.231174022502185,1.1696153213770757,6,6
rte_95,2024-08-11,perfect_foresight_upper_bound,7259.2696798943325,0.0,7259.2696798943325,1.231174022502185,1.1696153213770755,6,6
rte_95,2024-08-12,perfect_foresight_upper_bound,6140.877972211525,0.0,6140.877972211525,1.2311740225021852,1.1696153213770757,6,6
rte_95,2024-08-13,perfect_foresight_upper_bound,6721.220320598238,0.0,6721.220320598238,1.231174022502185,1.1696153213770757,6,6
rte_95,2024-08-14,perfect_foresight_upper_bound,5387.342917664604,0.0,5387.342917664604,1.231174022502185,1.1696153213770757,6,6
rte_95,2024-08-15,perfect_foresight_upper_bound,5500.505161665948,0.0,5500.505161665948,1.481174022502185,1.4071153213770757,7,7
rte_95,2024-08-16,perfect_foresight_upper_bound,5240.603389040726,0.0,5240.603389040726,1.7574898119758695,1.6696153213770757,9,8
rte_95,2024-08-17,perfect_foresight_upper_bound,7893.490627827683,0.0,7893.490627827683,1.494331917239027,1.4196153213770755,7,7
rte_95,2024-08-18,perfect_foresight_upper_bound,8437.270025108923,0.0,8437.270025108923,1.494331917239027,1.4196153213770755,8,7
rte_95,2024-08-19,perfect_foresight_upper_bound,7009.122818500277,0.0,7009.122818500277,1.481174022502185,1.4071153213770755,7,7
rte_95,2024-08-20,perfect_foresight_upper_bound,7559.178222258005,0.0,7559.178222258005,1.3207826816681234,1.2547435475847168,6,6
rte_95,2024-08-21,perfect_foresight_upper_bound,6509.975028934288,0.0,6509.975028934288,1.5707826816681232,1.4922435475847171,7,7
rte_95,2024-08-22,perfect_foresight_upper_bound,7281.7365565343725,0.0,7281.7365565343725,1.6415653633362468,1.5594870951694342,8,8
rte_95,2024-08-23,perfect_foresight_upper_bound,6964.88270867198,0.0,6964.88270867198,1.9498650250445881,1.8523717737923584,9,9
rte_95,2024-08-24,perfect_foresight_upper_bound,6575.194083978685,0.0,6575.194083978685,1.731174022502185,1.6446153213770756,8,8
rte_95,2024-08-25,perfect_foresight_upper_bound,4219.966222056982,0.0,4219.966222056982,1.481174022502185,1.4071153213770755,7,7
rte_95,2024-08-26,perfect_foresight_upper_bound,7026.031692454564,0.0,7026.031692454564,2.3339405764049657,2.2172435475847165,10,10
rte_95,2024-08-27,perfect_foresight_upper_bound,7993.4081300277085,0.0,7993.4081300277085,1.8339405764049654,1.742243547584717,8,8
rte_95,2024-08-28,perfect_foresight_upper_bound,6819.047406009003,0.0,6819.047406009003,1.3207826816681234,1.254743547584717,6,6
rte_95,2024-08-29,perfect_foresight_upper_bound,5973.832647663653,0.0,5973.832647663653,1.0707826816681232,1.017243547584717,5,5
rte_95,2024-08-30,perfect_foresight_upper_bound,23589.670931835295,0.0,23589.670931835295,1.8207826816681234,1.7297435475847167,8,8
rte_95,2024-08-31,perfect_foresight_upper_bound,3660.103677828996,0.0,3660.103677828996,1.481174022502185,1.4071153213770755,7,7
rte_95,2024-09-01,perfect_foresight_upper_bound,7511.848763968443,0.0,7511.848763968443,1.231174022502185,1.1696153213770757,6,6
rte_95,2024-09-02,perfect_foresight_upper_bound,7350.828445045453,0.0,7350.828445045453,1.4943319172390273,1.4196153213770755,8,7
rte_95,2024-09-03,perfect_foresight_upper_bound,6105.185949579753,0.0,6105.185949579753,1.3470984711418077,1.279743547584717,7,6
rte_95,2024-09-04,perfect_foresight_upper_bound,6508.598608668476,0.0,6508.598608668476,1.8734142606154918,1.779743547584717,10,8
rte_95,2024-09-05,perfect_foresight_upper_bound,7586.933721183846,0.0,7586.933721183846,1.7574898119758693,1.6696153213770755,9,8
rte_95,2024-09-06,perfect_foresight_upper_bound,7018.255820520353,0.0,7018.255820520353,1.481174022502185,1.4071153213770755,7,7
rte_95,2024-09-07,perfect_foresight_upper_bound,5874.816980417418,0.0,5874.816980417418,1.3207826816681234,1.254743547584717,6,7
rte_95,2024-09-08,perfect_foresight_upper_bound,6759.729812113433,0.0,6759.729812113433,1.231174022502185,1.1696153213770755,6,6
rte_95,2024-09-09,perfect_foresight_upper_bound,15067.579272590809,0.0,15067.579272590809,2.0839405764049657,1.9797435475847167,9,9
rte_95,2024-09-10,perfect_foresight_upper_bound,12866.102172491008,0.0,12866.102172491008,1.0839405764049657,1.029743547584717,6,5
rte_95,2024-09-11,perfect_foresight_upper_bound,16432.46046650564,0.0,16432.46046650564,2.1603913408340616,2.052371773792358,9,10
rte_95,2024-09-12,perfect_foresight_upper_bound,10530.2352612807,0.0,10530.2352612807,1.873414260615492,1.779743547584717,9,8
rte_95,2024-09-13,perfect_foresight_upper_bound,11412.453515328727,0.0,11412.453515328727,2.5206477067127118,2.3946153213770756,12,11
rte_95,2024-09-14,perfect_foresight_upper_bound,7370.832011497379,0.0,7370.832011497379,1.231174022502185,1.1696153213770755,6,6
rte_95,2024-09-15,perfect_foresight_upper_bound,4610.228493528163,0.0,4610.228493528163,1.494331917239027,1.4196153213770757,8,7
rte_95,2024-09-16,perfect_foresight_upper_bound,6902.150940875055,0.0,6902.150940875055,1.3470984711418077,1.279743547584717,7,6
rte_95,2024-09-17,perfect_foresight_upper_bound,18054.089112304988,0.0,18054.089112304988,2.481174022502185,2.3571153213770755,11,12
rte_95,2024-09-18,perfect_foresight_upper_bound,17942.950140666377,0.0,17942.950140666377,1.7311740225021848,1.6446153213770753,8,8
rte_95,2024-09-19,perfect_foresight_upper_bound,20816.028187987264,0.0,20816.028187987264,1.731174022502185,1.6446153213770753,8,8
rte_95,2024-09-20,perfect_foresight_upper_bound,18414.405975953432,0.0,18414.405975953432,2.1102563658786497,2.004743547584717,11,9
rte_95,2024-09-21,perfect_foresight_upper_bound,6289.37402938073,0.0,6289.37402938073,1.0839405764049654,1.029743547584717,5,5
rte_95,2024-09-22,perfect_foresight_upper_bound,4668.655514901823,0.0,4668.655514901823,1.481174022502185,1.4071153213770757,7,7
rte_95,2024-09-23,perfect_foresight_upper_bound,4709.394881735481,0.0,4709.394881735481,2.3019567041703084,2.1868588689617927,11,11
rte_95,2024-09-24,perfect_foresight_upper_bound,8655.760487751502,0.0,8655.760487751502,2.5519567041703084,2.4243588689617925,12,12
rte_95,2024-09-25,perfect_foresight_upper_bound,5429.311712511103,0.0,5429.311712511103,1.9047232580730888,1.809487095169434,10,9
rte_95,2024-09-26,perfect_foresight_upper_bound,7994.740062410647,0.0,7994.740062410647,2.315114598907151,2.1993588689617924,12,11
rte_95,2024-09-27,perfect_foresight_upper_bound,5744.909328804128,0.0,5744.909328804128,1.3207826816681234,1.2547435475847168,6,6
rte_95,2024-09-28,perfect_foresight_upper_bound,3492.2547310241744,0.0,3492.2547310241744,1.481174022502185,1.4071153213770757,7,7
rte_95,2024-09-29,perfect_foresight_upper_bound,2723.922016472132,0.0,2723.922016472132,1.481174022502185,1.4071153213770755,7,7
rte_95,2024-09-30,perfect_foresight_upper_bound,5840.35866712064,0.0,5840.35866712064,2.070782681668123,1.967243547584717,9,10
rte_95,2024-10-01,perfect_foresight_upper_bound,8287.130188037427,0.0,8287.130188037427,1.8915653633362468,1.796987095169434,9,9
rte_95,2024-10-02,perfect_foresight_upper_bound,8577.206083325444,0.0,8577.206083325444,1.8207826816681232,1.7297435475847167,8,9
rte_95,2024-10-03,perfect_foresight_upper_bound,8364.277588477034,0.0,8364.277588477034,1.5839405764049654,1.504743547584717,7,7
rte_95,2024-10-04,perfect_foresight_upper_bound,8153.536507208488,0.0,8153.536507208488,1.3207826816681234,1.254743547584717,6,6
rte_95,2024-10-05,perfect_foresight_upper_bound,4810.6213136837405,0.0,4810.6213136837405,1.4811740225021852,1.4071153213770753,7,7
rte_95,2024-10-06,perfect_foresight_upper_bound,8346.585757923303,0.0,8346.585757923303,1.731174022502185,1.6446153213770756,8,9
rte_95,2024-10-07,perfect_foresight_upper_bound,8034.51542342372,0.0,8034.51542342372,1.5839405764049657,1.504743547584717,7,7
rte_95,2024-10-08,perfect_foresight_upper_bound,6873.784179117946,0.0,6873.784179117946,1.8915653633362468,1.796987095169434,9,9
rte_95,2024-10-09,perfect_foresight_upper_bound,9595.676683880785,0.0,9595.676683880785,1.9047232580730888,1.809487095169434,9,9
rte_95,2024-10-10,perfect_foresight_upper_bound,11583.659964271448,0.0,11583.659964271448,1.9047232580730888,1.809487095169434,9,9
rte_95,2024-10-11,perfect_foresight_upper_bound,14715.324614656802,0.0,14715.324614656802,1.9047232580730888,1.809487095169434,9,9
rte_95,2024-10-12,perfect_foresight_upper_bound,10715.024147447752,0.0,10715.024147447752,2.167881152809931,2.059487095169434,11,10
rte_95,2024-10-13,perfect_foresight_upper_bound,11059.207529086278,0.0,11059.207529086278,1.9047232580730888,1.809487095169434,9,9
rte_95,2024-10-14,perfect_foresight_upper_bound,9054.39596193452,0.0,9054.39596193452,1.9047232580730888,1.8094870951694342,9,9
rte_95,2024-10-15,perfect_foresight_upper_bound,9888.13031737641,0.0,9888.13031737641,1.9047232580730888,1.809487095169434,9,9
rte_95,2024-10-16,perfect_foresight_upper_bound,6334.58719116961,0.0,6334.58719116961,1.7574898119758693,1.6696153213770755,9,8
rte_95,2024-10-17,perfect_foresight_upper_bound,14952.06561850835,0.0,14952.06561850835,1.6415653633362468,1.559487095169434,8,8
rte_95,2024-10-18,perfect_foresight_upper_bound,12379.44801382898,0.0,12379.44801382898,2.070782681668123,1.9672435475847168,9,9
rte_95,2024-10-19,perfect_foresight_upper_bound,5585.976555850954,0.0,5585.976555850954,1.231174022502185,1.1696153213770755,6,6
rte_95,2024-10-20,perfect_foresight_upper_bound,11626.991167694214,0.0,11626.991167694214,1.9047232580730888,1.809487095169434,9,9
rte_95,2024-10-21,perfect_foresight_upper_bound,9335.901158681096,0.0,9335.901158681096,1.981174022502185,1.8821153213770754,9,10
rte_95,2024-10-22,perfect_foresight_upper_bound,7616.43459246349,0.0,7616.43459246349,1.6415653633362468,1.559487095169434,8,8
rte_95,2024-10-23,perfect_foresight_upper_bound,7585.679353968536,0.0,7585.679353968536,1.7574898119758693,1.6696153213770755,9,8
rte_95,2024-10-24,perfect_foresight_upper_bound,9776.28182892727,0.0,9776.28182892727,1.981174022502185,1.8821153213770754,9,10
rte_95,2024-10-25,perfect_foresight_upper_bound,7768.316999011695,0.0,7768.316999011695,1.9047232580730888,1.8094870951694342,9,9
rte_95,2024-10-26,perfect_foresight_upper_bound,4974.352836604186,0.0,4974.352836604186,1.994331917239027,1.8946153213770753,9,9
rte_95,2024-10-27,perfect_foresight_upper_bound,4665.946357806325,0.0,4665.946357806325,1.904723258073089,1.809487095169434,9,9
rte_95,2024-10-28,perfect_foresight_upper_bound,10002.48654916766,0.0,10002.48654916766,2.141565363336247,2.034487095169434,10,10
rte_95,2024-10-29,perfect_foresight_upper_bound,8187.097210680296,0.0,8187.097210680296,2.231174022502185,2.1196153213770756,10,11
rte_95,2024-10-30,perfect_foresight_upper_bound,8638.064151113358,0.0,8638.064151113358,1.981174022502185,1.8821153213770754,9,10
rte_95,2024-10-31,perfect_foresight_upper_bound,6601.768848432633,0.0,6601.768848432633,1.9047232580730888,1.8094870951694342,9,9
rte_95,2024-11-01,perfect_foresight_upper_bound,4654.855566391116,0.0,4654.855566391116,2.199865025044588,2.0898717737923582,10,10
rte_95,2024-11-02,perfect_foresight_upper_bound,2311.616099862823,0.0,2311.616099862823,2.731174022502185,2.5946153213770753,12,12
rte_95,2024-11-03,perfect_foresight_upper_bound,10929.550048793331,0.0,10929.550048793331,2.0519567041703084,1.9493588689617924,10,10
rte_95,2024-11-04,perfect_foresight_upper_bound,11273.791002009852,0.0,11273.791002009852,2.154723258073089,2.046987095169434,11,10
rte_95,2024-11-05,perfect_foresight_upper_bound,7856.375557584347,0.0,7856.375557584347,2.3339405764049657,2.217243547584717,10,11
rte_95,2024-11-06,perfect_foresight_upper_bound,9908.67049341632,0.0,9908.67049341632,2.6497300500891763,2.517243547584717,12,11
rte_95,2024-11-07,perfect_foresight_upper_bound,11358.269125704868,0.0,11358.269125704868,2.123414260615492,2.017243547584717,10,9
rte_95,2024-11-08,perfect_foresight_upper_bound,10029.705783953077,0.0,10029.705783953077,1.6415653633362468,1.559487095169434,8,8
rte_95,2024-11-09,perfect_foresight_upper_bound,7632.553836790128,0.0,7632.553836790128,1.904723258073089,1.809487095169434,9,9
rte_95,2024-11-10,perfect_foresight_upper_bound,6747.789589576717,0.0,6747.789589576717,2.154723258073089,2.046987095169434,10,10
rte_95,2024-11-11,perfect_foresight_upper_bound,11115.57824992754,0.0,11115.57824992754,1.9047232580730888,1.8094870951694342,9,9
rte_95,2024-11-12,perfect_foresight_upper_bound,11507.405234534228,0.0,11507.405234534228,1.6415653633362464,1.5594870951694342,8,8
rte_95,2024-11-13,perfect_foresight_upper_bound,11866.042054139964,0.0,11866.042054139964,1.6415653633362468,1.559487095169434,8,8
rte_95,2024-11-14,perfect_foresight_upper_bound,9178.587758750058,0.0,9178.587758750058,1.9047232580730888,1.809487095169434,9,9
rte_95,2024-11-15,perfect_foresight_upper_bound,5628.569387034406,0.0,5628.569387034406,1.7311740225021852,1.6446153213770756,8,9
rte_95,2024-11-16,perfect_foresight_upper_bound,3505.635062313022,0.0,3505.635062313022,1.9047232580730888,1.8094870951694342,9,9
rte_95,2024-11-17,perfect_foresight_upper_bound,5481.658199257017,0.0,5481.658199257017,1.9047232580730888,1.8094870951694342,9,9
rte_95,2024-11-18,perfect_foresight_upper_bound,8757.481137188946,0.0,8757.481137188946,1.6415653633362468,1.5594870951694342,8,8
rte_95,2024-11-19,perfect_foresight_upper_bound,10564.118623015798,0.0,10564.118623015798,1.6415653633362468,1.559487095169434,8,8
rte_95,2024-11-20,perfect_foresight_upper_bound,10614.0691815099,0.0,10614.0691815099,1.8915653633362468,1.7969870951694342,9,9
rte_95,2024-11-21,perfect_foresight_upper_bound,12918.661672216085,0.0,12918.661672216085,1.6415653633362468,1.5594870951694342,8,8
rte_95,2024-11-22,perfect_foresight_upper_bound,7885.473359698148,0.0,7885.473359698148,1.7311740225021852,1.6446153213770753,8,9
rte_95,2024-11-23,perfect_foresight_upper_bound,6210.347064677466,0.0,6210.347064677466,1.7311740225021852,1.6446153213770756,8,9
rte_95,2024-11-24,perfect_foresight_upper_bound,6912.457797349837,0.0,6912.457797349837,1.8915653633362466,1.7969870951694342,9,9
rte_95,2024-11-25,perfect_foresight_upper_bound,14686.956238392424,0.0,14686.956238392424,2.3339405764049657,2.2172435475847165,10,11
rte_95,2024-11-26,perfect_foresight_upper_bound,11055.808133023205,0.0,11055.808133023205,1.6415653633362466,1.5594870951694342,8,8
rte_95,2024-11-27,perfect_foresight_upper_bound,9944.65224302946,0.0,9944.65224302946,1.9047232580730888,1.809487095169434,9,9
rte_95,2024-11-28,perfect_foresight_upper_bound,9881.090167530465,0.0,9881.090167530465,2.0839405764049657,1.9797435475847167,9,10
rte_95,2024-11-29,perfect_foresight_upper_bound,6612.92219621315,0.0,6612.92219621315,2.3915653633362464,2.2719870951694343,11,11
rte_95,2024-11-30,perfect_foresight_upper_bound,5033.624281623916,0.0,5033.624281623916,1.6415653633362468,1.5594870951694342,8,8
rte_95,2024-12-01,perfect_foresight_upper_bound,11543.378791746694,0.0,11543.378791746694,2.154723258073089,2.0469870951694342,10,10
rte_95,2024-12-02,perfect_foresight_upper_bound,12262.463561443876,0.0,12262.463561443876,2.1415653633362464,2.034487095169434,10,10
rte_95,2024-12-03,perfect_foresight_upper_bound,8808.942901222641,0.0,8808.942901222641,1.6415653633362468,1.5594870951694342,8,8
rte_95,2024-12-04,perfect_foresight_upper_bound,9601.054891494148,0.0,9601.054891494148,1.6415653633362468,1.5594870951694342,8,8
rte_95,2024-12-05,perfect_foresight_upper_bound,8991.822452505801,0.0,8991.822452505801,1.6415653633362468,1.5594870951694342,8,8
rte_95,2024-12-06,perfect_foresight_upper_bound,9352.533760114235,0.0,9352.533760114235,1.6415653633362468,1.559487095169434,8,8
rte_95,2024-12-07,perfect_foresight_upper_bound,5734.991788772064,0.0,5734.991788772064,1.7311740225021852,1.6446153213770756,8,8
rte_95,2024-12-08,perfect_foresight_upper_bound,8622.728297944273,0.0,8622.728297944273,1.873414260615492,1.779743547584717,9,8
rte_95,2024-12-09,perfect_foresight_upper_bound,9067.435668801669,0.0,9067.435668801669,2.1678811528099313,2.059487095169434,10,10
rte_95,2024-12-10,perfect_foresight_upper_bound,8804.550137082886,0.0,8804.550137082886,1.9047232580730888,1.809487095169434,9,9
rte_95,2024-12-11,perfect_foresight_upper_bound,11252.252023459394,0.0,11252.252023459394,2.154723258073089,2.0469870951694342,10,10
rte_95,2024-12-12,perfect_foresight_upper_bound,10978.436954292225,0.0,10978.436954292225,1.981174022502185,1.8821153213770754,9,10
rte_95,2024-12-13,perfect_foresight_upper_bound,10927.528932146834,0.0,10927.528932146834,1.9047232580730888,1.8094870951694342,9,9
rte_95,2024-12-14,perfect_foresight_upper_bound,9803.580903584423,0.0,9803.580903584423,1.6415653633362466,1.559487095169434,8,8
rte_95,2024-12-15,perfect_foresight_upper_bound,7084.915848695792,0.0,7084.915848695792,1.8915653633362468,1.796987095169434,9,9
rte_95,2024-12-16,perfect_foresight_upper_bound,9757.230675149904,0.0,9757.230675149904,2.154723258073089,2.046987095169434,10,10
rte_95,2024-12-17,perfect_foresight_upper_bound,8610.82863712349,0.0,8610.82863712349,1.9047232580730888,1.809487095169434,9,9
rte_95,2024-12-18,perfect_foresight_upper_bound,8871.66761546315,0.0,8871.66761546315,1.6415653633362466,1.559487095169434,8,8
rte_95,2024-12-19,perfect_foresight_upper_bound,15490.459160434895,0.0,15490.459160434895,1.6415653633362466,1.5594870951694342,8,8
rte_95,2024-12-20,perfect_foresight_upper_bound,10481.975254517529,0.0,10481.975254517529,2.154723258073089,2.0469870951694342,10,10
rte_95,2024-12-21,perfect_foresight_upper_bound,3723.4791195208377,0.0,3723.4791195208377,1.231174022502185,1.1696153213770755,6,6
rte_95,2024-12-22,perfect_foresight_upper_bound,7425.258489088163,0.0,7425.258489088163,1.481174022502185,1.4071153213770755,7,7
rte_95,2024-12-23,perfect_foresight_upper_bound,11108.793977960211,0.0,11108.793977960211,1.6415653633362468,1.5594870951694342,8,8
rte_95,2024-12-24,perfect_foresight_upper_bound,10737.527891710257,0.0,10737.527891710257,1.8915653633362468,1.796987095169434,9,9
rte_95,2024-12-25,perfect_foresight_upper_bound,10628.18761682998,0.0,10628.18761682998,1.6415653633362468,1.5594870951694342,8,8
rte_95,2024-12-26,perfect_foresight_upper_bound,8646.677504114912,0.0,8646.677504114912,1.9047232580730888,1.809487095169434,9,9
rte_95,2024-12-27,perfect_foresight_upper_bound,6545.542142429522,0.0,6545.542142429522,2.494331917239027,2.369615321377075,11,12
rte_95,2024-12-28,perfect_foresight_upper_bound,10405.186267080428,0.0,10405.186267080428,1.9047232580730888,1.8094870951694342,9,9
rte_95,2024-12-29,perfect_foresight_upper_bound,7966.4203266558,0.0,7966.4203266558,2.154723258073089,2.0469870951694342,10,10
rte_95,2024-12-30,perfect_foresight_upper_bound,9622.583991566436,0.0,9622.583991566436,1.9047232580730888,1.809487095169434,9,9
rte_95,2024-12-31,perfect_foresight_upper_bound,9856.923102284953,0.0,9856.923102284953,2.4103913408340616,2.289871773792358,10,11
rte_95,2025-01-01,perfect_foresight_upper_bound,11486.596346068402,0.0,11486.596346068402,2.46302291978143,2.3398717737923582,11,10
rte_95,2025-01-02,perfect_foresight_upper_bound,12495.611414802892,0.0,12495.611414802892,2.0519567041703084,1.9493588689617927,10,10
rte_95,2025-01-03,perfect_foresight_upper_bound,8354.70290190606,0.0,8354.70290190606,1.6415653633362466,1.5594870951694342,8,8
rte_95,2025-01-04,perfect_foresight_upper_bound,8383.554351805118,0.0,8383.554351805118,2.6810390475467734,2.546987095169434,13,12
rte_95,2025-01-05,perfect_foresight_upper_bound,6702.481077079275,0.0,6702.481077079275,2.231174022502185,2.119615321377075,10,11
rte_95,2025-01-06,perfect_foresight_upper_bound,9084.33469111525,0.0,9084.33469111525,2.731174022502185,2.5946153213770753,12,13
rte_95,2025-01-07,perfect_foresight_upper_bound,8426.566149776701,0.0,8426.566149776701,1.6415653633362466,1.559487095169434,8,8
rte_95,2025-01-08,perfect_foresight_upper_bound,8979.590724526819,0.0,8979.590724526819,1.8915653633362466,1.796987095169434,9,9
rte_95,2025-01-09,perfect_foresight_upper_bound,12096.714683624277,0.0,12096.714683624277,2.154723258073089,2.0469870951694342,10,10
rte_95,2025-01-10,perfect_foresight_upper_bound,10604.658200077998,0.0,10604.658200077998,1.9047232580730888,1.809487095169434,9,9
rte_95,2025-01-11,perfect_foresight_upper_bound,6574.97643990296,0.0,6574.97643990296,2.0519567041703084,1.9493588689617924,10,10
rte_95,2025-01-12,perfect_foresight_upper_bound,4791.293297937621,0.0,4791.293297937621,2.1678811528099313,2.059487095169434,10,10
rte_95,2025-01-13,perfect_foresight_upper_bound,8122.865067380957,0.0,8122.865067380957,1.6415653633362468,1.559487095169434,8,8
rte_95,2025-01-14,perfect_foresight_upper_bound,8457.63129595038,0.0,8457.63129595038,1.7311740225021852,1.6446153213770753,8,9
rte_95,2025-01-15,perfect_foresight_upper_bound,7606.208830419698,0.0,7606.208830419698,1.731174022502185,1.6446153213770756,8,9
rte_95,2025-01-16,perfect_foresight_upper_bound,11083.466450857602,0.0,11083.466450857602,1.6415653633362464,1.5594870951694342,8,8
rte_95,2025-01-17,perfect_foresight_upper_bound,9936.034197479237,0.0,9936.034197479237,2.654723258073089,2.5219870951694343,12,12
rte_95,2025-01-18,perfect_foresight_upper_bound,8419.49088697161,0.0,8419.49088697161,1.7311740225021852,1.6446153213770753,8,8
rte_95,2025-01-19,perfect_foresight_upper_bound,5347.842943625591,0.0,5347.842943625591,1.9047232580730888,1.8094870951694342,9,9
rte_95,2025-01-20,perfect_foresight_upper_bound,9093.749963166445,0.0,9093.749963166445,1.6415653633362466,1.5594870951694342,8,8
rte_95,2025-01-21,perfect_foresight_upper_bound,8475.323144687902,0.0,8475.323144687902,1.9047232580730888,1.8094870951694342,9,9
rte_95,2025-01-22,perfect_foresight_upper_bound,11175.368804276757,0.0,11175.368804276757,1.9047232580730888,1.809487095169434,9,9
rte_95,2025-01-23,perfect_foresight_upper_bound,12221.117279523507,0.0,12221.117279523507,1.981174022502185,1.8821153213770754,9,10
rte_95,2025-01-24,perfect_foresight_upper_bound,8008.230549494282,0.0,8008.230549494282,2.3019567041703084,2.1868588689617923,11,11
rte_95,2025-01-25,perfect_foresight_upper_bound,12324.258579252668,0.0,12324.258579252668,2.231174022502185,2.119615321377075,10,11
rte_95,2025-01-26,perfect_foresight_upper_bound,12216.357434783537,0.0,12216.357434783537,2.605263157894737,2.4749999999999996,12,10
rte_95,2025-01-27,perfect_foresight_upper_bound,9985.162882686045,0.0,9985.162882686045,1.9047232580730888,1.809487095169434,9,9
rte_95,2025-01-28,perfect_foresight_upper_bound,7200.982022325552,0.0,7200.982022325552,1.9047232580730888,1.8094870951694342,9,9
rte_95,2025-01-29,perfect_foresight_upper_bound,7675.132493439847,0.0,7675.132493439847,1.6415653633362464,1.5594870951694342,8,8
rte_95,2025-01-30,perfect_foresight_upper_bound,11038.2033794995,0.0,11038.2033794995,2.1365721553523342,2.029743547584717,10,9
rte_95,2025-01-31,perfect_foresight_upper_bound,8613.231335757231,0.0,8613.231335757231,1.9047232580730888,1.8094870951694342,9,9
rte_95,2025-02-01,perfect_foresight_upper_bound,5463.586158976208,0.0,5463.586158976208,2.926045839562861,2.779743547584717,14,12
rte_95,2025-02-02,perfect_foresight_upper_bound,3740.4942064391184,0.0,3740.4942064391184,1.731174022502185,1.6446153213770756,8,9
rte_95,2025-02-03,perfect_foresight_upper_bound,7055.344073172701,0.0,7055.344073172701,2.154723258073089,2.046987095169434,10,10
rte_95,2025-02-04,perfect_foresight_upper_bound,9244.465234363368,0.0,9244.465234363368,1.981174022502185,1.8821153213770754,9,10
rte_95,2025-02-05,perfect_foresight_upper_bound,11593.331255699748,0.0,11593.331255699748,1.981174022502185,1.8821153213770754,9,10
rte_95,2025-02-06,perfect_foresight_upper_bound,13079.614012210961,0.0,13079.614012210961,1.9811740225021852,1.8821153213770754,9,10
rte_95,2025-02-07,perfect_foresight_upper_bound,8768.21079166149,0.0,8768.21079166149,1.8915653633362468,1.7969870951694338,9,9
rte_95,2025-02-08,perfect_foresight_upper_bound,9251.652132284764,0.0,9251.652132284764,2.167881152809931,2.059487095169434,11,10
rte_95,2025-02-09,perfect_foresight_upper_bound,6674.282242960678,0.0,6674.282242960678,2.199865025044588,2.0898717737923582,10,10
rte_95,2025-02-10,perfect_foresight_upper_bound,11619.403819882196,0.0,11619.403819882196,1.6415653633362466,1.5594870951694342,8,8
rte_95,2025-02-11,perfect_foresight_upper_bound,9768.631603976411,0.0,9768.631603976411,1.6102563658786497,1.529743547584717,8,7
rte_95,2025-02-12,perfect_foresight_upper_bound,9136.400143562036,0.0,9136.400143562036,2.1678811528099313,2.059487095169434,11,10
rte_95,2025-02-13,perfect_foresight_upper_bound,9445.779280401299,0.0,9445.779280401299,1.9047232580730888,1.809487095169434,9,9
rte_95,2025-02-14,perfect_foresight_upper_bound,12354.16913220621,0.0,12354.16913220621,2.0839405764049657,1.9797435475847167,9,10
rte_95,2025-02-15,perfect_foresight_upper_bound,9427.48207378156,0.0,9427.48207378156,2.154723258073089,2.0469870951694342,10,10
rte_95,2025-02-16,perfect_foresight_upper_bound,9365.97512213867,0.0,9365.97512213867,1.9047232580730888,1.809487095169434,10,9
rte_95,2025-02-17,perfect_foresight_upper_bound,10752.942220268105,0.0,10752.942220268105,1.9811740225021852,1.8821153213770754,9,10
rte_95,2025-02-18,perfect_foresight_upper_bound,11161.501628719228,0.0,11161.501628719228,2.481174022502185,2.3571153213770755,11,12
rte_95,2025-02-19,perfect_foresight_upper_bound,13714.693395657441,0.0,13714.693395657441,1.6415653633362468,1.5594870951694342,8,8
rte_95,2025-02-20,perfect_foresight_upper_bound,12374.80605215006,0.0,12374.80605215006,1.6415653633362468,1.559487095169434,8,8
rte_95,2025-02-21,perfect_foresight_upper_bound,11346.689398330756,0.0,11346.689398330756,1.6415653633362468,1.5594870951694342,8,8
rte_95,2025-02-22,perfect_foresight_upper_bound,11087.643070767861,0.0,11087.643070767861,1.8915653633362468,1.7969870951694342,9,9
rte_95,2025-02-23,perfect_foresight_upper_bound,9100.586728254106,0.0,9100.586728254106,1.6102563658786497,1.529743547584717,8,7
rte_95,2025-02-24,perfect_foresight_upper_bound,11523.844489957519,0.0,11523.844489957519,1.8915653633362468,1.796987095169434,9,9
rte_95,2025-02-25,perfect_foresight_upper_bound,14758.14788400184,0.0,14758.14788400184,1.8207826816681232,1.7297435475847167,8,9
rte_95,2025-02-26,perfect_foresight_upper_bound,11579.748112436362,0.0,11579.748112436362,1.9047232580730888,1.809487095169434,9,9
rte_95,2025-02-27,perfect_foresight_upper_bound,12251.462887856052,0.0,12251.462887856052,1.6415653633362468,1.559487095169434,8,8
rte_95,2025-02-28,perfect_foresight_upper_bound,6335.946164851829,0.0,6335.946164851829,1.6415653633362466,1.5594870951694342,8,8
rte_95,2025-03-01,perfect_foresight_upper_bound,11581.693466817178,0.0,11581.693466817178,1.4811740225021852,1.4071153213770755,7,7
rte_95,2025-03-02,perfect_foresight_upper_bound,9830.970605237184,0.0,9830.970605237184,1.8915653633362468,1.7969870951694342,9,9
rte_95,2025-03-03,perfect_foresight_upper_bound,8314.477132495558,0.0,8314.477132495558,1.3207826816681234,1.254743547584717,6,6
rte_95,2025-03-04,perfect_foresight_upper_bound,23037.663003726364,0.0,23037.663003726364,1.9047232580730888,1.8094870951694342,10,9
rte_95,2025-03-05,perfect_foresight_upper_bound,12347.368791296265,0.0,12347.368791296265,1.9943319172390273,1.8946153213770756,10,10
rte_95,2025-03-06,perfect_foresight_upper_bound,9957.920722039446,0.0,9957.920722039446,1.6415653633362466,1.5594870951694342,8,8
rte_95,2025-03-07,perfect_foresight_upper_bound,14797.000906659796,0.0,14797.000906659796,1.6415653633362468,1.559487095169434,8,8
rte_95,2025-03-08,perfect_foresight_upper_bound,8279.104837841433,0.0,8279.104837841433,2.6810390475467734,2.546987095169434,13,12
rte_95,2025-03-09,perfect_foresight_upper_bound,13257.553634483009,0.0,13257.553634483009,1.4811740225021852,1.4071153213770755,7,7
rte_95,2025-03-10,perfect_foresight_upper_bound,11771.23847298791,0.0,11771.23847298791,1.6415653633362466,1.559487095169434,8,8
rte_95,2025-03-11,perfect_foresight_upper_bound,8409.491961146372,0.0,8409.491961146372,1.6415653633362466,1.559487095169434,8,8
rte_95,2025-03-12,perfect_foresight_upper_bound,7690.106181977204,0.0,7690.106181977204,1.6415653633362468,1.559487095169434,8,8
rte_95,2025-03-13,perfect_foresight_upper_bound,7114.130165349303,0.0,7114.130165349303,2.1415653633362464,2.0344870951694336,10,10
rte_95,2025-03-14,perfect_foresight_upper_bound,13139.974662673534,0.0,13139.974662673534,1.731174022502185,1.6446153213770753,8,9
rte_95,2025-03-15,perfect_foresight_upper_bound,5213.100552835929,0.0,5213.100552835929,1.8915653633362466,1.7969870951694342,9,9
rte_95,2025-03-16,perfect_foresight_upper_bound,3548.5152556092307,0.0,3548.5152556092307,1.6415653633362466,1.5594870951694342,8,8
rte_95,2025-03-17,perfect_foresight_upper_bound,9278.787166062892,0.0,9278.787166062892,1.6415653633362466,1.5594870951694342,8,8
rte_95,2025-03-18,perfect_foresight_upper_bound,11303.907233197566,0.0,11303.907233197566,1.6415653633362468,1.559487095169434,8,8
rte_95,2025-03-19,perfect_foresight_upper_bound,11913.105777007953,0.0,11913.105777007953,1.9047232580730888,1.8094870951694342,9,9
rte_95,2025-03-20,perfect_foresight_upper_bound,14017.765884996796,0.0,14017.765884996796,1.6415653633362468,1.5594870951694342,8,8
rte_95,2025-03-21,perfect_foresight_upper_bound,10317.469647010412,0.0,10317.469647010412,1.8915653633362466,1.796987095169434,9,9
rte_95,2025-03-22,perfect_foresight_upper_bound,10364.362309236636,0.0,10364.362309236636,1.481174022502185,1.4071153213770755,7,7
rte_95,2025-03-23,perfect_foresight_upper_bound,8680.680655246482,0.0,8680.680655246482,1.2311740225021852,1.1696153213770755,6,6
rte_95,2025-03-24,perfect_foresight_upper_bound,4229.072175233564,0.0,4229.072175233564,1.6415653633362468,1.559487095169434,8,8
rte_95,2025-03-25,perfect_foresight_upper_bound,8967.359616460764,0.0,8967.359616460764,1.9047232580730888,1.809487095169434,9,9
rte_95,2025-03-26,perfect_foresight_upper_bound,10226.67442736047,0.0,10226.67442736047,1.8915653633362468,1.796987095169434,9,9
rte_95,2025-03-27,perfect_foresight_upper_bound,6580.694347449445,0.0,6580.694347449445,2.431039047546773,2.309487095169434,13,11
rte_95,2025-03-28,perfect_foresight_upper_bound,4138.927944985773,0.0,4138.927944985773,2.3915653633362464,2.271987095169434,11,11
rte_95,2025-03-29,perfect_foresight_upper_bound,8085.2919278408635,0.0,8085.2919278408635,1.5970984711418077,1.517243547584717,8,7
rte_95,2025-03-30,perfect_foresight_upper_bound,10258.366180907695,0.0,10258.366180907695,1.9047232580730888,1.8094870951694342,9,9
rte_95,2025-03-31,perfect_foresight_upper_bound,8284.812505031317,0.0,8284.812505031317,1.9047232580730888,1.8094870951694342,9,9
cost_1,2024-04-01,no_operation,0.0,0.0,0.0,0.0,0.0,0,0
cost_1,2024-04-02,no_operation,0.0,0.0,0.0,0.0,0.0,0,0
cost_1,2024-04-03,no_operation,0.0,0.0,0.0,0.0,0.0,0,0
cost_1,2024-04-04,no_operation,0.0,0.0,0.0,0.0,0.0,0,0
cost_1,2024-04-05,no_operation,0.0,0.0,0.0,0.0,0.0,0,0
cost_1,2024-04-06,no_operation,0.0,0.0,0.0,0.0,0.0,0,0
cost_1,2024-04-07,no_operation,0.0,0.0,0.0,0.0,0.0,0,0
cost_1,2024-04-08,no_operation,0.0,0.0,0.0,0.0,0.0,0,0
cost_1,2024-04-09,no_operation,0.0,0.0,0.0,0.0,0.0,0,0
cost_1,2024-04-10,no_operation,0.0,0.0,0.0,0.0,0.0,0,0
cost_1,2024-04-11,no_operation,0.0,0.0,0.0,0.0,0.0,0,0
cost_1,2024-04-12,no_operation,0.0,0.0,0.0,0.0,0.0,0,0
cost_1,2024-04-13,no_operation,0.0,0.0,0.0,0.0,0.0,0,0
cost_1,2024-04-14,no_operation,0.0,0.0,0.0,0.0,0.0,0,0
cost_1,2024-04-15,no_operation,0.0,0.0,0.0,0.0,0.0,0,0
cost_1,2024-04-16,no_operation,0.0,0.0,0.0,0.0,0.0,0,0
cost_1,2024-04-17,no_operation,0.0,0.0,0.0,0.0,0.0,0,0
cost_1,2024-04-18,no_operation,0.0,0.0,0.0,0.0,0.0,0,0
cost_1,2024-04-19,no_operation,0.0,0.0,0.0,0.0,0.0,0,0
cost_1,2024-04-20,no_operation,0.0,0.0,0.0,0.0,0.0,0,0
cost_1,2024-04-21,no_operation,0.0,0.0,0.0,0.0,0.0,0,0
cost_1,2024-04-22,no_operation,0.0,0.0,0.0,0.0,0.0,0,0
cost_1,2024-04-23,no_operation,0.0,0.0,0.0,0.0,0.0,0,0
cost_1,2024-04-24,no_operation,0.0,0.0,0.0,0.0,0.0,0,0
cost_1,2024-04-25,no_operation,0.0,0.0,0.0,0.0,0.0,0,0
cost_1,2024-04-26,no_operation,0.0,0.0,0.0,0.0,0.0,0,0
cost_1,2024-04-27,no_operation,0.0,0.0,0.0,0.0,0.0,0,0
cost_1,2024-04-28,no_operation,0.0,0.0,0.0,0.0,0.0,0,0
cost_1,2024-04-29,no_operation,0.0,0.0,0.0,0.0,0.0,0,0
cost_1,2024-04-30,no_operation,0.0,0.0,0.0,0.0,0.0,0,0
cost_1,2024-05-01,no_operation,0.0,0.0,0.0,0.0,0.0,0,0
cost_1,2024-05-02,no_operation,0.0,0.0,0.0,0.0,0.0,0,0
cost_1,2024-05-03,no_operation,0.0,0.0,0.0,0.0,0.0,0,0
cost_1,2024-05-04,no_operation,0.0,0.0,0.0,0.0,0.0,0,0
cost_1,2024-05-05,no_operation,0.0,0.0,0.0,0.0,0.0,0,0
cost_1,2024-05-06,no_operation,0.0,0.0,0.0,0.0,0.0,0,0
cost_1,2024-05-07,no_operation,0.0,0.0,0.0,0.0,0.0,0,0
cost_1,2024-05-08,no_operation,0.0,0.0,0.0,0.0,0.0,0,0
cost_1,2024-05-09,no_operation,0.0,0.0,0.0,0.0,0.0,0,0
cost_1,2024-05-10,no_operation,0.0,0.0,0.0,0.0,0.0,0,0
cost_1,2024-05-11,no_operation,0.0,0.0,0.0,0.0,0.0,0,0
cost_1,2024-05-12,no_operation,0.0,0.0,0.0,0.0,0.0,0,0
cost_1,2024-05-13,no_operation,0.0,0.0,0.0,0.0,0.0,0,0
cost_1,2024-05-14,no_operation,0.0,0.0,0.0,0.0,0.0,0,0
cost_1,2024-05-15,no_operation,0.0,0.0,0.0,0.0,0.0,0,0
cost_1,2024-05-16,no_operation,0.0,0.0,0.0,0.0,0.0,0,0
cost_1,2024-05-17,no_operation,0.0,0.0,0.0,0.0,0.0,0,0
cost_1,2024-05-18,no_operation,0.0,0.0,0.0,0.0,0.0,0,0
cost_1,2024-05-19,no_operation,0.0,0.0,0.0,0.0,0.0,0,0
cost_1,2024-05-20,no_operation,0.0,0.0,0.0,0.0,0.0,0,0
cost_1,2024-05-21,no_operation,0.0,0.0,0.0,0.0,0.0,0,0
cost_1,2024-05-22,no_operation,0.0,0.0,0.0,0.0,0.0,0,0
cost_1,2024-05-23,no_operation,0.0,0.0,0.0,0.0,0.0,0,0
cost_1,2024-05-24,no_operation,0.0,0.0,0.0,0.0,0.0,0,0
cost_1,2024-05-25,no_operation,0.0,0.0,0.0,0.0,0.0,0,0
cost_1,2024-05-26,no_operation,0.0,0.0,0.0,0.0,0.0,0,0
cost_1,2024-05-27,no_operation,0.0,0.0,0.0,0.0,0.0,0,0
cost_1,2024-05-28,no_operation,0.0,0.0,0.0,0.0,0.0,0,0
cost_1,2024-05-29,no_operation,0.0,0.0,0.0,0.0,0.0,0,0
cost_1,2024-05-30,no_operation,0.0,0.0,0.0,0.0,0.0,0,0
cost_1,2024-05-31,no_operation,0.0,0.0,0.0,0.0,0.0,0,0
cost_1,2024-06-01,no_operation,0.0,0.0,0.0,0.0,0.0,0,0
cost_1,2024-06-02,no_operation,0.0,0.0,0.0,0.0,0.0,0,0
cost_1,2024-06-03,no_operation,0.0,0.0,0.0,0.0,0.0,0,0
cost_1,2024-06-04,no_operation,0.0,0.0,0.0,0.0,0.0,0,0
cost_1,2024-06-05,no_operation,0.0,0.0,0.0,0.0,0.0,0,0
cost_1,2024-06-06,no_operation,0.0,0.0,0.0,0.0,0.0,0,0
cost_1,2024-06-07,no_operation,0.0,0.0,0.0,0.0,0.0,0,0
cost_1,2024-06-08,no_operation,0.0,0.0,0.0,0.0,0.0,0,0
cost_1,2024-06-09,no_operation,0.0,0.0,0.0,0.0,0.0,0,0
cost_1,2024-06-10,no_operation,0.0,0.0,0.0,0.0,0.0,0,0
cost_1,2024-06-11,no_operation,0.0,0.0,0.0,0.0,0.0,0,0
cost_1,2024-06-12,no_operation,0.0,0.0,0.0,0.0,0.0,0,0
cost_1,2024-06-13,no_operation,0.0,0.0,0.0,0.0,0.0,0,0
cost_1,2024-06-14,no_operation,0.0,0.0,0.0,0.0,0.0,0,0
cost_1,2024-06-15,no_operation,0.0,0.0,0.0,0.0,0.0,0,0
cost_1,2024-06-16,no_operation,0.0,0.0,0.0,0.0,0.0,0,0
cost_1,2024-06-17,no_operation,0.0,0.0,0.0,0.0,0.0,0,0
cost_1,2024-06-18,no_operation,0.0,0.0,0.0,0.0,0.0,0,0
cost_1,2024-06-19,no_operation,0.0,0.0,0.0,0.0,0.0,0,0
cost_1,2024-06-20,no_operation,0.0,0.0,0.0,0.0,0.0,0,0
cost_1,2024-06-21,no_operation,0.0,0.0,0.0,0.0,0.0,0,0
cost_1,2024-06-22,no_operation,0.0,0.0,0.0,0.0,0.0,0,0
cost_1,2024-06-23,no_operation,0.0,0.0,0.0,0.0,0.0,0,0
cost_1,2024-06-24,no_operation,0.0,0.0,0.0,0.0,0.0,0,0
cost_1,2024-06-25,no_operation,0.0,0.0,0.0,0.0,0.0,0,0
cost_1,2024-06-26,no_operation,0.0,0.0,0.0,0.0,0.0,0,0
cost_1,2024-06-27,no_operation,0.0,0.0,0.0,0.0,0.0,0,0
cost_1,2024-06-28,no_operation,0.0,0.0,0.0,0.0,0.0,0,0
cost_1,2024-06-29,no_operation,0.0,0.0,0.0,0.0,0.0,0,0
cost_1,2024-06-30,no_operation,0.0,0.0,0.0,0.0,0.0,0,0
cost_1,2024-07-01,no_operation,0.0,0.0,0.0,0.0,0.0,0,0
cost_1,2024-07-02,no_operation,0.0,0.0,0.0,0.0,0.0,0,0
cost_1,2024-07-03,no_operation,0.0,0.0,0.0,0.0,0.0,0,0
cost_1,2024-07-04,no_operation,0.0,0.0,0.0,0.0,0.0,0,0
cost_1,2024-07-05,no_operation,0.0,0.0,0.0,0.0,0.0,0,0
cost_1,2024-07-06,no_operation,0.0,0.0,0.0,0.0,0.0,0,0
cost_1,2024-07-07,no_operation,0.0,0.0,0.0,0.0,0.0,0,0
cost_1,2024-07-08,no_operation,0.0,0.0,0.0,0.0,0.0,0,0
cost_1,2024-07-09,no_operation,0.0,0.0,0.0,0.0,0.0,0,0
cost_1,2024-07-10,no_operation,0.0,0.0,0.0,0.0,0.0,0,0
cost_1,2024-07-11,no_operation,0.0,0.0,0.0,0.0,0.0,0,0
cost_1,2024-07-12,no_operation,0.0,0.0,0.0,0.0,0.0,0,0
cost_1,2024-07-13,no_operation,0.0,0.0,0.0,0.0,0.0,0,0
cost_1,2024-07-14,no_operation,0.0,0.0,0.0,0.0,0.0,0,0
cost_1,2024-07-15,no_operation,0.0,0.0,0.0,0.0,0.0,0,0
cost_1,2024-07-16,no_operation,0.0,0.0,0.0,0.0,0.0,0,0
cost_1,2024-07-17,no_operation,0.0,0.0,0.0,0.0,0.0,0,0
cost_1,2024-07-18,no_operation,0.0,0.0,0.0,0.0,0.0,0,0
cost_1,2024-07-19,no_operation,0.0,0.0,0.0,0.0,0.0,0,0
cost_1,2024-07-20,no_operation,0.0,0.0,0.0,0.0,0.0,0,0
cost_1,2024-07-21,no_operation,0.0,0.0,0.0,0.0,0.0,0,0
cost_1,2024-07-22,no_operation,0.0,0.0,0.0,0.0,0.0,0,0
cost_1,2024-07-23,no_operation,0.0,0.0,0.0,0.0,0.0,0,0
cost_1,2024-07-24,no_operation,0.0,0.0,0.0,0.0,0.0,0,0
cost_1,2024-07-25,no_operation,0.0,0.0,0.0,0.0,0.0,0,0
cost_1,2024-07-26,no_operation,0.0,0.0,0.0,0.0,0.0,0,0
cost_1,2024-07-27,no_operation,0.0,0.0,0.0,0.0,0.0,0,0
cost_1,2024-07-28,no_operation,0.0,0.0,0.0,0.0,0.0,0,0
cost_1,2024-07-29,no_operation,0.0,0.0,0.0,0.0,0.0,0,0
cost_1,2024-07-30,no_operation,0.0,0.0,0.0,0.0,0.0,0,0
cost_1,2024-07-31,no_operation,0.0,0.0,0.0,0.0,0.0,0,0
cost_1,2024-08-01,no_operation,0.0,0.0,0.0,0.0,0.0,0,0
cost_1,2024-08-02,no_operation,0.0,0.0,0.0,0.0,0.0,0,0
cost_1,2024-08-03,no_operation,0.0,0.0,0.0,0.0,0.0,0,0
cost_1,2024-08-04,no_operation,0.0,0.0,0.0,0.0,0.0,0,0
cost_1,2024-08-05,no_operation,0.0,0.0,0.0,0.0,0.0,0,0
cost_1,2024-08-06,no_operation,0.0,0.0,0.0,0.0,0.0,0,0
cost_1,2024-08-07,no_operation,0.0,0.0,0.0,0.0,0.0,0,0
cost_1,2024-08-08,no_operation,0.0,0.0,0.0,0.0,0.0,0,0
cost_1,2024-08-09,no_operation,0.0,0.0,0.0,0.0,0.0,0,0
cost_1,2024-08-10,no_operation,0.0,0.0,0.0,0.0,0.0,0,0
cost_1,2024-08-11,no_operation,0.0,0.0,0.0,0.0,0.0,0,0
cost_1,2024-08-12,no_operation,0.0,0.0,0.0,0.0,0.0,0,0
cost_1,2024-08-13,no_operation,0.0,0.0,0.0,0.0,0.0,0,0
cost_1,2024-08-14,no_operation,0.0,0.0,0.0,0.0,0.0,0,0
cost_1,2024-08-15,no_operation,0.0,0.0,0.0,0.0,0.0,0,0
cost_1,2024-08-16,no_operation,0.0,0.0,0.0,0.0,0.0,0,0
cost_1,2024-08-17,no_operation,0.0,0.0,0.0,0.0,0.0,0,0
cost_1,2024-08-18,no_operation,0.0,0.0,0.0,0.0,0.0,0,0
cost_1,2024-08-19,no_operation,0.0,0.0,0.0,0.0,0.0,0,0
cost_1,2024-08-20,no_operation,0.0,0.0,0.0,0.0,0.0,0,0
cost_1,2024-08-21,no_operation,0.0,0.0,0.0,0.0,0.0,0,0
cost_1,2024-08-22,no_operation,0.0,0.0,0.0,0.0,0.0,0,0
cost_1,2024-08-23,no_operation,0.0,0.0,0.0,0.0,0.0,0,0
cost_1,2024-08-24,no_operation,0.0,0.0,0.0,0.0,0.0,0,0
cost_1,2024-08-25,no_operation,0.0,0.0,0.0,0.0,0.0,0,0
cost_1,2024-08-26,no_operation,0.0,0.0,0.0,0.0,0.0,0,0
cost_1,2024-08-27,no_operation,0.0,0.0,0.0,0.0,0.0,0,0
cost_1,2024-08-28,no_operation,0.0,0.0,0.0,0.0,0.0,0,0
cost_1,2024-08-29,no_operation,0.0,0.0,0.0,0.0,0.0,0,0
cost_1,2024-08-30,no_operation,0.0,0.0,0.0,0.0,0.0,0,0
cost_1,2024-08-31,no_operation,0.0,0.0,0.0,0.0,0.0,0,0
cost_1,2024-09-01,no_operation,0.0,0.0,0.0,0.0,0.0,0,0
cost_1,2024-09-02,no_operation,0.0,0.0,0.0,0.0,0.0,0,0
cost_1,2024-09-03,no_operation,0.0,0.0,0.0,0.0,0.0,0,0
cost_1,2024-09-04,no_operation,0.0,0.0,0.0,0.0,0.0,0,0
cost_1,2024-09-05,no_operation,0.0,0.0,0.0,0.0,0.0,0,0
cost_1,2024-09-06,no_operation,0.0,0.0,0.0,0.0,0.0,0,0
cost_1,2024-09-07,no_operation,0.0,0.0,0.0,0.0,0.0,0,0
cost_1,2024-09-08,no_operation,0.0,0.0,0.0,0.0,0.0,0,0
cost_1,2024-09-09,no_operation,0.0,0.0,0.0,0.0,0.0,0,0
cost_1,2024-09-10,no_operation,0.0,0.0,0.0,0.0,0.0,0,0
cost_1,2024-09-11,no_operation,0.0,0.0,0.0,0.0,0.0,0,0
cost_1,2024-09-12,no_operation,0.0,0.0,0.0,0.0,0.0,0,0
cost_1,2024-09-13,no_operation,0.0,0.0,0.0,0.0,0.0,0,0
cost_1,2024-09-14,no_operation,0.0,0.0,0.0,0.0,0.0,0,0
cost_1,2024-09-15,no_operation,0.0,0.0,0.0,0.0,0.0,0,0
cost_1,2024-09-16,no_operation,0.0,0.0,0.0,0.0,0.0,0,0
cost_1,2024-09-17,no_operation,0.0,0.0,0.0,0.0,0.0,0,0
cost_1,2024-09-18,no_operation,0.0,0.0,0.0,0.0,0.0,0,0
cost_1,2024-09-19,no_operation,0.0,0.0,0.0,0.0,0.0,0,0
cost_1,2024-09-20,no_operation,0.0,0.0,0.0,0.0,0.0,0,0
cost_1,2024-09-21,no_operation,0.0,0.0,0.0,0.0,0.0,0,0
cost_1,2024-09-22,no_operation,0.0,0.0,0.0,0.0,0.0,0,0
cost_1,2024-09-23,no_operation,0.0,0.0,0.0,0.0,0.0,0,0
cost_1,2024-09-24,no_operation,0.0,0.0,0.0,0.0,0.0,0,0
cost_1,2024-09-25,no_operation,0.0,0.0,0.0,0.0,0.0,0,0
cost_1,2024-09-26,no_operation,0.0,0.0,0.0,0.0,0.0,0,0
cost_1,2024-09-27,no_operation,0.0,0.0,0.0,0.0,0.0,0,0
cost_1,2024-09-28,no_operation,0.0,0.0,0.0,0.0,0.0,0,0
cost_1,2024-09-29,no_operation,0.0,0.0,0.0,0.0,0.0,0,0
cost_1,2024-09-30,no_operation,0.0,0.0,0.0,0.0,0.0,0,0
cost_1,2024-10-01,no_operation,0.0,0.0,0.0,0.0,0.0,0,0
cost_1,2024-10-02,no_operation,0.0,0.0,0.0,0.0,0.0,0,0
cost_1,2024-10-03,no_operation,0.0,0.0,0.0,0.0,0.0,0,0
cost_1,2024-10-04,no_operation,0.0,0.0,0.0,0.0,0.0,0,0
cost_1,2024-10-05,no_operation,0.0,0.0,0.0,0.0,0.0,0,0
cost_1,2024-10-06,no_operation,0.0,0.0,0.0,0.0,0.0,0,0
cost_1,2024-10-07,no_operation,0.0,0.0,0.0,0.0,0.0,0,0
cost_1,2024-10-08,no_operation,0.0,0.0,0.0,0.0,0.0,0,0
cost_1,2024-10-09,no_operation,0.0,0.0,0.0,0.0,0.0,0,0
cost_1,2024-10-10,no_operation,0.0,0.0,0.0,0.0,0.0,0,0
cost_1,2024-10-11,no_operation,0.0,0.0,0.0,0.0,0.0,0,0
cost_1,2024-10-12,no_operation,0.0,0.0,0.0,0.0,0.0,0,0
cost_1,2024-10-13,no_operation,0.0,0.0,0.0,0.0,0.0,0,0
cost_1,2024-10-14,no_operation,0.0,0.0,0.0,0.0,0.0,0,0
cost_1,2024-10-15,no_operation,0.0,0.0,0.0,0.0,0.0,0,0
cost_1,2024-10-16,no_operation,0.0,0.0,0.0,0.0,0.0,0,0
cost_1,2024-10-17,no_operation,0.0,0.0,0.0,0.0,0.0,0,0
cost_1,2024-10-18,no_operation,0.0,0.0,0.0,0.0,0.0,0,0
cost_1,2024-10-19,no_operation,0.0,0.0,0.0,0.0,0.0,0,0
cost_1,2024-10-20,no_operation,0.0,0.0,0.0,0.0,0.0,0,0
cost_1,2024-10-21,no_operation,0.0,0.0,0.0,0.0,0.0,0,0
cost_1,2024-10-22,no_operation,0.0,0.0,0.0,0.0,0.0,0,0
cost_1,2024-10-23,no_operation,0.0,0.0,0.0,0.0,0.0,0,0
cost_1,2024-10-24,no_operation,0.0,0.0,0.0,0.0,0.0,0,0
cost_1,2024-10-25,no_operation,0.0,0.0,0.0,0.0,0.0,0,0
cost_1,2024-10-26,no_operation,0.0,0.0,0.0,0.0,0.0,0,0
cost_1,2024-10-27,no_operation,0.0,0.0,0.0,0.0,0.0,0,0
cost_1,2024-10-28,no_operation,0.0,0.0,0.0,0.0,0.0,0,0
cost_1,2024-10-29,no_operation,0.0,0.0,0.0,0.0,0.0,0,0
cost_1,2024-10-30,no_operation,0.0,0.0,0.0,0.0,0.0,0,0
cost_1,2024-10-31,no_operation,0.0,0.0,0.0,0.0,0.0,0,0
cost_1,2024-11-01,no_operation,0.0,0.0,0.0,0.0,0.0,0,0
cost_1,2024-11-02,no_operation,0.0,0.0,0.0,0.0,0.0,0,0
cost_1,2024-11-03,no_operation,0.0,0.0,0.0,0.0,0.0,0,0
cost_1,2024-11-04,no_operation,0.0,0.0,0.0,0.0,0.0,0,0
cost_1,2024-11-05,no_operation,0.0,0.0,0.0,0.0,0.0,0,0
cost_1,2024-11-06,no_operation,0.0,0.0,0.0,0.0,0.0,0,0
cost_1,2024-11-07,no_operation,0.0,0.0,0.0,0.0,0.0,0,0
cost_1,2024-11-08,no_operation,0.0,0.0,0.0,0.0,0.0,0,0
cost_1,2024-11-09,no_operation,0.0,0.0,0.0,0.0,0.0,0,0
cost_1,2024-11-10,no_operation,0.0,0.0,0.0,0.0,0.0,0,0
cost_1,2024-11-11,no_operation,0.0,0.0,0.0,0.0,0.0,0,0
cost_1,2024-11-12,no_operation,0.0,0.0,0.0,0.0,0.0,0,0
cost_1,2024-11-13,no_operation,0.0,0.0,0.0,0.0,0.0,0,0
cost_1,2024-11-14,no_operation,0.0,0.0,0.0,0.0,0.0,0,0
cost_1,2024-11-15,no_operation,0.0,0.0,0.0,0.0,0.0,0,0
cost_1,2024-11-16,no_operation,0.0,0.0,0.0,0.0,0.0,0,0
cost_1,2024-11-17,no_operation,0.0,0.0,0.0,0.0,0.0,0,0
cost_1,2024-11-18,no_operation,0.0,0.0,0.0,0.0,0.0,0,0
cost_1,2024-11-19,no_operation,0.0,0.0,0.0,0.0,0.0,0,0
cost_1,2024-11-20,no_operation,0.0,0.0,0.0,0.0,0.0,0,0
cost_1,2024-11-21,no_operation,0.0,0.0,0.0,0.0,0.0,0,0
cost_1,2024-11-22,no_operation,0.0,0.0,0.0,0.0,0.0,0,0
cost_1,2024-11-23,no_operation,0.0,0.0,0.0,0.0,0.0,0,0
cost_1,2024-11-24,no_operation,0.0,0.0,0.0,0.0,0.0,0,0
cost_1,2024-11-25,no_operation,0.0,0.0,0.0,0.0,0.0,0,0
cost_1,2024-11-26,no_operation,0.0,0.0,0.0,0.0,0.0,0,0
cost_1,2024-11-27,no_operation,0.0,0.0,0.0,0.0,0.0,0,0
cost_1,2024-11-28,no_operation,0.0,0.0,0.0,0.0,0.0,0,0
cost_1,2024-11-29,no_operation,0.0,0.0,0.0,0.0,0.0,0,0
cost_1,2024-11-30,no_operation,0.0,0.0,0.0,0.0,0.0,0,0
cost_1,2024-12-01,no_operation,0.0,0.0,0.0,0.0,0.0,0,0
cost_1,2024-12-02,no_operation,0.0,0.0,0.0,0.0,0.0,0,0
cost_1,2024-12-03,no_operation,0.0,0.0,0.0,0.0,0.0,0,0
cost_1,2024-12-04,no_operation,0.0,0.0,0.0,0.0,0.0,0,0
cost_1,2024-12-05,no_operation,0.0,0.0,0.0,0.0,0.0,0,0
cost_1,2024-12-06,no_operation,0.0,0.0,0.0,0.0,0.0,0,0
cost_1,2024-12-07,no_operation,0.0,0.0,0.0,0.0,0.0,0,0
cost_1,2024-12-08,no_operation,0.0,0.0,0.0,0.0,0.0,0,0
cost_1,2024-12-09,no_operation,0.0,0.0,0.0,0.0,0.0,0,0
cost_1,2024-12-10,no_operation,0.0,0.0,0.0,0.0,0.0,0,0
cost_1,2024-12-11,no_operation,0.0,0.0,0.0,0.0,0.0,0,0
cost_1,2024-12-12,no_operation,0.0,0.0,0.0,0.0,0.0,0,0
cost_1,2024-12-13,no_operation,0.0,0.0,0.0,0.0,0.0,0,0
cost_1,2024-12-14,no_operation,0.0,0.0,0.0,0.0,0.0,0,0
cost_1,2024-12-15,no_operation,0.0,0.0,0.0,0.0,0.0,0,0
cost_1,2024-12-16,no_operation,0.0,0.0,0.0,0.0,0.0,0,0
cost_1,2024-12-17,no_operation,0.0,0.0,0.0,0.0,0.0,0,0
cost_1,2024-12-18,no_operation,0.0,0.0,0.0,0.0,0.0,0,0
cost_1,2024-12-19,no_operation,0.0,0.0,0.0,0.0,0.0,0,0
cost_1,2024-12-20,no_operation,0.0,0.0,0.0,0.0,0.0,0,0
cost_1,2024-12-21,no_operation,0.0,0.0,0.0,0.0,0.0,0,0
cost_1,2024-12-22,no_operation,0.0,0.0,0.0,0.0,0.0,0,0
cost_1,2024-12-23,no_operation,0.0,0.0,0.0,0.0,0.0,0,0
cost_1,2024-12-24,no_operation,0.0,0.0,0.0,0.0,0.0,0,0
cost_1,2024-12-25,no_operation,0.0,0.0,0.0,0.0,0.0,0,0
cost_1,2024-12-26,no_operation,0.0,0.0,0.0,0.0,0.0,0,0
cost_1,2024-12-27,no_operation,0.0,0.0,0.0,0.0,0.0,0,0
cost_1,2024-12-28,no_operation,0.0,0.0,0.0,0.0,0.0,0,0
cost_1,2024-12-29,no_operation,0.0,0.0,0.0,0.0,0.0,0,0
cost_1,2024-12-30,no_operation,0.0,0.0,0.0,0.0,0.0,0,0
cost_1,2024-12-31,no_operation,0.0,0.0,0.0,0.0,0.0,0,0
cost_1,2025-01-01,no_operation,0.0,0.0,0.0,0.0,0.0,0,0
cost_1,2025-01-02,no_operation,0.0,0.0,0.0,0.0,0.0,0,0
cost_1,2025-01-03,no_operation,0.0,0.0,0.0,0.0,0.0,0,0
cost_1,2025-01-04,no_operation,0.0,0.0,0.0,0.0,0.0,0,0
cost_1,2025-01-05,no_operation,0.0,0.0,0.0,0.0,0.0,0,0
cost_1,2025-01-06,no_operation,0.0,0.0,0.0,0.0,0.0,0,0
cost_1,2025-01-07,no_operation,0.0,0.0,0.0,0.0,0.0,0,0
cost_1,2025-01-08,no_operation,0.0,0.0,0.0,0.0,0.0,0,0
cost_1,2025-01-09,no_operation,0.0,0.0,0.0,0.0,0.0,0,0
cost_1,2025-01-10,no_operation,0.0,0.0,0.0,0.0,0.0,0,0
cost_1,2025-01-11,no_operation,0.0,0.0,0.0,0.0,0.0,0,0
cost_1,2025-01-12,no_operation,0.0,0.0,0.0,0.0,0.0,0,0
cost_1,2025-01-13,no_operation,0.0,0.0,0.0,0.0,0.0,0,0
cost_1,2025-01-14,no_operation,0.0,0.0,0.0,0.0,0.0,0,0
cost_1,2025-01-15,no_operation,0.0,0.0,0.0,0.0,0.0,0,0
cost_1,2025-01-16,no_operation,0.0,0.0,0.0,0.0,0.0,0,0
cost_1,2025-01-17,no_operation,0.0,0.0,0.0,0.0,0.0,0,0
cost_1,2025-01-18,no_operation,0.0,0.0,0.0,0.0,0.0,0,0
cost_1,2025-01-19,no_operation,0.0,0.0,0.0,0.0,0.0,0,0
cost_1,2025-01-20,no_operation,0.0,0.0,0.0,0.0,0.0,0,0
cost_1,2025-01-21,no_operation,0.0,0.0,0.0,0.0,0.0,0,0
cost_1,2025-01-22,no_operation,0.0,0.0,0.0,0.0,0.0,0,0
cost_1,2025-01-23,no_operation,0.0,0.0,0.0,0.0,0.0,0,0
cost_1,2025-01-24,no_operation,0.0,0.0,0.0,0.0,0.0,0,0
cost_1,2025-01-25,no_operation,0.0,0.0,0.0,0.0,0.0,0,0
cost_1,2025-01-26,no_operation,0.0,0.0,0.0,0.0,0.0,0,0
cost_1,2025-01-27,no_operation,0.0,0.0,0.0,0.0,0.0,0,0
cost_1,2025-01-28,no_operation,0.0,0.0,0.0,0.0,0.0,0,0
cost_1,2025-01-29,no_operation,0.0,0.0,0.0,0.0,0.0,0,0
cost_1,2025-01-30,no_operation,0.0,0.0,0.0,0.0,0.0,0,0
cost_1,2025-01-31,no_operation,0.0,0.0,0.0,0.0,0.0,0,0
cost_1,2025-02-01,no_operation,0.0,0.0,0.0,0.0,0.0,0,0
cost_1,2025-02-02,no_operation,0.0,0.0,0.0,0.0,0.0,0,0
cost_1,2025-02-03,no_operation,0.0,0.0,0.0,0.0,0.0,0,0
cost_1,2025-02-04,no_operation,0.0,0.0,0.0,0.0,0.0,0,0
cost_1,2025-02-05,no_operation,0.0,0.0,0.0,0.0,0.0,0,0
cost_1,2025-02-06,no_operation,0.0,0.0,0.0,0.0,0.0,0,0
cost_1,2025-02-07,no_operation,0.0,0.0,0.0,0.0,0.0,0,0
cost_1,2025-02-08,no_operation,0.0,0.0,0.0,0.0,0.0,0,0
cost_1,2025-02-09,no_operation,0.0,0.0,0.0,0.0,0.0,0,0
cost_1,2025-02-10,no_operation,0.0,0.0,0.0,0.0,0.0,0,0
cost_1,2025-02-11,no_operation,0.0,0.0,0.0,0.0,0.0,0,0
cost_1,2025-02-12,no_operation,0.0,0.0,0.0,0.0,0.0,0,0
cost_1,2025-02-13,no_operation,0.0,0.0,0.0,0.0,0.0,0,0
cost_1,2025-02-14,no_operation,0.0,0.0,0.0,0.0,0.0,0,0
cost_1,2025-02-15,no_operation,0.0,0.0,0.0,0.0,0.0,0,0
cost_1,2025-02-16,no_operation,0.0,0.0,0.0,0.0,0.0,0,0
cost_1,2025-02-17,no_operation,0.0,0.0,0.0,0.0,0.0,0,0
cost_1,2025-02-18,no_operation,0.0,0.0,0.0,0.0,0.0,0,0
cost_1,2025-02-19,no_operation,0.0,0.0,0.0,0.0,0.0,0,0
cost_1,2025-02-20,no_operation,0.0,0.0,0.0,0.0,0.0,0,0
cost_1,2025-02-21,no_operation,0.0,0.0,0.0,0.0,0.0,0,0
cost_1,2025-02-22,no_operation,0.0,0.0,0.0,0.0,0.0,0,0
cost_1,2025-02-23,no_operation,0.0,0.0,0.0,0.0,0.0,0,0
cost_1,2025-02-24,no_operation,0.0,0.0,0.0,0.0,0.0,0,0
cost_1,2025-02-25,no_operation,0.0,0.0,0.0,0.0,0.0,0,0
cost_1,2025-02-26,no_operation,0.0,0.0,0.0,0.0,0.0,0,0
cost_1,2025-02-27,no_operation,0.0,0.0,0.0,0.0,0.0,0,0
cost_1,2025-02-28,no_operation,0.0,0.0,0.0,0.0,0.0,0,0
cost_1,2025-03-01,no_operation,0.0,0.0,0.0,0.0,0.0,0,0
cost_1,2025-03-02,no_operation,0.0,0.0,0.0,0.0,0.0,0,0
cost_1,2025-03-03,no_operation,0.0,0.0,0.0,0.0,0.0,0,0
cost_1,2025-03-04,no_operation,0.0,0.0,0.0,0.0,0.0,0,0
cost_1,2025-03-05,no_operation,0.0,0.0,0.0,0.0,0.0,0,0
cost_1,2025-03-06,no_operation,0.0,0.0,0.0,0.0,0.0,0,0
cost_1,2025-03-07,no_operation,0.0,0.0,0.0,0.0,0.0,0,0
cost_1,2025-03-08,no_operation,0.0,0.0,0.0,0.0,0.0,0,0
cost_1,2025-03-09,no_operation,0.0,0.0,0.0,0.0,0.0,0,0
cost_1,2025-03-10,no_operation,0.0,0.0,0.0,0.0,0.0,0,0
cost_1,2025-03-11,no_operation,0.0,0.0,0.0,0.0,0.0,0,0
cost_1,2025-03-12,no_operation,0.0,0.0,0.0,0.0,0.0,0,0
cost_1,2025-03-13,no_operation,0.0,0.0,0.0,0.0,0.0,0,0
cost_1,2025-03-14,no_operation,0.0,0.0,0.0,0.0,0.0,0,0
cost_1,2025-03-15,no_operation,0.0,0.0,0.0,0.0,0.0,0,0
cost_1,2025-03-16,no_operation,0.0,0.0,0.0,0.0,0.0,0,0
cost_1,2025-03-17,no_operation,0.0,0.0,0.0,0.0,0.0,0,0
cost_1,2025-03-18,no_operation,0.0,0.0,0.0,0.0,0.0,0,0
cost_1,2025-03-19,no_operation,0.0,0.0,0.0,0.0,0.0,0,0
cost_1,2025-03-20,no_operation,0.0,0.0,0.0,0.0,0.0,0,0
cost_1,2025-03-21,no_operation,0.0,0.0,0.0,0.0,0.0,0,0
cost_1,2025-03-22,no_operation,0.0,0.0,0.0,0.0,0.0,0,0
cost_1,2025-03-23,no_operation,0.0,0.0,0.0,0.0,0.0,0,0
cost_1,2025-03-24,no_operation,0.0,0.0,0.0,0.0,0.0,0,0
cost_1,2025-03-25,no_operation,0.0,0.0,0.0,0.0,0.0,0,0
cost_1,2025-03-26,no_operation,0.0,0.0,0.0,0.0,0.0,0,0
cost_1,2025-03-27,no_operation,0.0,0.0,0.0,0.0,0.0,0,0
cost_1,2025-03-28,no_operation,0.0,0.0,0.0,0.0,0.0,0,0
cost_1,2025-03-29,no_operation,0.0,0.0,0.0,0.0,0.0,0,0
cost_1,2025-03-30,no_operation,0.0,0.0,0.0,0.0,0.0,0,0
cost_1,2025-03-31,no_operation,0.0,0.0,0.0,0.0,0.0,0,0
cost_1,2024-04-01,naive_forecast,8616.716118421053,2077.7302631578946,6538.985855263158,1.0921052631578947,0.985625,5,5
cost_1,2024-04-02,naive_forecast,8129.742105263158,2403.157894736842,5726.584210526316,1.2631578947368423,1.1400000000000001,6,6
cost_1,2024-04-03,naive_forecast,2786.599999999999,2403.157894736842,383.4421052631569,1.2631578947368423,1.1400000000000001,6,6
cost_1,2024-04-04,naive_forecast,1590.7747922437682,2129.1135734072022,-538.3387811634341,1.1191135734072022,1.0100000000000002,6,5
cost_1,2024-04-05,naive_forecast,4439.384210526316,2403.157894736842,2036.2263157894736,1.263157894736842,1.1400000000000001,6,6
cost_1,2024-04-06,naive_forecast,7243.047368421055,2403.157894736842,4839.889473684212,1.263157894736842,1.1400000000000001,6,6
cost_1,2024-04-07,naive_forecast,9408.42105263158,1855.0692520775624,7553.351800554017,0.9750692520775625,0.88,5,4
cost_1,2024-04-08,naive_forecast,888.1447368421052,2077.7302631578946,-1189.5855263157894,1.0921052631578947,0.985625,5,5
cost_1,2024-04-09,naive_forecast,5337.365927977842,2129.1135734072022,3208.25235457064,1.1191135734072022,1.0100000000000002,6,5
cost_1,2024-04-10,naive_forecast,4634.126592797785,3183.130193905817,1450.9963988919676,1.6731301939058172,1.51,8,7
cost_1,2024-04-11,naive_forecast,5351.488919667593,3183.1301939058176,2168.3587257617755,1.6731301939058172,1.5100000000000002,8,7
cost_1,2024-04-12,naive_forecast,9262.289473684212,2403.157894736842,6859.13157894737,1.2631578947368423,1.1400000000000001,6,6
cost_1,2024-04-13,naive_forecast,9519.92269736842,2077.7302631578946,7442.192434210525,1.0921052631578947,0.985625,5,5
cost_1,2024-04-14,naive_forecast,8222.57894736842,1602.105263157895,6620.473684210525,0.8421052631578949,0.76,4,4
cost_1,2024-04-15,naive_forecast,3202.0,1602.105263157895,1599.894736842105,0.8421052631578949,0.7600000000000001,4,4
cost_1,2024-04-16,naive_forecast,3845.889473684211,2403.157894736842,1442.7315789473691,1.2631578947368423,1.1400000000000001,6,6
cost_1,2024-04-17,naive_forecast,6129.068421052634,1602.105263157895,4526.963157894739,0.8421052631578948,0.7600000000000001,4,4
cost_1,2024-04-18,naive_forecast,7017.6734072022155,2382.0775623268696,4635.595844875346,1.2520775623268698,1.13,6,5
cost_1,2024-04-19,naive_forecast,8509.978947368421,1602.105263157895,6907.873684210526,0.8421052631578948,0.7600000000000001,4,4
cost_1,2024-04-20,naive_forecast,7905.136842105264,1602.105263157895,6303.031578947369,0.8421052631578949,0.76,4,4
cost_1,2024-04-21,naive_forecast,2326.210526315788,1602.105263157895,724.1052631578928,0.8421052631578948,0.76,4,4
cost_1,2024-04-22,naive_forecast,708.8421052631558,1602.105263157895,-893.2631578947393,0.8421052631578949,0.76,4,4
cost_1,2024-04-23,naive_forecast,2450.7315789473696,1602.105263157895,848.6263157894746,0.8421052631578948,0.7600000000000001,4,4
cost_1,2024-04-24,naive_forecast,2650.4605263157882,1276.6776315789475,1373.7828947368407,0.6710526315789475,0.605625,3,3
cost_1,2024-04-25,naive_forecast,3854.977285318558,2129.1135734072022,1725.863711911356,1.1191135734072024,1.01,6,5
cost_1,2024-04-26,naive_forecast,5027.423822714681,2382.0775623268696,2645.346260387811,1.2520775623268698,1.13,6,5
cost_1,2024-04-27,naive_forecast,6673.8861495844885,1855.0692520775622,4818.816897506927,0.9750692520775623,0.88,5,4
cost_1,2024-04-28,naive_forecast,9112.474792243765,2656.12188365651,6456.352908587256,1.39612188365651,1.26,7,6
cost_1,2024-04-29,naive_forecast,2791.9999999999986,1602.105263157895,1189.8947368421036,0.8421052631578949,0.76,4,4
cost_1,2024-04-30,naive_forecast,1301.7894736842093,1602.1052631578948,-300.3157894736855,0.8421052631578947,0.76,4,4
cost_1,2024-05-01,naive_forecast,1205.3684210526328,1602.105263157895,-396.7368421052622,0.8421052631578948,0.7600000000000001,4,4
cost_1,2024-05-02,naive_forecast,-393.3210526315811,801.0526315789475,-1194.3736842105286,0.42105263157894746,0.38,2,2
cost_1,2024-05-03,naive_forecast,9373.878947368421,2382.0775623268696,6991.801385041552,1.2520775623268698,1.13,6,5
cost_1,2024-05-04,naive_forecast,8785.878947368423,1602.105263157895,7183.773684210528,0.8421052631578949,0.7600000000000001,4,4
cost_1,2024-05-05,naive_forecast,8790.17894736842,1602.105263157895,7188.073684210525,0.8421052631578949,0.7600000000000001,4,4
cost_1,2024-05-06,naive_forecast,1203.9368421052611,1602.105263157895,-398.1684210526339,0.8421052631578948,0.76,4,4
cost_1,2024-05-07,naive_forecast,3342.5291897506913,1731.222299168975,1611.3068905817163,0.909972299168975,0.8212499999999999,4,4
cost_1,2024-05-08,naive_forecast,4727.894736842107,1602.105263157895,3125.7894736842118,0.8421052631578948,0.76,4,4
cost_1,2024-05-09,naive_forecast,7718.893040166205,1731.222299168975,5987.67074099723,0.909972299168975,0.8212499999999999,4,4
cost_1,2024-05-10,naive_forecast,9992.494736842105,2403.157894736842,7589.336842105264,1.263157894736842,1.1400000000000001,6,6
cost_1,2024-05-11,naive_forecast,10551.27894736842,1602.105263157895,8949.173684210526,0.8421052631578948,0.76,4,4
cost_1,2024-05-12,naive_forecast,3860.6625000000004,2077.7302631578946,1782.9322368421058,1.0921052631578947,0.985625,5,5
cost_1,2024-05-13,naive_forecast,2659.1101973684213,2077.7302631578946,581.3799342105267,1.0921052631578947,0.985625,5,5
cost_1,2024-05-14,naive_forecast,4530.475657894737,2553.355263157895,1977.1203947368422,1.3421052631578947,1.2112500000000002,6,6
cost_1,2024-05-15,naive_forecast,9375.705263157897,2403.157894736842,6972.547368421056,1.263157894736842,1.1400000000000001,6,6
cost_1,2024-05-16,naive_forecast,11110.836842105262,2403.157894736842,8707.67894736842,1.2631578947368423,1.1400000000000001,6,6
cost_1,2024-05-17,naive_forecast,12282.891966759003,2382.0775623268696,9900.814404432134,1.2520775623268698,1.13,6,5
cost_1,2024-05-18,naive_forecast,8770.789473684212,2403.157894736842,6367.63157894737,1.263157894736842,1.1400000000000001,6,6
cost_1,2024-05-19,naive_forecast,3170.6421052631576,1602.1052631578948,1568.5368421052628,0.8421052631578947,0.76,4,4
cost_1,2024-05-20,naive_forecast,1997.3210526315788,1602.105263157895,395.2157894736838,0.8421052631578949,0.7600000000000001,4,4
cost_1,2024-05-21,naive_forecast,9928.05263157895,2403.157894736842,7524.894736842109,1.263157894736842,1.1400000000000001,6,6
cost_1,2024-05-22,naive_forecast,9360.063157894736,2403.157894736842,6956.905263157894,1.2631578947368423,1.1400000000000001,6,6
cost_1,2024-05-23,naive_forecast,5790.960941828254,2382.0775623268696,3408.8833795013848,1.2520775623268698,1.13,6,5
cost_1,2024-05-24,naive_forecast,8414.073684210525,2403.157894736842,6010.915789473684,1.263157894736842,1.1400000000000001,6,6
cost_1,2024-05-25,naive_forecast,8850.826315789476,2403.157894736842,6447.668421052635,1.263157894736842,1.1400000000000001,6,6
cost_1,2024-05-26,naive_forecast,8796.778947368422,1602.105263157895,7194.673684210527,0.8421052631578949,0.76,4,4
cost_1,2024-05-27,naive_forecast,1484.692520775622,1855.0692520775624,-370.3767313019405,0.9750692520775625,0.88,5,4
cost_1,2024-05-28,naive_forecast,4721.0664819944595,2129.1135734072027,2591.952908587257,1.1191135734072024,1.0100000000000002,6,5
cost_1,2024-05-29,naive_forecast,-4821.017763157895,2553.355263157895,-7374.37302631579,1.3421052631578947,1.2112500000000002,6,6
cost_1,2024-05-30,naive_forecast,3598.7797610803314,2330.694252077563,1268.0855090027685,1.2250692520775623,1.105625,6,5
cost_1,2024-05-31,naive_forecast,-810.9695290858732,2382.0775623268696,-3193.0470914127427,1.2520775623268698,1.13,6,5
cost_1,2024-06-01,naive_forecast,0.0,0.0,0.0,0.0,0.0,0,0
cost_1,2024-06-02,naive_forecast,8678.994736842105,1602.105263157895,7076.88947368421,0.8421052631578948,0.76,4,4
cost_1,2024-06-03,naive_forecast,4902.468421052632,1602.105263157895,3300.363157894737,0.8421052631578949,0.7600000000000001,4,4
cost_1,2024-06-04,naive_forecast,8463.67894736842,1602.105263157895,6861.573684210525,0.8421052631578948,0.76,4,4
cost_1,2024-06-05,naive_forecast,9965.85789473684,1602.105263157895,8363.752631578946,0.8421052631578949,0.76,4,4
cost_1,2024-06-06,naive_forecast,3357.010526315788,1602.105263157895,1754.905263157893,0.8421052631578949,0.76,4,4
cost_1,2024-06-07,naive_forecast,2780.942105263157,1602.105263157895,1178.836842105262,0.8421052631578948,0.76,4,4
cost_1,2024-06-08,naive_forecast,8526.878947368421,1602.105263157895,6924.773684210526,0.8421052631578949,0.7600000000000001,4,4
cost_1,2024-06-09,naive_forecast,1631.563157894735,1602.105263157895,29.45789473683999,0.8421052631578949,0.76,4,4
cost_1,2024-06-10,naive_forecast,1983.768421052633,801.0526315789475,1182.7157894736854,0.42105263157894735,0.3800000000000001,2,2
cost_1,2024-06-11,naive_forecast,7717.4625,1426.875,6290.5875,0.75,0.6768749999999999,3,4
cost_1,2024-06-12,naive_forecast,7457.226315789471,2403.157894736842,5054.068421052629,1.2631578947368423,1.1400000000000001,6,6
cost_1,2024-06-13,naive_forecast,7302.742105263159,2403.157894736842,4899.584210526316,1.263157894736842,1.1400000000000001,6,6
cost_1,2024-06-14,naive_forecast,8260.793351800552,2129.113573407202,6131.679778393351,1.1191135734072022,1.01,5,5
cost_1,2024-06-15,naive_forecast,5431.105263157896,2403.157894736842,3027.947368421054,1.263157894736842,1.1400000000000001,6,6
cost_1,2024-06-16,naive_forecast,13751.931578947371,2403.157894736842,11348.77368421053,1.263157894736842,1.1400000000000001,6,6
cost_1,2024-06-17,naive_forecast,6176.078947368421,2403.157894736842,3772.9210526315787,1.2631578947368423,1.1400000000000001,6,6
cost_1,2024-06-18,naive_forecast,5037.20394736842,1752.302631578947,3284.901315789473,0.9210526315789473,0.8312499999999999,4,5
cost_1,2024-06-19,naive_forecast,7799.32105263158,1602.105263157895,6197.215789473685,0.8421052631578948,0.7600000000000001,4,4
cost_1,2024-06-20,naive_forecast,4199.331578947369,2403.157894736842,1796.173684210527,1.2631578947368423,1.1400000000000001,6,6
cost_1,2024-06-21,naive_forecast,2052.168421052633,1602.105263157895,450.0631578947382,0.8421052631578947,0.7600000000000001,4,4
cost_1,2024-06-22,naive_forecast,1748.600657894737,1276.6776315789473,471.9230263157897,0.6710526315789473,0.605625,3,3
cost_1,2024-06-23,naive_forecast,1283.3692520775608,2129.113573407202,-845.744321329641,1.1191135734072022,1.01,5,5
cost_1,2024-06-24,naive_forecast,3918.9263157894743,1602.1052631578948,2316.8210526315797,0.8421052631578947,0.76,4,4
cost_1,2024-06-25,naive_forecast,3585.7947368421064,1602.105263157895,1983.6894736842114,0.8421052631578948,0.7600000000000001,4,4
cost_1,2024-06-26,naive_forecast,2092.2026315789494,1752.3026315789473,339.90000000000214,0.9210526315789473,0.83125,4,5
cost_1,2024-06-27,naive_forecast,2076.2453947368426,1276.6776315789473,799.5677631578953,0.6710526315789473,0.605625,3,3
cost_1,2024-06-28,naive_forecast,133.5526315789486,801.0526315789475,-667.4999999999989,0.42105263157894735,0.3800000000000001,2,2
cost_1,2024-06-29,naive_forecast,0.0,0.0,0.0,0.0,0.0,0,0
cost_1,2024-06-30,naive_forecast,2178.920394736842,2077.7302631578955,101.19013157894642,1.092105263157895,0.9856250000000002,5,5
cost_1,2024-07-01,naive_forecast,-217.72631578947622,1602.105263157895,-1819.8315789473713,0.8421052631578949,0.76,4,4
cost_1,2024-07-02,naive_forecast,-423.91052631578987,1602.105263157895,-2026.015789473685,0.8421052631578948,0.76,4,4
cost_1,2024-07-03,naive_forecast,4736.98917936288,1803.685941828255,2933.3032375346256,0.948060941828255,0.855625,4,4
cost_1,2024-07-04,naive_forecast,7663.9263157894775,1602.105263157895,6061.8210526315825,0.8421052631578947,0.7600000000000001,4,4
cost_1,2024-07-05,naive_forecast,6895.300000000002,1602.105263157895,5293.194736842107,0.8421052631578948,0.7600000000000001,4,4
cost_1,2024-07-06,naive_forecast,3907.7480263157913,1752.3026315789473,2155.445394736844,0.9210526315789473,0.83125,4,5
cost_1,2024-07-07,naive_forecast,7660.830193905815,2382.0775623268696,5278.7526315789455,1.2520775623268698,1.13,6,5
cost_1,2024-07-08,naive_forecast,6041.9578947368445,2403.157894736842,3638.8000000000025,1.263157894736842,1.1400000000000001,6,6
cost_1,2024-07-09,naive_forecast,10474.868421052635,1602.105263157895,8872.76315789474,0.8421052631578948,0.7600000000000001,4,4
cost_1,2024-07-10,naive_forecast,11383.157894736845,1602.105263157895,9781.05263157895,0.8421052631578948,0.7600000000000001,4,4
cost_1,2024-07-11,naive_forecast,3816.5138157894758,2077.730263157895,1738.7835526315807,1.0921052631578947,0.9856250000000001,5,4
cost_1,2024-07-12,naive_forecast,1960.315789473686,2553.3552631578946,-593.0394736842086,1.3421052631578947,1.21125,6,5
cost_1,2024-07-13,naive_forecast,835.936842105264,1602.105263157895,-766.1684210526311,0.8421052631578948,0.7600000000000001,4,4
cost_1,2024-07-14,naive_forecast,2636.843213296398,2382.0775623268696,254.76565096952845,1.2520775623268698,1.13,6,5
cost_1,2024-07-15,naive_forecast,2810.781249999998,1902.4999999999998,908.2812499999984,1.0,0.9024999999999999,4,5
cost_1,2024-07-16,naive_forecast,1388.3976973684207,1276.6776315789473,111.72006578947344,0.6710526315789473,0.605625,3,3
cost_1,2024-07-17,naive_forecast,1651.6210526315788,801.0526315789476,850.5684210526312,0.42105263157894746,0.3800000000000001,2,2
cost_1,2024-07-18,naive_forecast,6135.547368421053,1602.1052631578948,4533.442105263158,0.8421052631578947,0.76,4,4
cost_1,2024-07-19,naive_forecast,6226.073684210527,1602.105263157895,4623.968421052632,0.8421052631578948,0.76,4,4
cost_1,2024-07-20,naive_forecast,4070.7684210526345,1602.105263157895,2468.6631578947395,0.8421052631578947,0.7600000000000001,4,4
cost_1,2024-07-21,naive_forecast,6449.621052631582,1602.1052631578948,4847.515789473687,0.8421052631578947,0.76,4,4
cost_1,2024-07-22,naive_forecast,9694.342105263157,2403.157894736842,7291.184210526315,1.263157894736842,1.1400000000000001,6,6
cost_1,2024-07-23,naive_forecast,10650.96513157895,2077.730263157895,8573.234868421056,1.0921052631578947,0.9856250000000002,5,5
cost_1,2024-07-24,naive_forecast,6380.95841412742,2604.738573407202,3776.219840720218,1.3691135734072022,1.235625,6,5
cost_1,2024-07-25,naive_forecast,6307.973684210525,1602.105263157895,4705.86842105263,0.8421052631578948,0.76,4,4
cost_1,2024-07-26,naive_forecast,5500.499999999998,1602.105263157895,3898.394736842103,0.8421052631578948,0.76,4,4
cost_1,2024-07-27,naive_forecast,5558.946052631578,2553.3552631578946,3005.5907894736833,1.3421052631578947,1.21125,6,6
cost_1,2024-07-28,naive_forecast,7873.684210526316,1602.105263157895,6271.578947368421,0.8421052631578948,0.7600000000000001,4,4
cost_1,2024-07-29,naive_forecast,11349.263157894737,1602.105263157895,9747.157894736842,0.8421052631578948,0.76,4,4
cost_1,2024-07-30,naive_forecast,11141.163434903046,2129.1135734072022,9012.049861495845,1.1191135734072024,1.01,6,5
cost_1,2024-07-31,naive_forecast,11317.745723684211,2077.730263157895,9240.015460526316,1.0921052631578947,0.9856250000000001,5,5
cost_1,2024-08-01,naive_forecast,12517.347368421053,1602.105263157895,10915.242105263158,0.8421052631578948,0.76,4,4
cost_1,2024-08-02,naive_forecast,5721.975000000003,2077.730263157895,3644.244736842108,1.0921052631578947,0.9856250000000002,5,4
cost_1,2024-08-03,naive_forecast,4341.426315789472,1602.105263157895,2739.321052631577,0.8421052631578948,0.76,4,4
cost_1,2024-08-04,naive_forecast,5344.5631578947405,1602.105263157895,3742.4578947368454,0.8421052631578947,0.7600000000000001,4,4
cost_1,2024-08-05,naive_forecast,5295.2000000000035,1602.105263157895,3693.0947368421084,0.8421052631578947,0.7600000000000001,4,4
cost_1,2024-08-06,naive_forecast,4851.300000000001,1602.105263157895,3249.194736842106,0.8421052631578948,0.7600000000000001,4,4
cost_1,2024-08-07,naive_forecast,4062.327475761773,3555.9885734072022,506.33890235457056,1.8691135734072022,1.6868750000000001,8,8
cost_1,2024-08-08,naive_forecast,5696.003289473685,2553.355263157895,3142.64802631579,1.3421052631578947,1.2112500000000002,6,6
cost_1,2024-08-09,naive_forecast,5260.521883656512,2129.1135734072022,3131.4083102493096,1.1191135734072022,1.0100000000000002,5,5
cost_1,2024-08-10,naive_forecast,4780.915789473687,1602.105263157895,3178.8105263157922,0.8421052631578948,0.7600000000000001,4,4
cost_1,2024-08-11,naive_forecast,5321.600000000001,1602.105263157895,3719.4947368421062,0.8421052631578948,0.7600000000000001,4,4
cost_1,2024-08-12,naive_forecast,4011.88421052632,1602.105263157895,2409.778947368425,0.8421052631578947,0.7600000000000001,4,4
cost_1,2024-08-13,naive_forecast,4759.568421052634,1602.105263157895,3157.463157894739,0.8421052631578947,0.7600000000000001,4,4
cost_1,2024-08-14,naive_forecast,3736.0552631578967,1752.3026315789473,1983.7526315789494,0.9210526315789473,0.83125,4,5
cost_1,2024-08-15,naive_forecast,4372.466204986152,2129.1135734072022,2243.3526315789495,1.1191135734072022,1.0100000000000002,5,5
cost_1,2024-08-16,naive_forecast,3755.7578947368434,1602.105263157895,2153.6526315789483,0.8421052631578948,0.76,4,4
cost_1,2024-08-17,naive_forecast,4819.568421052633,1602.1052631578948,3217.4631578947383,0.8421052631578947,0.76,4,4
cost_1,2024-08-18,naive_forecast,6470.199999999998,1602.105263157895,4868.094736842103,0.8421052631578948,0.76,4,4
cost_1,2024-08-19,naive_forecast,4798.736842105265,1602.105263157895,3196.63157894737,0.8421052631578948,0.7600000000000001,4,4
cost_1,2024-08-20,naive_forecast,4554.542105263156,1602.105263157895,2952.4368421052613,0.8421052631578948,0.76,4,4
cost_1,2024-08-21,naive_forecast,5190.531855955678,2129.113573407202,3061.4182825484763,1.1191135734072022,1.01,6,5
cost_1,2024-08-22,naive_forecast,3739.231578947372,1602.105263157895,2137.126315789477,0.8421052631578947,0.7600000000000001,4,4
cost_1,2024-08-23,naive_forecast,4849.971052631578,2553.3552631578946,2296.615789473683,1.3421052631578947,1.21125,6,6
cost_1,2024-08-24,naive_forecast,3135.773026315789,2077.730263157895,1058.0427631578941,1.0921052631578947,0.9856250000000001,5,5
cost_1,2024-08-25,naive_forecast,2792.2783933517994,2129.113573407202,663.1648199445976,1.1191135734072022,1.01,5,5
cost_1,2024-08-26,naive_forecast,4743.057894736845,1602.105263157895,3140.95263157895,0.8421052631578947,0.7600000000000001,4,4
cost_1,2024-08-27,naive_forecast,5222.0789473684235,1602.105263157895,3619.9736842105285,0.8421052631578948,0.7600000000000001,4,4
cost_1,2024-08-28,naive_forecast,5078.736184210525,2553.3552631578946,2525.38092105263,1.3421052631578947,1.21125,6,6
cost_1,2024-08-29,naive_forecast,4484.142105263159,1602.1052631578948,2882.0368421052635,0.8421052631578947,0.76,4,4
cost_1,2024-08-30,naive_forecast,16173.157894736847,1602.105263157895,14571.052631578952,0.8421052631578948,0.7600000000000001,4,4
cost_1,2024-08-31,naive_forecast,137.47335526315484,3028.9802631578946,-2891.50690789474,1.5921052631578947,1.436875,7,7
cost_1,2024-09-01,naive_forecast,4338.684210526316,1602.105263157895,2736.578947368421,0.8421052631578948,0.76,4,4
cost_1,2024-09-02,naive_forecast,5751.95789473684,2403.157894736842,3348.799999999998,1.2631578947368423,1.1400000000000001,6,6
cost_1,2024-09-03,naive_forecast,4658.184210526318,1602.105263157895,3056.0789473684226,0.8421052631578948,0.7600000000000001,4,4
cost_1,2024-09-04,naive_forecast,4867.7052631578945,1602.105263157895,3265.5999999999995,0.8421052631578948,0.76,4,4
cost_1,2024-09-05,naive_forecast,5447.910526315792,1602.105263157895,3845.8052631578967,0.8421052631578948,0.7600000000000001,4,4
cost_1,2024-09-06,naive_forecast,5865.33618421053,1752.3026315789473,4113.033552631582,0.9210526315789473,0.83125,4,5
cost_1,2024-09-07,naive_forecast,3052.84210526316,1602.105263157895,1450.7368421052652,0.8421052631578947,0.7600000000000001,4,4
cost_1,2024-09-08,naive_forecast,4827.929085872576,2382.0775623268696,2445.8515235457066,1.2520775623268698,1.13,6,5
cost_1,2024-09-09,naive_forecast,11271.372853185596,2382.0775623268696,8889.295290858727,1.2520775623268698,1.13,6,5
cost_1,2024-09-10,naive_forecast,10905.047368421054,1602.105263157895,9302.942105263159,0.8421052631578948,0.76,4,4
cost_1,2024-09-11,naive_forecast,13915.315789473687,1602.105263157895,12313.210526315792,0.8421052631578948,0.76,4,4
cost_1,2024-09-12,naive_forecast,8706.821052631578,1602.105263157895,7104.715789473683,0.8421052631578948,0.7600000000000001,4,4
cost_1,2024-09-13,naive_forecast,9411.289473684215,1602.105263157895,7809.18421052632,0.8421052631578947,0.7600000000000001,4,4
cost_1,2024-09-14,naive_forecast,5612.45263157895,1602.105263157895,4010.347368421055,0.8421052631578948,0.7600000000000001,4,4
cost_1,2024-09-15,naive_forecast,2792.584210526318,1602.105263157895,1190.4789473684232,0.8421052631578948,0.7600000000000001,4,4
cost_1,2024-09-16,naive_forecast,5430.031578947371,1602.105263157895,3827.9263157894757,0.8421052631578947,0.7600000000000001,4,4
cost_1,2024-09-17,naive_forecast,14038.157894736847,1602.105263157895,12436.052631578952,0.8421052631578948,0.7600000000000001,4,4
cost_1,2024-09-18,naive_forecast,16143.289473684217,1602.1052631578948,14541.184210526322,0.8421052631578947,0.76,4,4
cost_1,2024-09-19,naive_forecast,16356.863157894739,1602.1052631578948,14754.757894736844,0.8421052631578947,0.76,4,4
cost_1,2024-09-20,naive_forecast,15514.210526315788,1602.105263157895,13912.105263157893,0.8421052631578948,0.76,4,4
cost_1,2024-09-21,naive_forecast,3994.935526315794,2077.730263157895,1917.205263157899,1.0921052631578947,0.9856250000000001,5,5
cost_1,2024-09-22,naive_forecast,2880.3631578947384,1602.105263157895,1278.2578947368434,0.8421052631578948,0.7600000000000001,4,4
cost_1,2024-09-23,naive_forecast,3056.1947368421047,1602.105263157895,1454.0894736842097,0.8421052631578948,0.76,4,4
cost_1,2024-09-24,naive_forecast,5517.811634349029,1581.0249307479226,3936.7867036011066,0.8310249307479224,0.75,4,3
cost_1,2024-09-25,naive_forecast,3827.576315789476,1752.3026315789473,2075.2736842105287,0.9210526315789473,0.83125,4,5
cost_1,2024-09-26,naive_forecast,6233.98891966759,1581.0249307479226,4652.963988919668,0.8310249307479225,0.75,4,3
cost_1,2024-09-27,naive_forecast,4641.200000000001,1602.105263157895,3039.0947368421057,0.8421052631578948,0.76,4,4
cost_1,2024-09-28,naive_forecast,535.1315789473672,1602.105263157895,-1066.9736842105278,0.8421052631578948,0.76,4,4
cost_1,2024-09-29,naive_forecast,1267.1157894736843,801.0526315789476,466.0631578947367,0.42105263157894746,0.3800000000000001,2,2
cost_1,2024-09-30,naive_forecast,2482.33157894737,801.0526315789475,1681.2789473684225,0.42105263157894735,0.3800000000000001,2,2
cost_1,2024-10-01,naive_forecast,6622.45263157895,1602.1052631578948,5020.347368421055,0.8421052631578947,0.76,4,4
cost_1,2024-10-02,naive_forecast,6812.3842105263175,1602.105263157895,5210.278947368422,0.8421052631578947,0.7600000000000001,4,4
cost_1,2024-10-03,naive_forecast,3574.33157894737,1602.1052631578948,1972.2263157894752,0.8421052631578947,0.76,4,4
cost_1,2024-10-04,naive_forecast,6602.752631578949,2553.355263157895,4049.397368421054,1.3421052631578947,1.2112500000000002,6,6
cost_1,2024-10-05,naive_forecast,115.52105263157664,2553.3552631578946,-2437.8342105263177,1.3421052631578947,1.21125,6,6
cost_1,2024-10-06,naive_forecast,5311.719113573407,1855.0692520775622,3456.6498614958455,0.9750692520775623,0.88,5,4
cost_1,2024-10-07,naive_forecast,1817.4263157894725,2403.157894736842,-585.7315789473696,1.2631578947368423,1.1400000000000001,6,6
cost_1,2024-10-08,naive_forecast,3998.8052631578953,1602.105263157895,2396.7000000000003,0.8421052631578948,0.7600000000000001,4,4
cost_1,2024-10-09,naive_forecast,5483.26282894737,2077.7302631578946,3405.532565789475,1.0921052631578947,0.985625,5,5
cost_1,2024-10-10,naive_forecast,10484.157894736843,2403.157894736842,8081.000000000002,1.2631578947368423,1.1400000000000001,6,6
cost_1,2024-10-11,naive_forecast,13080.4,2403.157894736842,10677.242105263158,1.263157894736842,1.1400000000000001,6,6
cost_1,2024-10-12,naive_forecast,9453.099999999999,2403.157894736842,7049.942105263157,1.2631578947368423,1.1400000000000001,6,6
cost_1,2024-10-13,naive_forecast,9578.478947368425,1602.105263157895,7976.37368421053,0.8421052631578949,0.7600000000000001,4,4
cost_1,2024-10-14,naive_forecast,3383.2526315789482,1602.105263157895,1781.1473684210532,0.8421052631578948,0.7600000000000001,4,4
cost_1,2024-10-15,naive_forecast,7663.880332409973,2382.0775623268696,5281.802770083103,1.2520775623268698,1.13,6,5
cost_1,2024-10-16,naive_forecast,4818.3970394736825,2227.927631578947,2590.4694078947355,1.1710526315789473,1.0568749999999998,5,6
cost_1,2024-10-17,naive_forecast,6501.2052631579,1602.105263157895,4899.100000000005,0.8421052631578948,0.7600000000000001,4,4
cost_1,2024-10-18,naive_forecast,8376.315789473683,2403.157894736842,5973.157894736842,1.2631578947368423,1.1400000000000001,6,6
cost_1,2024-10-19,naive_forecast,3445.6052631578937,1602.105263157895,1843.4999999999986,0.8421052631578948,0.76,4,4
cost_1,2024-10-20,naive_forecast,4755.6578947368425,1602.105263157895,3153.5526315789475,0.8421052631578948,0.76,4,4
cost_1,2024-10-21,naive_forecast,5827.791118421052,2077.7302631578946,3750.060855263157,1.0921052631578947,0.985625,5,5
cost_1,2024-10-22,naive_forecast,6002.036011080335,2656.12188365651,3345.914127423825,1.3961218836565097,1.2600000000000002,7,6
cost_1,2024-10-23,naive_forecast,4481.299999999997,2403.157894736842,2078.1421052631554,1.2631578947368423,1.14,6,6
cost_1,2024-10-24,naive_forecast,5189.7368421052615,1602.105263157895,3587.6315789473665,0.8421052631578948,0.76,4,4
cost_1,2024-10-25,naive_forecast,5314.305263157897,2403.157894736842,2911.1473684210546,1.2631578947368423,1.1400000000000001,6,6
cost_1,2024-10-26,naive_forecast,1886.8202216066475,2129.113573407202,-242.29335180055432,1.1191135734072022,1.01,5,5
cost_1,2024-10-27,naive_forecast,3299.798614958448,2129.113573407202,1170.6850415512463,1.1191135734072022,1.01,5,5
cost_1,2024-10-28,naive_forecast,1680.66842105263,1602.105263157895,78.56315789473501,0.8421052631578949,0.76,4,4
cost_1,2024-10-29,naive_forecast,4880.914473684211,2227.9276315789475,2652.9868421052633,1.1710526315789473,1.056875,5,6
cost_1,2024-10-30,naive_forecast,3484.7947368421046,1602.105263157895,1882.6894736842096,0.8421052631578948,0.76,4,4
cost_1,2024-10-31,naive_forecast,4575.98947368421,2403.157894736842,2172.8315789473677,1.2631578947368423,1.1400000000000001,6,6
cost_1,2024-11-01,naive_forecast,2207.4999999999995,2403.157894736842,-195.65789473684254,1.2631578947368423,1.1400000000000001,6,6
cost_1,2024-11-02,naive_forecast,-50.56842105263115,1602.1052631578948,-1652.673684210526,0.8421052631578947,0.76,4,4
cost_1,2024-11-03,naive_forecast,-391.19375000000025,475.62499999999994,-866.8187500000001,0.25,0.225625,1,1
cost_1,2024-11-04,naive_forecast,5280.931578947368,1602.105263157895,3678.8263157894726,0.8421052631578948,0.76,4,4
cost_1,2024-11-05,naive_forecast,5895.413815789474,2077.730263157895,3817.683552631579,1.092105263157895,0.985625,5,5
cost_1,2024-11-06,naive_forecast,5786.998026315792,1752.3026315789473,4034.6953947368447,0.9210526315789473,0.83125,4,5
cost_1,2024-11-07,naive_forecast,10235.619113573408,3183.130193905817,7052.48891966759,1.6731301939058172,1.51,8,7
cost_1,2024-11-08,naive_forecast,7712.050657894737,2077.7302631578946,5634.320394736842,1.0921052631578947,0.985625,5,5
cost_1,2024-11-09,naive_forecast,5552.89861495845,2656.1218836565095,2896.7767313019403,1.3961218836565097,1.26,7,6
cost_1,2024-11-10,naive_forecast,3725.0460526315783,2077.7302631578946,1647.3157894736837,1.0921052631578947,0.985625,5,5
cost_1,2024-11-11,naive_forecast,3828.9733552631596,2077.7302631578946,1751.243092105265,1.0921052631578945,0.985625,5,5
cost_1,2024-11-12,naive_forecast,9040.836842105264,3204.21052631579,5836.626315789474,1.6842105263157896,1.52,8,8
cost_1,2024-11-13,naive_forecast,10319.294736842105,2403.157894736842,7916.136842105263,1.2631578947368423,1.1400000000000001,6,6
cost_1,2024-11-14,naive_forecast,7535.8736842105245,2403.157894736842,5132.715789473683,1.2631578947368423,1.1400000000000001,6,6
cost_1,2024-11-15,naive_forecast,3299.0052631578947,2403.157894736842,895.8473684210526,1.2631578947368423,1.14,6,6
cost_1,2024-11-16,naive_forecast,706.0473684210526,1602.105263157895,-896.0578947368424,0.8421052631578948,0.7600000000000001,4,4
cost_1,2024-11-17,naive_forecast,3795.8105263157895,1602.105263157895,2193.7052631578945,0.8421052631578949,0.7600000000000001,4,4
cost_1,2024-11-18,naive_forecast,4821.337500000001,2077.7302631578946,2743.607236842106,1.0921052631578947,0.985625,5,5
cost_1,2024-11-19,naive_forecast,8593.058448753462,2656.1218836565095,5936.936565096952,1.3961218836565097,1.26,7,6
cost_1,2024-11-20,naive_forecast,8960.496675900278,3183.130193905817,5777.366481994461,1.6731301939058172,1.51,8,7
cost_1,2024-11-21,naive_forecast,11110.14099722992,3183.1301939058176,7927.010803324103,1.6731301939058172,1.5100000000000002,8,7
cost_1,2024-11-22,naive_forecast,5989.299999999998,3204.21052631579,2785.0894736842083,1.6842105263157896,1.52,8,8
cost_1,2024-11-23,naive_forecast,4013.431907894736,2077.7302631578946,1935.7016447368414,1.0921052631578947,0.985625,5,5
cost_1,2024-11-24,naive_forecast,5026.163157894736,2077.730263157895,2948.4328947368413,1.092105263157895,0.985625,5,5
cost_1,2024-11-25,naive_forecast,10369.58125,2077.7302631578946,8291.850986842104,1.0921052631578947,0.985625,5,5
cost_1,2024-11-26,naive_forecast,8027.017451523547,2656.1218836565095,5370.895567867037,1.3961218836565097,1.26,7,6
cost_1,2024-11-27,naive_forecast,5321.605263157892,3204.21052631579,2117.3947368421022,1.6842105263157896,1.52,8,8
cost_1,2024-11-28,naive_forecast,8285.878947368417,3204.21052631579,5081.668421052627,1.6842105263157898,1.52,8,8
cost_1,2024-11-29,naive_forecast,5010.592243767313,2656.12188365651,2354.4703601108035,1.3961218836565097,1.2600000000000002,7,6
cost_1,2024-11-30,naive_forecast,3408.5174342105247,2077.7302631578946,1330.7871710526301,1.0921052631578947,0.985625,5,5
cost_1,2024-12-01,naive_forecast,9431.878947368423,1602.105263157895,7829.773684210528,0.8421052631578948,0.7600000000000001,4,4
cost_1,2024-12-02,naive_forecast,8407.915789473687,2403.157894736842,6004.757894736846,1.263157894736842,1.1400000000000001,6,6
cost_1,2024-12-03,naive_forecast,7642.36620498615,3183.130193905817,4459.236011080333,1.6731301939058172,1.51,8,7
cost_1,2024-12-04,naive_forecast,8044.634626038782,2656.1218836565095,5388.512742382272,1.3961218836565097,1.26,7,6
cost_1,2024-12-05,naive_forecast,5942.872853185596,2656.1218836565095,3286.7509695290864,1.3961218836565097,1.26,7,6
cost_1,2024-12-06,naive_forecast,7119.051973684212,2878.782894736842,4240.269078947369,1.513157894736842,1.365625,7,7
cost_1,2024-12-07,naive_forecast,3598.231578947367,3204.21052631579,394.0210526315768,1.6842105263157896,1.52,8,8
cost_1,2024-12-08,naive_forecast,6787.163157894737,1602.105263157895,5185.057894736842,0.8421052631578949,0.7600000000000001,4,4
cost_1,2024-12-09,naive_forecast,5021.207236842106,2077.7302631578946,2943.4769736842113,1.0921052631578947,0.985625,5,5
cost_1,2024-12-10,naive_forecast,7372.584210526316,3204.2105263157896,4168.373684210526,1.6842105263157894,1.52,8,8
cost_1,2024-12-11,naive_forecast,9219.163157894738,3204.2105263157896,6014.952631578948,1.6842105263157894,1.52,8,8
cost_1,2024-12-12,naive_forecast,9296.484210526318,3204.21052631579,6092.273684210528,1.6842105263157896,1.52,8,8
cost_1,2024-12-13,naive_forecast,8419.589473684211,3204.21052631579,5215.378947368421,1.6842105263157896,1.52,8,8
cost_1,2024-12-14,naive_forecast,5804.147368421051,3204.21052631579,2599.9368421052613,1.6842105263157896,1.52,8,8
cost_1,2024-12-15,naive_forecast,4897.215789473683,2403.157894736842,2494.057894736841,1.263157894736842,1.1400000000000001,6,6
cost_1,2024-12-16,naive_forecast,4727.926315789473,2227.9276315789475,2499.9986842105254,1.1710526315789473,1.056875,5,6
cost_1,2024-12-17,naive_forecast,7273.9894736842125,3204.21052631579,4069.7789473684225,1.6842105263157896,1.52,8,8
cost_1,2024-12-18,naive_forecast,7549.510526315789,3204.21052631579,4345.299999999999,1.6842105263157896,1.52,8,8
cost_1,2024-12-19,naive_forecast,12506.67894736842,3204.21052631579,9302.46842105263,1.6842105263157896,1.52,8,8
cost_1,2024-12-20,naive_forecast,8263.636842105263,3204.21052631579,5059.426315789473,1.6842105263157898,1.52,8,8
cost_1,2024-12-21,naive_forecast,1712.1927631578953,2878.782894736842,-1166.5901315789467,1.5131578947368423,1.365625,7,7
cost_1,2024-12-22,naive_forecast,5116.274671052629,2077.730263157895,3038.544407894734,1.092105263157895,0.985625,5,5
cost_1,2024-12-23,naive_forecast,4046.610526315789,2403.157894736842,1643.4526315789467,1.2631578947368423,1.1400000000000001,6,6
cost_1,2024-12-24,naive_forecast,9397.14210526316,3204.21052631579,6192.931578947369,1.6842105263157896,1.52,8,8
cost_1,2024-12-25,naive_forecast,8778.621052631579,3204.21052631579,5574.410526315789,1.6842105263157898,1.5200000000000002,8,8
cost_1,2024-12-26,naive_forecast,6136.484210526319,3204.21052631579,2932.2736842105287,1.6842105263157898,1.5200000000000002,8,8
cost_1,2024-12-27,naive_forecast,2564.2486842105236,2878.782894736842,-314.5342105263185,1.5131578947368423,1.365625,7,7
cost_1,2024-12-28,naive_forecast,4971.329639889196,1855.0692520775622,3116.2603878116342,0.9750692520775623,0.88,5,4
cost_1,2024-12-29,naive_forecast,5205.5684210526315,1602.105263157895,3603.4631578947365,0.8421052631578949,0.7600000000000001,4,4
cost_1,2024-12-30,naive_forecast,7102.863157894736,1602.105263157895,5500.757894736841,0.8421052631578948,0.76,4,4
cost_1,2024-12-31,naive_forecast,6957.7947368421055,1602.105263157895,5355.6894736842105,0.8421052631578947,0.7600000000000001,4,4
cost_1,2025-01-01,naive_forecast,9657.178947368422,1602.105263157895,8055.073684210527,0.8421052631578949,0.7600000000000001,4,4
cost_1,2025-01-02,naive_forecast,8544.294736842105,1602.105263157895,6942.18947368421,0.8421052631578949,0.76,4,4
cost_1,2025-01-03,naive_forecast,6568.0278739612195,2330.694252077563,4237.333621883657,1.2250692520775623,1.105625,6,5
cost_1,2025-01-04,naive_forecast,5396.042105263158,1602.105263157895,3793.936842105263,0.8421052631578948,0.76,4,4
cost_1,2025-01-05,naive_forecast,3339.157894736842,1602.105263157895,1737.052631578947,0.8421052631578949,0.7600000000000001,4,4
cost_1,2025-01-06,naive_forecast,2460.7879501385037,2330.6942520775624,130.09369806094128,1.2250692520775623,1.1056249999999999,6,5
cost_1,2025-01-07,naive_forecast,1345.6301939058144,2129.1135734072022,-783.4833795013878,1.1191135734072024,1.01,6,5
cost_1,2025-01-08,naive_forecast,7102.351315789471,2878.782894736842,4223.568421052629,1.513157894736842,1.365625,7,7
cost_1,2025-01-09,naive_forecast,8724.592105263158,2878.782894736842,5845.809210526317,1.5131578947368423,1.365625,7,7
cost_1,2025-01-10,naive_forecast,8208.905263157898,3204.21052631579,5004.694736842108,1.6842105263157896,1.5200000000000005,8,8
cost_1,2025-01-11,naive_forecast,4449.094736842104,3204.2105263157896,1244.8842105263143,1.6842105263157894,1.52,8,8
cost_1,2025-01-12,naive_forecast,2887.0848684210523,2077.7302631578946,809.3546052631577,1.0921052631578947,0.985625,5,5
cost_1,2025-01-13,naive_forecast,3756.4638157894733,1276.6776315789475,2479.786184210526,0.6710526315789475,0.605625,3,3
cost_1,2025-01-14,naive_forecast,6054.64736842105,2403.157894736842,3651.4894736842075,1.2631578947368423,1.14,6,6
cost_1,2025-01-15,naive_forecast,6161.352631578946,3204.21052631579,2957.142105263156,1.6842105263157896,1.52,8,8
cost_1,2025-01-16,naive_forecast,9381.542105263155,3204.2105263157896,6177.331578947365,1.6842105263157894,1.52,8,8
cost_1,2025-01-17,naive_forecast,7779.194736842106,3204.21052631579,4574.984210526316,1.6842105263157896,1.52,8,8
cost_1,2025-01-18,naive_forecast,6802.089473684214,3204.2105263157896,3597.878947368424,1.6842105263157894,1.52,8,8
cost_1,2025-01-19,naive_forecast,3864.047368421051,1602.105263157895,2261.942105263156,0.8421052631578949,0.76,4,4
cost_1,2025-01-20,naive_forecast,4931.073684210528,1602.105263157895,3328.968421052633,0.8421052631578948,0.7600000000000001,4,4
cost_1,2025-01-21,naive_forecast,6817.413815789475,2878.782894736842,3938.630921052633,1.513157894736842,1.365625,7,7
cost_1,2025-01-22,naive_forecast,8882.090581717455,3183.1301939058176,5698.960387811638,1.6731301939058172,1.5100000000000002,8,7
cost_1,2025-01-23,naive_forecast,10370.640789473686,2878.782894736842,7491.857894736844,1.513157894736842,1.365625,7,7
cost_1,2025-01-24,naive_forecast,6220.847368421052,3204.2105263157896,3016.6368421052625,1.6842105263157894,1.52,8,8
cost_1,2025-01-25,naive_forecast,10071.354934210525,2878.782894736842,7192.572039473684,1.5131578947368423,1.3656249999999999,7,7
cost_1,2025-01-26,naive_forecast,9887.947368421052,2403.157894736842,7484.78947368421,1.2631578947368423,1.1400000000000001,6,6
cost_1,2025-01-27,naive_forecast,2603.954033933517,2330.694252077563,273.2597818559543,1.2250692520775623,1.105625,6,5
cost_1,2025-01-28,naive_forecast,5767.326315789478,3204.21052631579,2563.115789473688,1.6842105263157896,1.5200000000000002,8,8
cost_1,2025-01-29,naive_forecast,6057.919581024931,2857.702562326869,3200.217018698062,1.5020775623268696,1.3556249999999999,7,6
cost_1,2025-01-30,naive_forecast,8635.229934210525,2878.782894736842,5756.447039473684,1.5131578947368423,1.365625,7,7
cost_1,2025-01-31,naive_forecast,6879.600000000001,3204.2105263157896,3675.3894736842117,1.6842105263157894,1.52,8,8
cost_1,2025-02-01,naive_forecast,3647.728289473683,2878.782894736842,768.9453947368411,1.5131578947368423,1.3656249999999999,7,7
cost_1,2025-02-02,naive_forecast,1710.967434210525,2077.730263157895,-366.76282894737005,1.092105263157895,0.985625,5,5
cost_1,2025-02-03,naive_forecast,1680.742105263158,1602.105263157895,78.63684210526299,0.8421052631578948,0.76,4,4
cost_1,2025-02-04,naive_forecast,6841.096710526317,2878.782894736842,3962.313815789475,1.513157894736842,1.365625,7,7
cost_1,2025-02-05,naive_forecast,9601.45263157895,3204.2105263157896,6397.24210526316,1.6842105263157894,1.52,8,8
cost_1,2025-02-06,naive_forecast,11421.5,3204.21052631579,8217.28947368421,1.6842105263157896,1.5200000000000002,8,8
cost_1,2025-02-07,naive_forecast,7231.7473684210545,3204.21052631579,4027.5368421052644,1.6842105263157896,1.5200000000000002,8,8
cost_1,2025-02-08,naive_forecast,6324.980921052632,2878.782894736842,3446.19802631579,1.5131578947368423,1.365625,7,7
cost_1,2025-02-09,naive_forecast,4850.447368421053,2403.157894736842,2447.2894736842113,1.2631578947368423,1.1400000000000001,6,6
cost_1,2025-02-10,naive_forecast,6185.7171052631575,2077.7302631578946,4107.986842105263,1.0921052631578947,0.985625,5,5
cost_1,2025-02-11,naive_forecast,7161.231578947369,3204.21052631579,3957.0210526315786,1.6842105263157896,1.52,8,8
cost_1,2025-02-12,naive_forecast,4433.361426592796,2330.6942520775624,2102.667174515234,1.2250692520775623,1.1056249999999999,6,5
cost_1,2025-02-13,naive_forecast,7327.1105263157915,3204.21052631579,4122.9000000000015,1.6842105263157898,1.5200000000000002,8,8
cost_1,2025-02-14,naive_forecast,9229.273684210526,2403.157894736842,6826.115789473684,1.2631578947368423,1.1400000000000001,6,6
cost_1,2025-02-15,naive_forecast,6411.358171745155,2382.0775623268696,4029.2806094182856,1.2520775623268696,1.1300000000000001,6,5
cost_1,2025-02-16,naive_forecast,4731.805263157895,1602.105263157895,3129.7,0.8421052631578948,0.76,4,4
cost_1,2025-02-17,naive_forecast,6484.610526315788,2403.157894736842,4081.452631578946,1.263157894736842,1.1400000000000001,6,6
cost_1,2025-02-18,naive_forecast,9251.73322368421,2878.782894736842,6372.950328947369,1.513157894736842,1.3656249999999999,7,7
cost_1,2025-02-19,naive_forecast,11701.385041551244,3183.1301939058176,8518.254847645427,1.6731301939058174,1.51,8,7
cost_1,2025-02-20,naive_forecast,10544.105263157895,3204.21052631579,7339.894736842105,1.6842105263157896,1.52,8,8
cost_1,2025-02-21,naive_forecast,9592.673130193909,3183.1301939058176,6409.542936288091,1.6731301939058172,1.5100000000000002,8,7
cost_1,2025-02-22,naive_forecast,9188.142261080333,2857.70256232687,6330.439698753463,1.5020775623268698,1.355625,7,6
cost_1,2025-02-23,naive_forecast,7297.621987534626,2330.6942520775624,4966.927735457064,1.2250692520775623,1.1056249999999999,6,5
cost_1,2025-02-24,naive_forecast,8997.731578947369,2403.157894736842,6594.573684210527,1.2631578947368423,1.1400000000000001,6,6
cost_1,2025-02-25,naive_forecast,11102.610526315786,2403.157894736842,8699.452631578944,1.2631578947368423,1.1400000000000001,6,6
cost_1,2025-02-26,naive_forecast,9276.30296052632,2878.782894736842,6397.520065789478,1.513157894736842,1.365625,7,7
cost_1,2025-02-27,naive_forecast,10185.798684210526,2077.730263157895,8108.068421052631,1.092105263157895,0.985625,5,5
cost_1,2025-02-28,naive_forecast,4393.510526315788,1602.105263157895,2791.4052631578934,0.8421052631578949,0.76,4,4
cost_1,2025-03-01,naive_forecast,9539.078947368422,1602.105263157895,7936.973684210527,0.8421052631578948,0.7600000000000001,4,4
cost_1,2025-03-02,naive_forecast,7821.89539473684,2077.730263157895,5744.165131578945,1.092105263157895,0.985625,5,5
cost_1,2025-03-03,naive_forecast,-2015.3578947368435,2403.157894736842,-4418.515789473686,1.263157894736842,1.1400000000000001,6,6
cost_1,2025-03-04,naive_forecast,3808.8000000000015,1602.1052631578948,2206.694736842107,0.8421052631578947,0.76,4,4
cost_1,2025-03-05,naive_forecast,6771.563157894738,3204.21052631579,3567.3526315789477,1.6842105263157896,1.52,8,8
cost_1,2025-03-06,naive_forecast,6624.947368421049,3204.21052631579,3420.736842105259,1.6842105263157898,1.52,8,8
cost_1,2025-03-07,naive_forecast,11335.494736842104,3204.2105263157896,8131.2842105263135,1.6842105263157894,1.52,8,8
cost_1,2025-03-08,naive_forecast,6660.663157894735,3204.21052631579,3456.4526315789453,1.6842105263157896,1.52,8,8
cost_1,2025-03-09,naive_forecast,10817.88519736842,2077.7302631578946,8740.154934210525,1.0921052631578947,0.985625,5,5
cost_1,2025-03-10,naive_forecast,6245.393092105261,2553.355263157895,3692.0378289473656,1.342105263157895,1.21125,6,6
cost_1,2025-03-11,naive_forecast,7025.547091412743,2635.0415512465374,4390.505540166205,1.3850415512465375,1.25,7,5
cost_1,2025-03-12,naive_forecast,5940.773684210527,2403.157894736842,3537.615789473685,1.2631578947368423,1.1400000000000001,6,6
cost_1,2025-03-13,naive_forecast,5182.442105263158,2403.157894736842,2779.2842105263157,1.263157894736842,1.1400000000000001,6,6
cost_1,2025-03-14,naive_forecast,10029.278947368422,1602.105263157895,8427.173684210527,0.8421052631578949,0.76,4,4
cost_1,2025-03-15,naive_forecast,3113.6708968144058,2857.702562326869,255.9683344875366,1.5020775623268696,1.3556249999999999,7,6
cost_1,2025-03-16,naive_forecast,507.7710526315773,2077.730263157895,-1569.9592105263177,1.092105263157895,0.985625,5,5
cost_1,2025-03-17,naive_forecast,5242.978947368424,1602.105263157895,3640.873684210529,0.8421052631578947,0.7600000000000001,4,4
cost_1,2025-03-18,naive_forecast,8898.052631578948,2403.157894736842,6494.894736842107,1.2631578947368423,1.1400000000000001,6,6
cost_1,2025-03-19,naive_forecast,8708.582271468147,3183.130193905817,5525.45207756233,1.673130193905817,1.5100000000000002,8,7
cost_1,2025-03-20,naive_forecast,9067.710526315792,3204.21052631579,5863.500000000002,1.6842105263157894,1.5200000000000002,8,8
cost_1,2025-03-21,naive_forecast,9361.321052631578,2403.157894736842,6958.163157894736,1.2631578947368423,1.14,6,6
cost_1,2025-03-22,naive_forecast,8798.978947368421,1602.105263157895,7196.873684210526,0.8421052631578948,0.7600000000000001,4,4
cost_1,2025-03-23,naive_forecast,7391.378947368422,1602.105263157895,5789.273684210527,0.8421052631578949,0.7600000000000001,4,4
cost_1,2025-03-24,naive_forecast,995.3355263157886,2077.7302631578946,-1082.3947368421059,1.0921052631578947,0.985625,5,5
cost_1,2025-03-25,naive_forecast,4950.749324792244,2330.6942520775624,2620.0550727146815,1.2250692520775623,1.1056249999999999,5,5
cost_1,2025-03-26,naive_forecast,8133.075069252078,1855.0692520775622,6278.005817174516,0.9750692520775622,0.88,5,4
cost_1,2025-03-27,naive_forecast,2816.138815789473,2077.730263157895,738.408552631578,1.092105263157895,0.985625,5,5
cost_1,2025-03-28,naive_forecast,2307.794736842104,2403.157894736842,-95.36315789473792,1.2631578947368423,1.1400000000000001,6,6
cost_1,2025-03-29,naive_forecast,4633.909868421051,1276.6776315789475,3357.2322368421037,0.6710526315789475,0.605625,3,3
cost_1,2025-03-30,naive_forecast,8766.27894736842,1602.105263157895,7164.173684210526,0.8421052631578949,0.76,4,4
cost_1,2025-03-31,naive_forecast,3361.380921052631,2077.7302631578946,1283.6506578947365,1.0921052631578947,0.985625,5,5
cost_1,2024-04-01,lear_forecast,10572.357894736842,2403.157894736842,8169.200000000001,1.263157894736842,1.1400000000000001,6,6
cost_1,2024-04-02,lear_forecast,11244.073684210529,2403.157894736842,8840.915789473687,1.263157894736842,1.1400000000000001,6,6
cost_1,2024-04-03,lear_forecast,1450.421710526315,2077.7302631578946,-627.3085526315795,1.0921052631578947,0.985625,5,5
cost_1,2024-04-04,lear_forecast,4454.368421052632,2403.157894736842,2051.2105263157896,1.2631578947368423,1.1400000000000001,6,6
cost_1,2024-04-05,lear_forecast,3952.695065789473,2077.730263157895,1874.964802631578,1.092105263157895,0.985625,5,5
cost_1,2024-04-06,lear_forecast,6837.07894736842,1602.105263157895,5234.973684210525,0.8421052631578949,0.76,4,4
cost_1,2024-04-07,lear_forecast,8861.678947368422,1602.105263157895,7259.573684210527,0.8421052631578949,0.7600000000000001,4,4
cost_1,2024-04-08,lear_forecast,2471.5235457063704,2382.0775623268696,89.44598337950083,1.2520775623268698,1.13,6,5
cost_1,2024-04-09,lear_forecast,4339.647368421052,2403.157894736842,1936.4894736842102,1.2631578947368423,1.1400000000000001,6,6
cost_1,2024-04-10,lear_forecast,12097.568421052632,2403.157894736842,9694.41052631579,1.2631578947368423,1.1400000000000001,6,6
cost_1,2024-04-11,lear_forecast,8640.784210526315,2403.157894736842,6237.626315789474,1.2631578947368423,1.1400000000000001,6,6
cost_1,2024-04-12,lear_forecast,9163.689473684211,2403.157894736842,6760.53157894737,1.2631578947368423,1.1400000000000001,6,6
cost_1,2024-04-13,lear_forecast,9243.578947368422,1602.105263157895,7641.473684210527,0.8421052631578948,0.7600000000000001,4,4
cost_1,2024-04-14,lear_forecast,8128.778947368421,1602.105263157895,6526.673684210526,0.8421052631578948,0.7600000000000001,4,4
cost_1,2024-04-15,lear_forecast,9780.08864265928,2382.0775623268696,7398.011080332411,1.2520775623268698,1.13,6,5
cost_1,2024-04-16,lear_forecast,3925.8894736842117,2403.157894736842,1522.7315789473696,1.2631578947368423,1.1400000000000001,6,6
cost_1,2024-04-17,lear_forecast,9808.184210526315,2403.157894736842,7405.026315789473,1.2631578947368423,1.14,6,6
cost_1,2024-04-18,lear_forecast,6649.99572368421,2077.7302631578946,4572.265460526316,1.0921052631578947,0.985625,5,5
cost_1,2024-04-19,lear_forecast,8628.69916897507,1855.0692520775622,6773.629916897508,0.9750692520775623,0.88,5,4
cost_1,2024-04-20,lear_forecast,7976.978947368421,1602.105263157895,6374.873684210526,0.8421052631578949,0.7600000000000001,4,4
cost_1,2024-04-21,lear_forecast,3003.905263157894,1602.105263157895,1401.7999999999988,0.8421052631578948,0.76,4,4
cost_1,2024-04-22,lear_forecast,2362.725657894737,1752.302631578947,610.4230263157901,0.9210526315789473,0.8312499999999999,4,5
cost_1,2024-04-23,lear_forecast,2039.2000000000019,2403.157894736842,-363.9578947368402,1.263157894736842,1.1400000000000001,6,6
cost_1,2024-04-24,lear_forecast,2099.1746710526313,2077.7302631578946,21.44440789473674,1.0921052631578947,0.985625,5,5
cost_1,2024-04-25,lear_forecast,7260.817520775623,1731.222299168975,5529.595221606648,0.909972299168975,0.8212499999999999,4,4
cost_1,2024-04-26,lear_forecast,4652.105263157894,1602.105263157895,3049.999999999999,0.8421052631578949,0.76,4,4
cost_1,2024-04-27,lear_forecast,6328.8105263157895,1602.105263157895,4726.7052631578945,0.8421052631578949,0.7600000000000001,4,4
cost_1,2024-04-28,lear_forecast,9352.785197368421,2077.730263157895,7275.054934210526,1.092105263157895,0.985625,5,5
cost_1,2024-04-29,lear_forecast,6799.700000000002,2403.157894736842,4396.542105263159,1.2631578947368423,1.1400000000000001,6,6
cost_1,2024-04-30,lear_forecast,2310.539473684208,2077.7302631578946,232.80921052631356,1.0921052631578947,0.985625,5,5
cost_1,2024-05-01,lear_forecast,282.473684210526,2403.157894736842,-2120.684210526316,1.2631578947368423,1.1400000000000001,6,6
cost_1,2024-05-02,lear_forecast,6528.5125,951.2499999999999,5577.2625,0.5,0.45125,2,3
cost_1,2024-05-03,lear_forecast,9441.853947368421,2077.730263157895,7364.123684210526,1.092105263157895,0.985625,5,5
cost_1,2024-05-04,lear_forecast,8722.378947368423,1602.105263157895,7120.273684210528,0.8421052631578947,0.7600000000000001,4,4
cost_1,2024-05-05,lear_forecast,8925.028254847646,1855.0692520775622,7069.959002770084,0.9750692520775623,0.88,5,4
cost_1,2024-05-06,lear_forecast,2178.8226973684195,2077.730263157895,101.09243421052452,1.092105263157895,0.985625,5,5
cost_1,2024-05-07,lear_forecast,3997.5969529085864,2382.0775623268696,1615.5193905817168,1.2520775623268698,1.13,6,5
cost_1,2024-05-08,lear_forecast,4840.621052631582,2403.157894736842,2437.4631578947397,1.263157894736842,1.1400000000000001,6,6
cost_1,2024-05-09,lear_forecast,10302.390460526314,2077.730263157895,8224.66019736842,1.092105263157895,0.985625,5,5
cost_1,2024-05-10,lear_forecast,10042.66019736842,2077.730263157895,7964.929934210524,1.092105263157895,0.985625,5,5
cost_1,2024-05-11,lear_forecast,9890.078947368422,1602.105263157895,8287.973684210527,0.8421052631578948,0.76,4,4
cost_1,2024-05-12,lear_forecast,4571.020394736843,2077.7302631578946,2493.290131578948,1.0921052631578947,0.985625,5,5
cost_1,2024-05-13,lear_forecast,3880.143421052632,2227.9276315789475,1652.2157894736847,1.1710526315789473,1.056875,5,6
cost_1,2024-05-14,lear_forecast,11775.657894736842,2403.157894736842,9372.5,1.2631578947368423,1.1400000000000001,6,6
cost_1,2024-05-15,lear_forecast,11092.79539473684,2077.730263157895,9015.065131578946,1.092105263157895,0.985625,5,5
cost_1,2024-05-16,lear_forecast,9712.253618421051,2077.730263157895,7634.523355263156,1.092105263157895,0.985625,5,5
cost_1,2024-05-17,lear_forecast,10730.67894736842,1602.105263157895,9128.573684210525,0.8421052631578949,0.76,4,4
cost_1,2024-05-18,lear_forecast,9054.378947368423,1602.105263157895,7452.273684210528,0.8421052631578949,0.7600000000000001,4,4
cost_1,2024-05-19,lear_forecast,8135.621052631578,1602.105263157895,6533.515789473683,0.8421052631578949,0.76,4,4
cost_1,2024-05-20,lear_forecast,8487.16217105263,2227.9276315789475,6259.234539473683,1.1710526315789473,1.056875,5,6
cost_1,2024-05-21,lear_forecast,11874.736842105265,2403.157894736842,9471.578947368424,1.2631578947368423,1.1400000000000001,6,6
cost_1,2024-05-22,lear_forecast,10118.52105263158,2403.157894736842,7715.363157894739,1.2631578947368423,1.1400000000000001,6,6
cost_1,2024-05-23,lear_forecast,5846.452631578949,2403.157894736842,3443.294736842107,1.2631578947368423,1.1400000000000001,6,6
cost_1,2024-05-24,lear_forecast,8964.626315789474,2403.157894736842,6561.468421052632,1.2631578947368423,1.1400000000000001,6,6
cost_1,2024-05-25,lear_forecast,8919.890858725761,2382.0775623268696,6537.813296398892,1.2520775623268698,1.13,6,5
cost_1,2024-05-26,lear_forecast,9843.883102493073,1855.0692520775626,7988.81385041551,0.9750692520775626,0.88,5,4
cost_1,2024-05-27,lear_forecast,3836.594736842108,2403.157894736842,1433.436842105266,1.2631578947368423,1.1400000000000001,6,6
cost_1,2024-05-28,lear_forecast,3072.8717105263154,1752.302631578947,1320.5690789473683,0.9210526315789473,0.8312499999999999,4,5
cost_1,2024-05-29,lear_forecast,6764.499342105265,1752.3026315789473,5012.1967105263175,0.9210526315789473,0.83125,4,5
cost_1,2024-05-30,lear_forecast,3739.418421052631,2077.730263157895,1661.688157894736,1.092105263157895,0.985625,5,5
cost_1,2024-05-31,lear_forecast,-99.46842105263131,2403.157894736842,-2502.626315789473,1.2631578947368423,1.1400000000000001,6,6
cost_1,2024-06-01,lear_forecast,8963.078947368422,1602.105263157895,7360.973684210527,0.8421052631578949,0.76,4,4
cost_1,2024-06-02,lear_forecast,8658.236842105263,1602.105263157895,7056.131578947368,0.8421052631578949,0.7600000000000001,4,4
cost_1,2024-06-03,lear_forecast,9828.384210526317,2403.157894736842,7425.226315789476,1.2631578947368423,1.1400000000000001,6,6
cost_1,2024-06-04,lear_forecast,8673.508033240998,2382.0775623268696,6291.430470914129,1.2520775623268698,1.13,6,5
cost_1,2024-06-05,lear_forecast,9813.357894736842,1602.105263157895,8211.252631578947,0.8421052631578949,0.7600000000000001,4,4
cost_1,2024-06-06,lear_forecast,3488.9105263157876,1602.105263157895,1886.8052631578926,0.8421052631578949,0.76,4,4
cost_1,2024-06-07,lear_forecast,3410.5941828254836,1855.0692520775624,1555.5249307479212,0.9750692520775625,0.88,5,4
cost_1,2024-06-08,lear_forecast,9293.978947368421,1602.105263157895,7691.873684210526,0.8421052631578949,0.76,4,4
cost_1,2024-06-09,lear_forecast,1730.8631578947352,1602.105263157895,128.75789473684017,0.8421052631578949,0.76,4,4
cost_1,2024-06-10,lear_forecast,4676.175,1426.875,3249.3,0.75,0.676875,3,4
cost_1,2024-06-11,lear_forecast,9041.072022160664,1855.0692520775624,7186.0027700831015,0.9750692520775625,0.88,5,4
cost_1,2024-06-12,lear_forecast,7345.626315789475,2403.157894736842,4942.468421052632,1.2631578947368423,1.1400000000000001,6,6
cost_1,2024-06-13,lear_forecast,7562.283102493077,2129.1135734072022,5433.169529085875,1.1191135734072022,1.0100000000000002,5,5
cost_1,2024-06-14,lear_forecast,7883.750657894739,1752.3026315789473,6131.448026315791,0.9210526315789473,0.83125,4,5
cost_1,2024-06-15,lear_forecast,6071.852631578948,2403.157894736842,3668.6947368421056,1.2631578947368423,1.1400000000000001,6,6
cost_1,2024-06-16,lear_forecast,13894.036842105266,2403.157894736842,11490.878947368425,1.2631578947368423,1.1400000000000001,6,6
cost_1,2024-06-17,lear_forecast,7056.622368421054,1752.3026315789473,5304.319736842106,0.9210526315789473,0.83125,4,5
cost_1,2024-06-18,lear_forecast,4631.27894736842,1752.302631578947,2878.9763157894727,0.9210526315789473,0.8312499999999999,4,5
cost_1,2024-06-19,lear_forecast,8592.769806094186,2129.1135734072022,6463.6562326869835,1.1191135734072022,1.0100000000000002,5,5
cost_1,2024-06-20,lear_forecast,4513.732894736846,1752.3026315789473,2761.4302631578985,0.9210526315789473,0.83125,4,5
cost_1,2024-06-21,lear_forecast,1643.3335526315775,1752.302631578947,-108.96907894736955,0.9210526315789473,0.8312499999999998,4,5
cost_1,2024-06-22,lear_forecast,1759.8526315789466,1602.105263157895,157.74736842105153,0.8421052631578949,0.76,4,4
cost_1,2024-06-23,lear_forecast,2415.8457236842105,2077.7302631578946,338.1154605263159,1.0921052631578947,0.985625,5,5
cost_1,2024-06-24,lear_forecast,4237.742105263159,1602.1052631578948,2635.636842105264,0.8421052631578947,0.76,4,4
cost_1,2024-06-25,lear_forecast,4355.350000000002,1752.3026315789473,2603.0473684210547,0.9210526315789473,0.83125,4,5
cost_1,2024-06-26,lear_forecast,2181.277631578949,1752.3026315789473,428.9750000000015,0.9210526315789473,0.83125,4,5
cost_1,2024-06-27,lear_forecast,1604.4578947368425,1602.105263157895,2.3526315789474666,0.8421052631578948,0.76,4,4
cost_1,2024-06-28,lear_forecast,526.2052631578964,1602.105263157895,-1075.8999999999987,0.8421052631578947,0.7600000000000001,4,4
cost_1,2024-06-29,lear_forecast,8446.794736842108,1602.105263157895,6844.689473684213,0.8421052631578949,0.7600000000000001,4,4
cost_1,2024-06-30,lear_forecast,1999.8578947368408,1602.105263157895,397.75263157894574,0.8421052631578949,0.76,4,4
cost_1,2024-07-01,lear_forecast,2046.836842105262,1752.302631578947,294.53421052631484,0.9210526315789473,0.8312499999999998,4,5
cost_1,2024-07-02,lear_forecast,3160.467105263158,1752.3026315789473,1408.1644736842106,0.9210526315789473,0.83125,4,5
cost_1,2024-07-03,lear_forecast,4902.342364958448,1803.685941828255,3098.6564231301936,0.948060941828255,0.855625,4,4
cost_1,2024-07-04,lear_forecast,7791.011842105264,1752.302631578947,6038.709210526316,0.9210526315789473,0.8312499999999999,4,5
cost_1,2024-07-05,lear_forecast,6963.573684210531,1602.105263157895,5361.468421052636,0.8421052631578947,0.7600000000000001,4,4
cost_1,2024-07-06,lear_forecast,4819.584210526315,2403.157894736842,2416.4263157894725,1.263157894736842,1.1400000000000001,6,6
cost_1,2024-07-07,lear_forecast,9404.184210526317,2403.157894736842,7001.026315789475,1.2631578947368423,1.1400000000000001,6,6
cost_1,2024-07-08,lear_forecast,8119.6578947368425,1602.105263157895,6517.5526315789475,0.8421052631578948,0.7600000000000001,4,4
cost_1,2024-07-09,lear_forecast,11323.157894736845,1602.105263157895,9721.05263157895,0.8421052631578948,0.7600000000000001,4,4
cost_1,2024-07-10,lear_forecast,11522.76315789474,1602.105263157895,9920.657894736845,0.8421052631578947,0.7600000000000001,4,4
cost_1,2024-07-11,lear_forecast,4673.2947368421055,1602.105263157895,3071.1894736842105,0.8421052631578948,0.76,4,4
cost_1,2024-07-12,lear_forecast,1530.7052631578947,1602.1052631578948,-71.40000000000009,0.8421052631578947,0.76,4,4
cost_1,2024-07-13,lear_forecast,3925.56842105263,2403.157894736842,1522.410526315788,1.2631578947368423,1.1400000000000001,6,6
cost_1,2024-07-14,lear_forecast,2179.4421052631583,2403.157894736842,-223.7157894736838,1.2631578947368423,1.1400000000000001,6,6
cost_1,2024-07-15,lear_forecast,2431.5157894736867,1602.105263157895,829.4105263157917,0.8421052631578947,0.7600000000000001,4,4
cost_1,2024-07-16,lear_forecast,917.0315789473689,1602.1052631578948,-685.0736842105259,0.8421052631578947,0.76,4,4
cost_1,2024-07-17,lear_forecast,1841.507894736841,1752.302631578947,89.20526315789402,0.9210526315789473,0.8312499999999998,4,5
cost_1,2024-07-18,lear_forecast,6588.547368421051,1602.105263157895,4986.442105263156,0.8421052631578948,0.76,4,4
cost_1,2024-07-19,lear_forecast,5936.073684210532,1602.105263157895,4333.968421052637,0.8421052631578947,0.7600000000000001,4,4
cost_1,2024-07-20,lear_forecast,4927.209695290861,2129.1135734072022,2798.096121883659,1.1191135734072022,1.0100000000000002,5,5
cost_1,2024-07-21,lear_forecast,8424.74210526316,2403.157894736842,6021.584210526318,1.263157894736842,1.1400000000000001,6,6
cost_1,2024-07-22,lear_forecast,12096.052631578947,1602.1052631578948,10493.947368421052,0.8421052631578947,0.76,4,4
cost_1,2024-07-23,lear_forecast,11693.421052631586,1602.105263157895,10091.31578947369,0.8421052631578947,0.7600000000000001,4,4
cost_1,2024-07-24,lear_forecast,8246.926315789477,1602.105263157895,6644.821052631582,0.8421052631578947,0.7600000000000001,4,4
cost_1,2024-07-25,lear_forecast,5669.47368421053,1602.105263157895,4067.3684210526353,0.8421052631578947,0.7600000000000001,4,4
cost_1,2024-07-26,lear_forecast,6342.210526315793,1602.1052631578948,4740.105263157898,0.8421052631578947,0.76,4,4
cost_1,2024-07-27,lear_forecast,6433.077008310251,2129.1135734072022,4303.963434903048,1.1191135734072022,1.0100000000000002,5,5
cost_1,2024-07-28,lear_forecast,8107.478947368422,2403.157894736842,5704.32105263158,1.263157894736842,1.1400000000000001,6,6
cost_1,2024-07-29,lear_forecast,8566.973684210525,1602.1052631578948,6964.86842105263,0.8421052631578947,0.76,4,4
cost_1,2024-07-30,lear_forecast,11647.763157894742,1602.105263157895,10045.657894736847,0.8421052631578947,0.7600000000000001,4,4
cost_1,2024-07-31,lear_forecast,11440.26315789474,1602.1052631578948,9838.157894736845,0.8421052631578947,0.76,4,4
cost_1,2024-08-01,lear_forecast,12971.400000000003,1602.105263157895,11369.294736842108,0.8421052631578948,0.7600000000000001,4,4
cost_1,2024-08-02,lear_forecast,5978.826315789475,1602.105263157895,4376.72105263158,0.8421052631578948,0.7600000000000001,4,4
cost_1,2024-08-03,lear_forecast,4495.823822714682,2129.113573407202,2366.7102493074804,1.1191135734072022,1.01,5,5
cost_1,2024-08-04,lear_forecast,5739.057894736839,2403.157894736842,3335.8999999999974,1.2631578947368423,1.1400000000000001,6,6
cost_1,2024-08-05,lear_forecast,5354.805263157895,1602.1052631578948,3752.7,0.8421052631578947,0.76,4,4
cost_1,2024-08-06,lear_forecast,5069.063157894739,1602.105263157895,3466.9578947368436,0.8421052631578948,0.7600000000000001,4,4
cost_1,2024-08-07,lear_forecast,4206.599999999999,1602.1052631578948,2604.4947368421044,0.8421052631578947,0.76,4,4
cost_1,2024-08-08,lear_forecast,5536.994736842104,1602.105263157895,3934.8894736842094,0.8421052631578948,0.76,4,4
cost_1,2024-08-09,lear_forecast,5293.08421052632,1602.105263157895,3690.978947368425,0.8421052631578947,0.7600000000000001,4,4
cost_1,2024-08-10,lear_forecast,5171.53185595568,2129.113573407202,3042.418282548478,1.1191135734072022,1.01,5,5
cost_1,2024-08-11,lear_forecast,5377.084210526315,2403.157894736842,2973.9263157894725,1.263157894736842,1.1400000000000001,6,6
cost_1,2024-08-12,lear_forecast,4190.110526315793,1602.105263157895,2588.0052631578983,0.8421052631578947,0.7600000000000001,4,4
cost_1,2024-08-13,lear_forecast,4383.594736842104,1602.105263157895,2781.489473684209,0.8421052631578948,0.76,4,4
cost_1,2024-08-14,lear_forecast,3549.421052631578,1602.105263157895,1947.3157894736828,0.8421052631578948,0.76,4,4
cost_1,2024-08-15,lear_forecast,3883.168421052634,1602.105263157895,2281.063157894739,0.8421052631578948,0.7600000000000001,4,4
cost_1,2024-08-16,lear_forecast,3843.305263157896,1602.1052631578948,2241.2000000000016,0.8421052631578947,0.76,4,4
cost_1,2024-08-17,lear_forecast,6943.2947368421055,2403.157894736842,4540.136842105263,1.263157894736842,1.1400000000000001,6,6
cost_1,2024-08-18,lear_forecast,7255.021052631579,2403.157894736842,4851.863157894737,1.263157894736842,1.1400000000000001,6,6
cost_1,2024-08-19,lear_forecast,5535.052631578949,1602.1052631578948,3932.9473684210543,0.8421052631578947,0.76,4,4
cost_1,2024-08-20,lear_forecast,4940.942105263156,1602.105263157895,3338.836842105261,0.8421052631578948,0.76,4,4
cost_1,2024-08-21,lear_forecast,5410.800657894736,1752.302631578947,3658.498026315789,0.9210526315789473,0.8312499999999999,4,5
cost_1,2024-08-22,lear_forecast,3339.8894736842085,1602.105263157895,1737.7842105263135,0.8421052631578948,0.76,4,4
cost_1,2024-08-23,lear_forecast,4590.926315789476,1602.105263157895,2988.8210526315806,0.8421052631578948,0.7600000000000001,4,4
cost_1,2024-08-24,lear_forecast,5028.399999999998,2403.157894736842,2625.2421052631557,1.263157894736842,1.1400000000000001,6,6
cost_1,2024-08-25,lear_forecast,3125.9736842105262,2403.157894736842,722.8157894736842,1.263157894736842,1.1400000000000001,6,6
cost_1,2024-08-26,lear_forecast,5480.054605263158,2077.7302631578946,3402.3243421052634,1.0921052631578947,0.985625,5,5
cost_1,2024-08-27,lear_forecast,5106.242105263162,1602.1052631578948,3504.1368421052666,0.8421052631578947,0.76,4,4
cost_1,2024-08-28,lear_forecast,5231.5371191135755,2129.1135734072022,3102.4235457063733,1.1191135734072022,1.0100000000000002,6,5
cost_1,2024-08-29,lear_forecast,4189.742105263161,1602.105263157895,2587.6368421052657,0.8421052631578947,0.7600000000000001,4,4
cost_1,2024-08-30,lear_forecast,10197.3487534626,2129.113573407202,8068.235180055399,1.1191135734072022,1.01,6,5
cost_1,2024-08-31,lear_forecast,2284.0631578947377,1602.1052631578948,681.957894736843,0.8421052631578947,0.76,4,4
cost_1,2024-09-01,lear_forecast,5987.6105263157915,2403.157894736842,3584.4526315789494,1.263157894736842,1.1400000000000001,6,6
cost_1,2024-09-02,lear_forecast,5635.926315789474,1602.1052631578948,4033.821052631579,0.8421052631578947,0.76,4,4
cost_1,2024-09-03,lear_forecast,4168.973684210528,1602.1052631578948,2566.8684210526326,0.8421052631578947,0.76,4,4
cost_1,2024-09-04,lear_forecast,4817.305263157893,1602.105263157895,3215.199999999998,0.8421052631578948,0.76,4,4
cost_1,2024-09-05,lear_forecast,5944.210526315789,1602.105263157895,4342.105263157894,0.8421052631578948,0.76,4,4
cost_1,2024-09-06,lear_forecast,5573.784210526315,1602.105263157895,3971.6789473684203,0.8421052631578948,0.76,4,4
cost_1,2024-09-07,lear_forecast,3972.3736842105245,2403.157894736842,1569.2157894736824,1.2631578947368423,1.1400000000000001,6,6
cost_1,2024-09-08,lear_forecast,5950.499999999998,2403.157894736842,3547.342105263156,1.2631578947368423,1.1400000000000001,6,6
cost_1,2024-09-09,lear_forecast,13304.084210526318,1602.1052631578948,11701.978947368423,0.8421052631578947,0.76,4,4
cost_1,2024-09-10,lear_forecast,11058.026315789473,1602.105263157895,9455.921052631578,0.8421052631578948,0.76,4,4
cost_1,2024-09-11,lear_forecast,13694.789473684214,1602.1052631578948,12092.684210526319,0.8421052631578947,0.76,4,4
cost_1,2024-09-12,lear_forecast,8620.252631578946,1602.1052631578948,7018.1473684210505,0.8421052631578947,0.76,4,4
cost_1,2024-09-13,lear_forecast,9162.036842105264,1602.1052631578948,7559.931578947369,0.8421052631578947,0.76,4,4
cost_1,2024-09-14,lear_forecast,6129.057894736842,2403.157894736842,3725.9,1.2631578947368423,1.1400000000000001,6,6
cost_1,2024-09-15,lear_forecast,2679.1789473684203,2403.157894736842,276.0210526315782,1.2631578947368423,1.1400000000000001,6,6
cost_1,2024-09-16,lear_forecast,4677.363157894735,1602.105263157895,3075.25789473684,0.8421052631578948,0.76,4,4
cost_1,2024-09-17,lear_forecast,16146.184210526322,1602.105263157895,14544.078947368427,0.8421052631578948,0.7600000000000001,4,4
cost_1,2024-09-18,lear_forecast,16196.315789473683,1602.105263157895,14594.210526315788,0.8421052631578948,0.76,4,4
cost_1,2024-09-19,lear_forecast,18519.23157894736,1602.105263157895,16917.126315789465,0.8421052631578948,0.76,4,4
cost_1,2024-09-20,lear_forecast,15666.05263157895,1602.1052631578948,14063.947368421055,0.8421052631578947,0.76,4,4
cost_1,2024-09-21,lear_forecast,4090.0000000000027,1602.1052631578948,2487.8947368421077,0.8421052631578947,0.76,4,4
cost_1,2024-09-22,lear_forecast,2897.5315789473707,1602.1052631578948,1295.426315789476,0.8421052631578947,0.76,4,4
cost_1,2024-09-23,lear_forecast,2611.452631578947,1602.105263157895,1009.3473684210521,0.8421052631578948,0.76,4,4
cost_1,2024-09-24,lear_forecast,6403.757894736842,1602.1052631578948,4801.652631578947,0.8421052631578947,0.76,4,4
cost_1,2024-09-25,lear_forecast,4301.05263157895,1602.105263157895,2698.947368421055,0.8421052631578947,0.7600000000000001,4,4
cost_1,2024-09-26,lear_forecast,6100.452631578947,1602.105263157895,4498.347368421052,0.8421052631578948,0.76,4,4
cost_1,2024-09-27,lear_forecast,4669.4263157894775,1602.105263157895,3067.3210526315825,0.8421052631578947,0.7600000000000001,4,4
cost_1,2024-09-28,lear_forecast,2319.7947368421055,2403.157894736842,-83.36315789473656,1.263157894736842,1.1400000000000001,6,6
cost_1,2024-09-29,lear_forecast,2052.836288088643,2382.0775623268696,-329.24127423822665,1.2520775623268698,1.13,6,5
cost_1,2024-09-30,lear_forecast,4347.163157894737,1602.105263157895,2745.057894736842,0.8421052631578948,0.76,4,4
cost_1,2024-10-01,lear_forecast,6644.952631578949,1602.1052631578948,5042.847368421054,0.8421052631578947,0.76,4,4
cost_1,2024-10-02,lear_forecast,6607.8105263157895,1602.105263157895,5005.7052631578945,0.8421052631578948,0.76,4,4
cost_1,2024-10-03,lear_forecast,5357.226315789475,1602.1052631578948,3755.12105263158,0.8421052631578947,0.76,4,4
cost_1,2024-10-04,lear_forecast,4488.410526315792,1602.1052631578948,2886.3052631578967,0.8421052631578947,0.76,4,4
cost_1,2024-10-05,lear_forecast,3518.452631578948,2403.157894736842,1115.294736842106,1.2631578947368423,1.1400000000000001,6,6
cost_1,2024-10-06,lear_forecast,6791.733881578947,2077.730263157895,4714.003618421052,1.092105263157895,0.985625,5,5
cost_1,2024-10-07,lear_forecast,4989.136842105269,1602.105263157895,3387.0315789473743,0.8421052631578947,0.7600000000000001,4,4
cost_1,2024-10-08,lear_forecast,4225.994736842105,1602.105263157895,2623.8894736842103,0.8421052631578948,0.7600000000000001,4,4
cost_1,2024-10-09,lear_forecast,6742.316447368421,1752.302631578947,4990.013815789474,0.9210526315789473,0.8312499999999999,4,5
cost_1,2024-10-10,lear_forecast,7825.742763157896,1752.302631578947,6073.440131578949,0.9210526315789473,0.8312499999999999,4,5
cost_1,2024-10-11,lear_forecast,13269.64210526316,2403.157894736842,10866.484210526318,1.2631578947368423,1.1400000000000001,6,6
cost_1,2024-10-12,lear_forecast,9383.178947368422,1602.105263157895,7781.073684210527,0.8421052631578947,0.7600000000000001,4,4
cost_1,2024-10-13,lear_forecast,9519.97894736842,1602.105263157895,7917.8736842105245,0.8421052631578948,0.76,4,4
cost_1,2024-10-14,lear_forecast,7264.273684210526,2403.157894736842,4861.115789473684,1.2631578947368423,1.1400000000000001,6,6
cost_1,2024-10-15,lear_forecast,8143.842105263159,2403.157894736842,5740.684210526317,1.2631578947368423,1.1400000000000001,6,6
cost_1,2024-10-16,lear_forecast,4733.647368421051,2403.157894736842,2330.4894736842093,1.2631578947368423,1.1400000000000001,6,6
cost_1,2024-10-17,lear_forecast,8661.886842105268,2227.9276315789475,6433.959210526321,1.1710526315789473,1.056875,5,6
cost_1,2024-10-18,lear_forecast,8120.815789473681,2403.157894736842,5717.65789473684,1.2631578947368423,1.1400000000000001,6,6
cost_1,2024-10-19,lear_forecast,3369.615789473684,2403.157894736842,966.4578947368418,1.2631578947368423,1.1400000000000001,6,6
cost_1,2024-10-20,lear_forecast,10796.315789473685,2403.157894736842,8393.157894736843,1.2631578947368423,1.1400000000000001,6,6
cost_1,2024-10-21,lear_forecast,7093.56315789474,2403.157894736842,4690.405263157898,1.2631578947368423,1.1400000000000001,6,6
cost_1,2024-10-22,lear_forecast,5774.205263157894,2403.157894736842,3371.0473684210515,1.2631578947368423,1.1400000000000001,6,6
cost_1,2024-10-23,lear_forecast,4732.242105263158,2403.157894736842,2329.084210526316,1.2631578947368423,1.1400000000000001,6,6
cost_1,2024-10-24,lear_forecast,6565.844078947367,1752.302631578947,4813.5414473684195,0.9210526315789473,0.8312499999999999,4,5
cost_1,2024-10-25,lear_forecast,5544.305263157893,2403.157894736842,3141.147368421051,1.2631578947368423,1.1400000000000001,6,6
cost_1,2024-10-26,lear_forecast,2799.8193905817157,1855.0692520775624,944.7501385041533,0.9750692520775625,0.88,5,4
cost_1,2024-10-27,lear_forecast,2710.3684210526308,1602.105263157895,1108.2631578947357,0.8421052631578948,0.76,4,4
cost_1,2024-10-28,lear_forecast,7328.944736842103,1752.302631578947,5576.642105263156,0.9210526315789473,0.8312499999999999,4,5
cost_1,2024-10-29,lear_forecast,5474.964473684211,1752.302631578947,3722.661842105264,0.9210526315789473,0.8312499999999999,4,5
cost_1,2024-10-30,lear_forecast,5330.868421052633,1602.1052631578948,3728.7631578947376,0.8421052631578947,0.76,4,4
cost_1,2024-10-31,lear_forecast,4928.48947368421,2403.157894736842,2525.3315789473677,1.2631578947368423,1.1400000000000001,6,6
cost_1,2024-11-01,lear_forecast,2806.559868421052,1752.3026315789473,1054.257236842105,0.9210526315789473,0.83125,4,5
cost_1,2024-11-02,lear_forecast,-1505.8999999999987,1602.105263157895,-3108.0052631578938,0.8421052631578947,0.7600000000000001,4,4
cost_1,2024-11-03,lear_forecast,8949.578947368422,1602.105263157895,7347.473684210527,0.8421052631578949,0.76,4,4
cost_1,2024-11-04,lear_forecast,10240.9,2403.157894736842,7837.742105263158,1.2631578947368423,1.1400000000000001,6,6
cost_1,2024-11-05,lear_forecast,6641.405263157894,2403.157894736842,4238.247368421053,1.2631578947368423,1.1400000000000001,6,6
cost_1,2024-11-06,lear_forecast,7715.86842105263,2403.157894736842,5312.710526315788,1.2631578947368423,1.1400000000000001,6,6
cost_1,2024-11-07,lear_forecast,9547.036842105263,2403.157894736842,7143.878947368421,1.2631578947368423,1.1400000000000001,6,6
cost_1,2024-11-08,lear_forecast,8092.257894736845,2403.157894736842,5689.100000000002,1.2631578947368423,1.1400000000000001,6,6
cost_1,2024-11-09,lear_forecast,5626.015131578946,2077.730263157895,3548.284868421051,1.092105263157895,0.985625,5,5
cost_1,2024-11-10,lear_forecast,4341.966118421052,2077.7302631578946,2264.235855263157,1.0921052631578947,0.985625,5,5
cost_1,2024-11-11,lear_forecast,8445.814144736842,2227.927631578947,6217.886513157895,1.1710526315789473,1.0568749999999998,5,6
cost_1,2024-11-12,lear_forecast,10344.021052631579,2403.157894736842,7940.863157894737,1.2631578947368423,1.1400000000000001,6,6
cost_1,2024-11-13,lear_forecast,10197.036842105264,2403.157894736842,7793.878947368423,1.263157894736842,1.1400000000000001,6,6
cost_1,2024-11-14,lear_forecast,7423.505263157894,2403.157894736842,5020.347368421051,1.263157894736842,1.1400000000000001,6,6
cost_1,2024-11-15,lear_forecast,3344.605263157895,2403.157894736842,941.4473684210529,1.2631578947368423,1.1400000000000001,6,6
cost_1,2024-11-16,lear_forecast,1974.2578947368413,1602.105263157895,372.1526315789463,0.8421052631578948,0.76,4,4
cost_1,2024-11-17,lear_forecast,3448.4263157894725,1602.105263157895,1846.3210526315775,0.8421052631578949,0.76,4,4
cost_1,2024-11-18,lear_forecast,6131.190789473683,1752.302631578947,4378.888157894737,0.9210526315789473,0.8312499999999999,4,5
cost_1,2024-11-19,lear_forecast,7595.279276315786,2227.927631578947,5367.351644736838,1.1710526315789473,1.0568749999999998,5,6
cost_1,2024-11-20,lear_forecast,8048.536842105263,2403.157894736842,5645.378947368421,1.2631578947368423,1.1400000000000001,6,6
cost_1,2024-11-21,lear_forecast,10629.702770083104,2656.1218836565095,7973.580886426595,1.3961218836565097,1.26,7,6
cost_1,2024-11-22,lear_forecast,6275.878393351799,2656.1218836565095,3619.7565096952894,1.3961218836565097,1.26,7,6
cost_1,2024-11-23,lear_forecast,4675.8421052631575,2077.730263157895,2598.1118421052624,1.092105263157895,0.985625,5,5
cost_1,2024-11-24,lear_forecast,5282.094736842105,2403.157894736842,2878.9368421052627,1.2631578947368423,1.1400000000000001,6,6
cost_1,2024-11-25,lear_forecast,9635.684868421056,1752.3026315789473,7883.382236842109,0.9210526315789473,0.83125,4,5
cost_1,2024-11-26,lear_forecast,8264.491135734072,2656.1218836565095,5608.369252077562,1.3961218836565097,1.26,7,6
cost_1,2024-11-27,lear_forecast,7972.757894736842,3204.21052631579,4768.547368421052,1.6842105263157896,1.52,8,8
cost_1,2024-11-28,lear_forecast,7859.3101973684215,2878.782894736842,4980.527302631579,1.513157894736842,1.365625,7,7
cost_1,2024-11-29,lear_forecast,4677.089473684212,2403.157894736842,2273.93157894737,1.2631578947368423,1.1400000000000001,6,6
cost_1,2024-11-30,lear_forecast,2411.0789473684213,1602.105263157895,808.9736842105262,0.8421052631578949,0.7600000000000001,4,4
cost_1,2024-12-01,lear_forecast,9746.928289473684,2077.730263157895,7669.198026315789,1.092105263157895,0.985625,5,5
cost_1,2024-12-02,lear_forecast,9386.915789473684,2403.157894736842,6983.757894736842,1.2631578947368423,1.1400000000000001,6,6
cost_1,2024-12-03,lear_forecast,7427.1515235457055,2656.1218836565095,4771.029639889196,1.3961218836565097,1.26,7,6
cost_1,2024-12-04,lear_forecast,8084.288365650968,2656.1218836565095,5428.166481994459,1.3961218836565097,1.26,7,6
cost_1,2024-12-05,lear_forecast,5266.694736842105,2403.157894736842,2863.536842105263,1.2631578947368423,1.1400000000000001,6,6
cost_1,2024-12-06,lear_forecast,6604.780332409975,2656.12188365651,3948.658448753465,1.3961218836565097,1.2600000000000002,7,6
cost_1,2024-12-07,lear_forecast,4268.031578947367,1602.105263157895,2665.926315789472,0.8421052631578949,0.76,4,4
cost_1,2024-12-08,lear_forecast,6389.063157894738,1602.105263157895,4786.957894736843,0.8421052631578948,0.7600000000000001,4,4
cost_1,2024-12-09,lear_forecast,5972.784210526317,2403.157894736842,3569.626315789475,1.2631578947368423,1.1400000000000001,6,6
cost_1,2024-12-10,lear_forecast,6778.074792243768,2656.1218836565095,4121.952908587258,1.3961218836565097,1.26,7,6
cost_1,2024-12-11,lear_forecast,7459.024930747924,2656.1218836565095,4802.903047091415,1.3961218836565097,1.26,7,6
cost_1,2024-12-12,lear_forecast,9602.226315789474,3204.21052631579,6398.015789473684,1.6842105263157896,1.52,8,8
cost_1,2024-12-13,lear_forecast,8425.989473684214,3204.2105263157896,5221.778947368424,1.6842105263157894,1.52,8,8
cost_1,2024-12-14,lear_forecast,7005.308881578945,2077.730263157895,4927.57861842105,1.092105263157895,0.985625,5,5
cost_1,2024-12-15,lear_forecast,5764.715789473684,2403.157894736842,3361.5578947368417,1.263157894736842,1.1400000000000001,6,6
cost_1,2024-12-16,lear_forecast,8478.791412742381,3183.1301939058176,5295.661218836563,1.6731301939058172,1.5100000000000002,8,7
cost_1,2024-12-17,lear_forecast,7229.152631578951,3204.2105263157896,4024.942105263161,1.6842105263157894,1.52,8,8
cost_1,2024-12-18,lear_forecast,7601.068421052635,3204.21052631579,4396.857894736845,1.6842105263157894,1.5200000000000002,8,8
cost_1,2024-12-19,lear_forecast,13216.226315789476,3204.2105263157896,10012.015789473686,1.6842105263157894,1.52,8,8
cost_1,2024-12-20,lear_forecast,8271.300000000001,3204.21052631579,5067.089473684211,1.6842105263157896,1.52,8,8
cost_1,2024-12-21,lear_forecast,1777.4526315789471,1602.105263157895,175.34736842105212,0.8421052631578949,0.76,4,4
cost_1,2024-12-22,lear_forecast,5215.725657894735,2077.7302631578946,3137.995394736841,1.0921052631578947,0.985625,5,5
cost_1,2024-12-23,lear_forecast,7610.957894736839,2553.3552631578946,5057.602631578944,1.3421052631578947,1.21125,6,6
cost_1,2024-12-24,lear_forecast,9389.247368421053,3204.21052631579,6185.036842105263,1.6842105263157896,1.52,8,8
cost_1,2024-12-25,lear_forecast,9288.44210526316,3204.21052631579,6084.2315789473705,1.6842105263157896,1.52,8,8
cost_1,2024-12-26,lear_forecast,6451.589473684212,3204.21052631579,3247.378947368422,1.6842105263157896,1.52,8,8
cost_1,2024-12-27,lear_forecast,3861.705263157893,2878.782894736842,982.922368421051,1.513157894736842,1.365625,7,7
cost_1,2024-12-28,lear_forecast,5890.426315789474,1602.105263157895,4288.321052631579,0.8421052631578949,0.7600000000000001,4,4
cost_1,2024-12-29,lear_forecast,4555.088486842104,2077.730263157895,2477.3582236842094,1.092105263157895,0.985625,5,5
cost_1,2024-12-30,lear_forecast,7333.5,3204.21052631579,4129.28947368421,1.6842105263157896,1.52,8,8
cost_1,2024-12-31,lear_forecast,8206.37811634349,2635.0415512465374,5571.336565096954,1.3850415512465375,1.25,7,5
cost_1,2025-01-01,lear_forecast,9709.27894736842,1602.105263157895,8107.173684210526,0.8421052631578947,0.7600000000000001,4,4
cost_1,2025-01-02,lear_forecast,9477.273684210526,1602.1052631578948,7875.168421052631,0.8421052631578947,0.76,4,4
cost_1,2025-01-03,lear_forecast,6679.46447368421,2077.730263157895,4601.734210526315,1.092105263157895,0.985625,5,5
cost_1,2025-01-04,lear_forecast,5050.54210526316,1602.105263157895,3448.436842105265,0.8421052631578948,0.7600000000000001,4,4
cost_1,2025-01-05,lear_forecast,3917.31301939058,2382.0775623268696,1535.2354570637103,1.2520775623268698,1.13,6,5
cost_1,2025-01-06,lear_forecast,2898.857894736843,2403.157894736842,495.7000000000007,1.2631578947368423,1.1400000000000001,6,6
cost_1,2025-01-07,lear_forecast,5338.4000000000015,2403.157894736842,2935.2421052631594,1.2631578947368423,1.1400000000000001,6,6
cost_1,2025-01-08,lear_forecast,5159.88486842105,2077.730263157895,3082.1546052631547,1.092105263157895,0.985625,5,5
cost_1,2025-01-09,lear_forecast,6284.11842105263,2077.730263157895,4206.388157894735,1.092105263157895,0.985625,5,5
cost_1,2025-01-10,lear_forecast,6791.868421052632,2403.157894736842,4388.71052631579,1.2631578947368423,1.1400000000000001,6,6
cost_1,2025-01-11,lear_forecast,5171.8736842105245,2403.157894736842,2768.7157894736824,1.263157894736842,1.14,6,6
cost_1,2025-01-12,lear_forecast,3216.519944598338,2382.0775623268696,834.4423822714684,1.2520775623268698,1.13,6,5
cost_1,2025-01-13,lear_forecast,4265.083552631579,2553.3552631578946,1711.728289473684,1.3421052631578947,1.21125,6,6
cost_1,2025-01-14,lear_forecast,6480.399168975071,2656.12188365651,3824.277285318561,1.3961218836565097,1.2600000000000002,7,6
cost_1,2025-01-15,lear_forecast,5946.499999999999,3204.21052631579,2742.289473684209,1.6842105263157896,1.52,8,8
cost_1,2025-01-16,lear_forecast,9774.942105263153,3204.21052631579,6570.731578947363,1.6842105263157896,1.52,8,8
cost_1,2025-01-17,lear_forecast,7847.047368421053,3204.21052631579,4642.836842105263,1.6842105263157896,1.52,8,8
cost_1,2025-01-18,lear_forecast,6883.568421052633,1602.105263157895,5281.463157894738,0.8421052631578948,0.7600000000000001,4,4
cost_1,2025-01-19,lear_forecast,3814.6110803324104,1855.0692520775622,1959.5418282548483,0.9750692520775623,0.88,5,4
cost_1,2025-01-20,lear_forecast,7439.247368421056,3204.21052631579,4235.036842105266,1.6842105263157896,1.5200000000000005,8,8
cost_1,2025-01-21,lear_forecast,6809.126558171746,2857.7025623268696,3951.4239958448766,1.5020775623268698,1.3556249999999999,7,6
cost_1,2025-01-22,lear_forecast,9731.084210526318,3204.21052631579,6526.873684210528,1.6842105263157896,1.5200000000000005,8,8
cost_1,2025-01-23,lear_forecast,9800.224013157896,2878.782894736842,6921.441118421055,1.513157894736842,1.365625,7,7
cost_1,2025-01-24,lear_forecast,6254.8421052631575,3204.2105263157896,3050.631578947368,1.6842105263157894,1.52,8,8
cost_1,2025-01-25,lear_forecast,9125.684210526317,1602.105263157895,7523.578947368422,0.8421052631578947,0.7600000000000001,4,4
cost_1,2025-01-26,lear_forecast,9355.57697368421,2077.730263157895,7277.846710526315,1.092105263157895,0.985625,5,5
cost_1,2025-01-27,lear_forecast,5269.831578947368,2403.157894736842,2866.673684210526,1.2631578947368423,1.1400000000000001,6,6
cost_1,2025-01-28,lear_forecast,5826.6,3204.21052631579,2622.3894736842103,1.6842105263157896,1.52,8,8
cost_1,2025-01-29,lear_forecast,6102.353462603878,2857.7025623268696,3244.6509002770085,1.5020775623268698,1.3556249999999999,7,6
cost_1,2025-01-30,lear_forecast,8285.240131578947,2553.3552631578955,5731.884868421052,1.342105263157895,1.2112500000000002,6,6
cost_1,2025-01-31,lear_forecast,7302.658725761777,3183.1301939058176,4119.528531855959,1.6731301939058172,1.5100000000000002,8,7
cost_1,2025-02-01,lear_forecast,2645.7263157894727,1602.105263157895,1043.6210526315776,0.8421052631578949,0.76,4,4
cost_1,2025-02-02,lear_forecast,1361.4611842105262,2077.7302631578946,-716.2690789473684,1.0921052631578947,0.985625,5,5
cost_1,2025-02-03,lear_forecast,5766.452077562327,3183.130193905817,2583.3218836565097,1.6731301939058172,1.51,8,7
cost_1,2025-02-04,lear_forecast,7505.908587257617,3183.130193905817,4322.7783933518,1.6731301939058172,1.51,8,7
cost_1,2025-02-05,lear_forecast,9730.268421052633,3204.21052631579,6526.057894736843,1.6842105263157896,1.52,8,8
cost_1,2025-02-06,lear_forecast,11396.32105263158,3204.21052631579,8192.11052631579,1.6842105263157896,1.52,8,8
cost_1,2025-02-07,lear_forecast,7196.015789473686,3204.2105263157896,3991.805263157896,1.6842105263157894,1.52,8,8
cost_1,2025-02-08,lear_forecast,5941.080055401661,2382.0775623268696,3559.002493074792,1.2520775623268698,1.13,6,5
cost_1,2025-02-09,lear_forecast,5321.178947368424,2403.157894736842,2918.021052631582,1.263157894736842,1.1400000000000001,6,6
cost_1,2025-02-10,lear_forecast,9984.35263157895,3204.21052631579,6780.1421052631595,1.6842105263157896,1.52,8,8
cost_1,2025-02-11,lear_forecast,7936.078947368422,3204.2105263157896,4731.868421052632,1.6842105263157894,1.52,8,8
cost_1,2025-02-12,lear_forecast,6759.532686980611,3183.1301939058176,3576.4024930747937,1.6731301939058172,1.5100000000000002,8,7
cost_1,2025-02-13,lear_forecast,7965.568421052631,3204.2105263157896,4761.3578947368405,1.6842105263157894,1.52,8,8
cost_1,2025-02-14,lear_forecast,9880.747091412746,3183.130193905817,6697.616897506929,1.6731301939058172,1.51,8,7
cost_1,2025-02-15,lear_forecast,6308.252631578947,1602.105263157895,4706.147368421052,0.8421052631578949,0.76,4,4
cost_1,2025-02-16,lear_forecast,6409.940131578946,2077.7302631578946,4332.209868421052,1.0921052631578947,0.985625,5,5
cost_1,2025-02-17,lear_forecast,9231.884210526316,3204.2105263157896,6027.673684210526,1.6842105263157894,1.52,8,8
cost_1,2025-02-18,lear_forecast,8369.795567867037,2656.1218836565095,5713.673684210527,1.3961218836565097,1.26,7,6
cost_1,2025-02-19,lear_forecast,12193.167867036012,3183.130193905817,9010.037673130195,1.6731301939058172,1.51,8,7
cost_1,2025-02-20,lear_forecast,10229.649307479227,2656.1218836565095,7573.5274238227175,1.3961218836565097,1.26,7,6
cost_1,2025-02-21,lear_forecast,9173.164473684214,2878.782894736842,6294.381578947372,1.513157894736842,1.365625,7,7
cost_1,2025-02-22,lear_forecast,8624.325328947369,2077.7302631578946,6546.595065789474,1.0921052631578947,0.985625,5,5
cost_1,2025-02-23,lear_forecast,7354.700000000003,2403.157894736842,4951.542105263161,1.2631578947368423,1.1400000000000001,6,6
cost_1,2025-02-24,lear_forecast,8807.563157894741,3204.21052631579,5603.352631578951,1.6842105263157896,1.5200000000000005,8,8
cost_1,2025-02-25,lear_forecast,13328.594182825485,3183.130193905817,10145.463988919668,1.673130193905817,1.51,8,7
cost_1,2025-02-26,lear_forecast,9716.326315789473,3204.21052631579,6512.1157894736825,1.6842105263157896,1.52,8,8
cost_1,2025-02-27,lear_forecast,10529.741343490306,2857.7025623268696,7672.038781163437,1.5020775623268698,1.3556249999999999,7,6
cost_1,2025-02-28,lear_forecast,4484.299445983381,1855.0692520775624,2629.2301939058184,0.9750692520775623,0.8800000000000001,5,4
cost_1,2025-03-01,lear_forecast,9585.852631578948,1602.105263157895,7983.747368421053,0.8421052631578948,0.7600000000000001,4,4
cost_1,2025-03-02,lear_forecast,6786.978947368422,1602.105263157895,5184.873684210527,0.8421052631578948,0.7600000000000001,4,4
cost_1,2025-03-03,lear_forecast,-1271.8578947368417,2403.157894736842,-3675.015789473684,1.263157894736842,1.1400000000000001,6,6
cost_1,2025-03-04,lear_forecast,12441.84072022161,3183.1301939058176,9258.710526315792,1.6731301939058172,1.5100000000000002,8,7
cost_1,2025-03-05,lear_forecast,5938.789473684207,3204.21052631579,2734.578947368417,1.6842105263157896,1.52,8,8
cost_1,2025-03-06,lear_forecast,6823.936842105264,2403.157894736842,4420.778947368422,1.263157894736842,1.1400000000000001,6,6
cost_1,2025-03-07,lear_forecast,11622.410526315789,2403.157894736842,9219.252631578947,1.2631578947368423,1.1400000000000001,6,6
cost_1,2025-03-08,lear_forecast,5855.6434210526295,2077.7302631578946,3777.913157894735,1.0921052631578947,0.985625,5,5
cost_1,2025-03-09,lear_forecast,11449.040720221607,2382.0775623268696,9066.963157894737,1.2520775623268698,1.13,6,5
cost_1,2025-03-10,lear_forecast,9751.0,2403.157894736842,7347.842105263158,1.2631578947368423,1.1400000000000001,6,6
cost_1,2025-03-11,lear_forecast,6634.038504155125,2656.1218836565095,3977.916620498616,1.3961218836565097,1.26,7,6
cost_1,2025-03-12,lear_forecast,6072.773684210525,2403.157894736842,3669.615789473683,1.2631578947368423,1.1400000000000001,6,6
cost_1,2025-03-13,lear_forecast,5215.505263157895,2403.157894736842,2812.3473684210526,1.2631578947368423,1.1400000000000001,6,6
cost_1,2025-03-14,lear_forecast,11040.572697368421,2077.7302631578946,8962.842434210526,1.0921052631578947,0.985625,5,5
cost_1,2025-03-15,lear_forecast,3465.3473684210535,1602.105263157895,1863.2421052631585,0.8421052631578948,0.7600000000000001,4,4
cost_1,2025-03-16,lear_forecast,605.0236842105254,2077.7302631578946,-1472.706578947369,1.0921052631578947,0.985625,5,5
cost_1,2025-03-17,lear_forecast,7301.126315789475,2403.157894736842,4897.968421052632,1.263157894736842,1.1400000000000001,6,6
cost_1,2025-03-18,lear_forecast,8424.647368421052,2403.157894736842,6021.489473684211,1.2631578947368423,1.1400000000000001,6,6
cost_1,2025-03-19,lear_forecast,7292.215789473686,2403.157894736842,4889.057894736843,1.2631578947368423,1.1400000000000001,6,6
cost_1,2025-03-20,lear_forecast,12028.93157894737,2403.157894736842,9625.773684210528,1.263157894736842,1.1400000000000001,6,6
cost_1,2025-03-21,lear_forecast,9379.315460526313,2077.730263157895,7301.585197368418,1.092105263157895,0.985625,5,5
cost_1,2025-03-22,lear_forecast,8595.17894736842,1602.105263157895,6993.073684210525,0.8421052631578948,0.76,4,4
cost_1,2025-03-23,lear_forecast,8088.10394736842,2077.7302631578946,6010.373684210526,1.0921052631578947,0.985625,5,5
cost_1,2025-03-24,lear_forecast,2160.1789473684235,2403.157894736842,-242.97894736841863,1.263157894736842,1.1400000000000001,6,6
cost_1,2025-03-25,lear_forecast,7732.228947368421,2077.730263157895,5654.498684210526,1.092105263157895,0.985625,5,5
cost_1,2025-03-26,lear_forecast,7598.878947368421,1602.105263157895,5996.773684210526,0.8421052631578949,0.76,4,4
cost_1,2025-03-27,lear_forecast,4125.8888157894735,2077.7302631578946,2048.158552631579,1.0921052631578947,0.985625,5,5
cost_1,2025-03-28,lear_forecast,2253.326644736841,2077.730263157895,175.59638157894597,1.092105263157895,0.985625,5,5
cost_1,2025-03-29,lear_forecast,5027.221052631579,1602.105263157895,3425.1157894736843,0.8421052631578948,0.7600000000000001,4,4
cost_1,2025-03-30,lear_forecast,8589.094736842108,1602.105263157895,6986.9894736842125,0.8421052631578949,0.76,4,4
cost_1,2025-03-31,lear_forecast,6262.815789473686,2403.157894736842,3859.657894736844,1.2631578947368423,1.1400000000000001,6,6
cost_1,2024-04-01,perfect_foresight_upper_bound,10655.357894736842,2403.157894736842,8252.2,1.2631578947368423,1.1400000000000001,6,6
cost_1,2024-04-02,perfect_foresight_upper_bound,11568.4,2403.157894736842,9165.242105263158,1.2631578947368423,1.1400000000000001,6,6
cost_1,2024-04-03,perfect_foresight_upper_bound,5382.751523545709,2129.1135734072022,3253.6379501385063,1.1191135734072022,1.0100000000000002,6,5
cost_1,2024-04-04,perfect_foresight_upper_bound,4814.210526315789,2403.157894736842,2411.052631578947,1.263157894736842,1.1400000000000001,6,6
cost_1,2024-04-05,perfect_foresight_upper_bound,4750.3842105263175,2403.157894736842,2347.2263157894754,1.263157894736842,1.1400000000000001,6,6
cost_1,2024-04-06,perfect_foresight_upper_bound,7453.761772853186,1855.0692520775624,5598.692520775623,0.9750692520775625,0.88,5,4
cost_1,2024-04-07,perfect_foresight_upper_bound,9751.160197368421,2077.7302631578946,7673.429934210526,1.0921052631578947,0.985625,5,5
cost_1,2024-04-08,perfect_foresight_upper_bound,3557.165373961222,2129.1135734072022,1428.0518005540198,1.1191135734072022,1.0100000000000002,6,5
cost_1,2024-04-09,perfect_foresight_upper_bound,6867.907756232687,3183.130193905817,3684.7775623268694,1.6731301939058172,1.51,8,7
cost_1,2024-04-10,perfect_foresight_upper_bound,13920.650138504157,3183.1301939058176,10737.51994459834,1.6731301939058172,1.5100000000000002,8,7
cost_1,2024-04-11,perfect_foresight_upper_bound,9260.557894736843,2403.157894736842,6857.4000000000015,1.2631578947368423,1.1400000000000001,6,6
cost_1,2024-04-12,perfect_foresight_upper_bound,9141.316447368421,2077.7302631578946,7063.586184210526,1.0921052631578947,0.985625,5,5
cost_1,2024-04-13,perfect_foresight_upper_bound,9278.67894736842,1602.105263157895,7676.573684210525,0.8421052631578949,0.76,4,4
cost_1,2024-04-14,perfect_foresight_upper_bound,8376.678947368422,1602.105263157895,6774.573684210527,0.8421052631578949,0.7600000000000001,4,4
cost_1,2024-04-15,perfect_foresight_upper_bound,10319.926315789477,2403.157894736842,7916.768421052635,1.2631578947368423,1.1400000000000001,6,6
cost_1,2024-04-16,perfect_foresight_upper_bound,3646.6789473684216,1602.105263157895,2044.5736842105266,0.8421052631578948,0.7600000000000001,4,4
cost_1,2024-04-17,perfect_foresight_upper_bound,10207.937396121884,2382.0775623268696,7825.859833795015,1.2520775623268698,1.13,6,5
cost_1,2024-04-18,perfect_foresight_upper_bound,7619.042105263158,1602.105263157895,6016.936842105263,0.8421052631578948,0.7600000000000001,4,4
cost_1,2024-04-19,perfect_foresight_upper_bound,8742.57894736842,1602.105263157895,7140.473684210525,0.8421052631578949,0.76,4,4
cost_1,2024-04-20,perfect_foresight_upper_bound,8233.77894736842,1602.105263157895,6631.673684210526,0.8421052631578948,0.76,4,4
cost_1,2024-04-21,perfect_foresight_upper_bound,3545.015789473683,1602.105263157895,1942.910526315788,0.8421052631578949,0.76,4,4
cost_1,2024-04-22,perfect_foresight_upper_bound,2941.963157894738,1602.105263157895,1339.8578947368428,0.8421052631578948,0.7600000000000001,4,4
cost_1,2024-04-23,perfect_foresight_upper_bound,2187.546381578946,1276.6776315789475,910.8687499999983,0.6710526315789475,0.605625,3,3
cost_1,2024-04-24,perfect_foresight_upper_bound,4529.896398891962,2129.1135734072022,2400.78282548476,1.1191135734072024,1.01,6,5
cost_1,2024-04-25,perfect_foresight_upper_bound,11001.487257617731,2382.0775623268696,8619.409695290862,1.2520775623268698,1.13,6,5
cost_1,2024-04-26,perfect_foresight_upper_bound,5699.371745152355,1855.0692520775622,3844.3024930747933,0.9750692520775623,0.88,5,4
cost_1,2024-04-27,perfect_foresight_upper_bound,10059.689473684211,2656.12188365651,7403.567590027702,1.39612188365651,1.26,7,6
cost_1,2024-04-28,perfect_foresight_upper_bound,9364.078947368422,1602.105263157895,7761.973684210527,0.8421052631578949,0.76,4,4
cost_1,2024-04-29,perfect_foresight_upper_bound,7750.289473684211,1602.1052631578948,6148.184210526316,0.8421052631578947,0.76,4,4
cost_1,2024-04-30,perfect_foresight_upper_bound,3007.8947368421063,1602.105263157895,1405.7894736842113,0.8421052631578948,0.7600000000000001,4,4
cost_1,2024-05-01,perfect_foresight_upper_bound,1136.7052631578947,801.0526315789475,335.6526315789472,0.42105263157894746,0.38,2,2
cost_1,2024-05-02,perfect_foresight_upper_bound,11116.391412742381,2382.0775623268696,8734.313850415512,1.2520775623268698,1.13,6,5
cost_1,2024-05-03,perfect_foresight_upper_bound,9516.678947368422,1602.105263157895,7914.573684210527,0.8421052631578949,0.7600000000000001,4,4
cost_1,2024-05-04,perfect_foresight_upper_bound,8792.378947368423,1602.105263157895,7190.273684210528,0.8421052631578949,0.7600000000000001,4,4
cost_1,2024-05-05,perfect_foresight_upper_bound,8802.178947368422,1602.105263157895,7200.073684210527,0.8421052631578948,0.76,4,4
cost_1,2024-05-06,perfect_foresight_upper_bound,2917.329778393351,1731.222299168975,1186.1074792243758,0.909972299168975,0.8212499999999999,4,4
cost_1,2024-05-07,perfect_foresight_upper_bound,4422.08947368421,1602.105263157895,2819.984210526315,0.8421052631578948,0.76,4,4
cost_1,2024-05-08,perfect_foresight_upper_bound,4996.279709141273,1731.222299168975,3265.057409972298,0.909972299168975,0.8212499999999999,4,4
cost_1,2024-05-09,perfect_foresight_upper_bound,11527.284210526317,2403.157894736842,9124.126315789475,1.263157894736842,1.1400000000000001,6,6
cost_1,2024-05-10,perfect_foresight_upper_bound,9661.57894736842,1602.105263157895,8059.473684210525,0.8421052631578948,0.76,4,4
cost_1,2024-05-11,perfect_foresight_upper_bound,11078.02894736842,2077.7302631578946,9000.298684210526,1.0921052631578947,0.985625,5,5
cost_1,2024-05-12,perfect_foresight_upper_bound,7602.615131578947,2077.7302631578946,5524.884868421052,1.0921052631578947,0.985625,5,5
cost_1,2024-05-13,perfect_foresight_upper_bound,5386.14407894737,2553.355263157895,2832.788815789475,1.3421052631578947,1.2112500000000002,6,6
cost_1,2024-05-14,perfect_foresight_upper_bound,13379.28947368421,2403.157894736842,10976.131578947368,1.263157894736842,1.1400000000000001,6,6
cost_1,2024-05-15,perfect_foresight_upper_bound,12230.152631578947,2403.157894736842,9826.994736842105,1.2631578947368423,1.1400000000000001,6,6
cost_1,2024-05-16,perfect_foresight_upper_bound,11254.331024930749,2382.0775623268696,8872.25346260388,1.2520775623268698,1.13,6,5
cost_1,2024-05-17,perfect_foresight_upper_bound,12387.184210526319,2403.157894736842,9984.026315789477,1.263157894736842,1.1400000000000001,6,6
cost_1,2024-05-18,perfect_foresight_upper_bound,9196.778947368422,1602.1052631578948,7594.673684210527,0.8421052631578947,0.76,4,4
cost_1,2024-05-19,perfect_foresight_upper_bound,8566.72105263158,1602.105263157895,6964.615789473684,0.8421052631578949,0.7600000000000001,4,4
cost_1,2024-05-20,perfect_foresight_upper_bound,9516.094736842106,2403.157894736842,7112.936842105264,1.263157894736842,1.1400000000000001,6,6
cost_1,2024-05-21,perfect_foresight_upper_bound,12411.736842105263,2403.157894736842,10008.578947368422,1.2631578947368423,1.1400000000000001,6,6
cost_1,2024-05-22,perfect_foresight_upper_bound,10659.806094182823,2382.0775623268696,8277.728531855953,1.2520775623268698,1.13,6,5
cost_1,2024-05-23,perfect_foresight_upper_bound,6806.121052631577,2403.157894736842,4402.963157894736,1.263157894736842,1.1400000000000001,6,6
cost_1,2024-05-24,perfect_foresight_upper_bound,9857.936842105264,2403.157894736842,7454.778947368422,1.263157894736842,1.1400000000000001,6,6
cost_1,2024-05-25,perfect_foresight_upper_bound,8958.57894736842,1602.105263157895,7356.473684210525,0.8421052631578949,0.76,4,4
cost_1,2024-05-26,perfect_foresight_upper_bound,9843.883102493073,1855.0692520775624,7988.81385041551,0.9750692520775625,0.88,5,4
cost_1,2024-05-27,perfect_foresight_upper_bound,5771.218282548476,2129.1135734072027,3642.1047091412734,1.1191135734072024,1.0100000000000002,6,5
cost_1,2024-05-28,perfect_foresight_upper_bound,8340.000000000004,2553.355263157895,5786.644736842109,1.3421052631578947,1.2112500000000002,6,6
cost_1,2024-05-29,perfect_foresight_upper_bound,11773.860058864268,2330.694252077563,9443.165806786705,1.2250692520775623,1.105625,6,5
cost_1,2024-05-30,perfect_foresight_upper_bound,4930.275069252077,2382.0775623268696,2548.197506925207,1.2520775623268698,1.13,6,5
cost_1,2024-05-31,perfect_foresight_upper_bound,0.0,0.0,0.0,0.0,0.0,0,0
cost_1,2024-06-01,perfect_foresight_upper_bound,9128.478947368421,1602.105263157895,7526.373684210526,0.8421052631578948,0.76,4,4
cost_1,2024-06-02,perfect_foresight_upper_bound,8941.17894736842,1602.105263157895,7339.073684210525,0.8421052631578949,0.7600000000000001,4,4
cost_1,2024-06-03,perfect_foresight_upper_bound,9659.994736842105,1602.105263157895,8057.88947368421,0.8421052631578948,0.76,4,4
cost_1,2024-06-04,perfect_foresight_upper_bound,8555.784210526315,1602.105263157895,6953.67894736842,0.8421052631578949,0.76,4,4
cost_1,2024-06-05,perfect_foresight_upper_bound,9980.157894736843,1602.105263157895,8378.052631578948,0.8421052631578949,0.76,4,4
cost_1,2024-06-06,perfect_foresight_upper_bound,4426.878947368419,1602.105263157895,2824.773684210524,0.8421052631578948,0.76,4,4
cost_1,2024-06-07,perfect_foresight_upper_bound,3481.1421052631586,1602.105263157895,1879.0368421052635,0.8421052631578949,0.7600000000000001,4,4
cost_1,2024-06-08,perfect_foresight_upper_bound,9351.978947368421,1602.105263157895,7749.873684210526,0.8421052631578949,0.76,4,4
cost_1,2024-06-09,perfect_foresight_upper_bound,1161.342105263159,801.0526315789475,360.28947368421154,0.42105263157894735,0.3800000000000001,2,2
cost_1,2024-06-10,perfect_foresight_upper_bound,4949.412499999999,1426.875,3522.5374999999995,0.75,0.6768749999999999,3,4
cost_1,2024-06-11,perfect_foresight_upper_bound,10027.021052631579,2403.157894736842,7623.863157894737,1.2631578947368423,1.1400000000000001,6,6
cost_1,2024-06-12,perfect_foresight_upper_bound,7607.647368421055,2403.157894736842,5204.4894736842125,1.263157894736842,1.1400000000000001,6,6
cost_1,2024-06-13,perfect_foresight_upper_bound,7637.546260387811,2129.113573407202,5508.43268698061,1.1191135734072022,1.01,5,5
cost_1,2024-06-14,perfect_foresight_upper_bound,9398.499999999998,2403.157894736842,6995.342105263157,1.263157894736842,1.1400000000000001,6,6
cost_1,2024-06-15,perfect_foresight_upper_bound,7599.752631578951,2403.157894736842,5196.594736842109,1.263157894736842,1.1400000000000001,6,6
cost_1,2024-06-16,perfect_foresight_upper_bound,13917.036842105263,2403.157894736842,11513.878947368421,1.2631578947368423,1.1400000000000001,6,6
cost_1,2024-06-17,perfect_foresight_upper_bound,7531.222368421052,1752.302631578947,5778.919736842105,0.9210526315789473,0.8312499999999999,4,5
cost_1,2024-06-18,perfect_foresight_upper_bound,5276.447368421053,1602.105263157895,3674.3421052631584,0.8421052631578948,0.7600000000000001,4,4
cost_1,2024-06-19,perfect_foresight_upper_bound,11204.084210526315,2403.157894736842,8800.926315789473,1.2631578947368423,1.1400000000000001,6,6
cost_1,2024-06-20,perfect_foresight_upper_bound,4415.589473684215,1602.105263157895,2813.4842105263197,0.8421052631578947,0.7600000000000001,4,4
cost_1,2024-06-21,perfect_foresight_upper_bound,2120.897368421053,1276.6776315789473,844.2197368421059,0.6710526315789473,0.605625,3,3
cost_1,2024-06-22,perfect_foresight_upper_bound,5291.118559556785,2129.113573407202,3162.004986149583,1.1191135734072022,1.01,5,5
cost_1,2024-06-23,perfect_foresight_upper_bound,3064.247368421054,1602.1052631578948,1462.1421052631592,0.8421052631578947,0.76,4,4
cost_1,2024-06-24,perfect_foresight_upper_bound,4674.847368421053,1602.105263157895,3072.742105263158,0.8421052631578948,0.7600000000000001,4,4
cost_1,2024-06-25,perfect_foresight_upper_bound,5044.962500000002,1752.3026315789473,3292.659868421055,0.9210526315789473,0.83125,4,5
cost_1,2024-06-26,perfect_foresight_upper_bound,1983.3059210526326,1276.6776315789473,706.6282894736853,0.6710526315789473,0.605625,3,3
cost_1,2024-06-27,perfect_foresight_upper_bound,1765.0578947368435,801.0526315789475,964.005263157896,0.42105263157894735,0.3800000000000001,2,2
cost_1,2024-06-28,perfect_foresight_upper_bound,0.0,0.0,0.0,0.0,0.0,0,0
cost_1,2024-06-29,perfect_foresight_upper_bound,9324.919736842106,2077.7302631578955,7247.189473684211,1.092105263157895,0.9856250000000002,5,5
cost_1,2024-06-30,perfect_foresight_upper_bound,3446.705263157894,1602.105263157895,1844.599999999999,0.8421052631578949,0.76,4,4
cost_1,2024-07-01,perfect_foresight_upper_bound,4058.1421052631567,1602.105263157895,2456.0368421052617,0.8421052631578948,0.76,4,4
cost_1,2024-07-02,perfect_foresight_upper_bound,3480.012119113572,1803.685941828255,1676.3261772853173,0.948060941828255,0.855625,4,4
cost_1,2024-07-03,perfect_foresight_upper_bound,5286.415789473688,1602.105263157895,3684.310526315793,0.8421052631578947,0.7600000000000001,4,4
cost_1,2024-07-04,perfect_foresight_upper_bound,7669.057894736845,1602.105263157895,6066.95263157895,0.8421052631578948,0.7600000000000001,4,4
cost_1,2024-07-05,perfect_foresight_upper_bound,7173.167105263161,1752.3026315789473,5420.864473684213,0.9210526315789473,0.83125,4,5
cost_1,2024-07-06,perfect_foresight_upper_bound,5327.631301939056,2382.0775623268696,2945.5537396121867,1.2520775623268698,1.13,6,5
cost_1,2024-07-07,perfect_foresight_upper_bound,11769.710526315792,2403.157894736842,9366.55263157895,1.263157894736842,1.1400000000000001,6,6
cost_1,2024-07-08,perfect_foresight_upper_bound,8790.447368421053,1602.105263157895,7188.342105263158,0.8421052631578948,0.7600000000000001,4,4
cost_1,2024-07-09,perfect_foresight_upper_bound,11478.157894736843,1602.105263157895,9876.052631578948,0.8421052631578948,0.7600000000000001,4,4
cost_1,2024-07-10,perfect_foresight_upper_bound,12585.986842105263,2077.730263157895,10508.256578947368,1.0921052631578947,0.9856250000000001,5,4
cost_1,2024-07-11,perfect_foresight_upper_bound,7504.263815789477,2553.3552631578946,4950.908552631583,1.3421052631578947,1.21125,6,5
cost_1,2024-07-12,perfect_foresight_upper_bound,2708.1578947368425,1602.105263157895,1106.0526315789475,0.8421052631578948,0.7600000000000001,4,4
cost_1,2024-07-13,perfect_foresight_upper_bound,4708.603601108033,2382.0775623268696,2326.5260387811636,1.2520775623268698,1.13,6,5
cost_1,2024-07-14,perfect_foresight_upper_bound,3620.818749999999,1902.4999999999998,1718.3187499999992,1.0,0.9024999999999999,4,5
cost_1,2024-07-15,perfect_foresight_upper_bound,2997.7226973684214,1276.6776315789473,1721.0450657894742,0.6710526315789473,0.605625,3,3
cost_1,2024-07-16,perfect_foresight_upper_bound,1250.236842105263,801.0526315789476,449.18421052631527,0.42105263157894746,0.3800000000000001,2,2
cost_1,2024-07-17,perfect_foresight_upper_bound,3550.3894736842117,1602.1052631578948,1948.2842105263169,0.8421052631578947,0.76,4,4
cost_1,2024-07-18,perfect_foresight_upper_bound,6634.073684210525,1602.105263157895,5031.96842105263,0.8421052631578948,0.76,4,4
cost_1,2024-07-19,perfect_foresight_upper_bound,6385.021052631581,1602.105263157895,4782.915789473686,0.8421052631578947,0.7600000000000001,4,4
cost_1,2024-07-20,perfect_foresight_upper_bound,5146.315789473684,1602.1052631578948,3544.210526315789,0.8421052631578947,0.76,4,4
cost_1,2024-07-21,perfect_foresight_upper_bound,9277.178947368422,2403.157894736842,6874.0210526315805,1.263157894736842,1.1400000000000001,6,6
cost_1,2024-07-22,perfect_foresight_upper_bound,13532.517105263161,2077.730263157895,11454.786842105266,1.0921052631578947,0.9856250000000002,5,5
cost_1,2024-07-23,perfect_foresight_upper_bound,13939.040858725759,2604.738573407202,11334.302285318558,1.3691135734072022,1.235625,6,5
cost_1,2024-07-24,perfect_foresight_upper_bound,8601.926315789473,1602.105263157895,6999.821052631578,0.8421052631578948,0.76,4,4
cost_1,2024-07-25,perfect_foresight_upper_bound,6575.657894736841,1602.105263157895,4973.552631578946,0.8421052631578948,0.76,4,4
cost_1,2024-07-26,perfect_foresight_upper_bound,7486.090131578948,2553.3552631578946,4932.734868421054,1.3421052631578947,1.21125,6,6
cost_1,2024-07-27,perfect_foresight_upper_bound,6794.247368421055,1602.105263157895,5192.14210526316,0.8421052631578948,0.7600000000000001,4,4
cost_1,2024-07-28,perfect_foresight_upper_bound,7946.184210526312,1602.105263157895,6344.078947368417,0.8421052631578948,0.76,4,4
cost_1,2024-07-29,perfect_foresight_upper_bound,13190.178393351796,2129.1135734072022,11061.064819944593,1.1191135734072024,1.01,6,5
cost_1,2024-07-30,perfect_foresight_upper_bound,12659.857565789474,2077.730263157895,10582.12730263158,1.0921052631578947,0.9856250000000001,5,5
cost_1,2024-07-31,perfect_foresight_upper_bound,12121.87894736842,1602.105263157895,10519.773684210524,0.8421052631578948,0.76,4,4
cost_1,2024-08-01,perfect_foresight_upper_bound,13632.31315789474,2077.730263157895,11554.582894736845,1.0921052631578947,0.9856250000000002,5,4
cost_1,2024-08-02,perfect_foresight_upper_bound,6394.221052631578,1602.105263157895,4792.1157894736825,0.8421052631578948,0.76,4,4
cost_1,2024-08-03,perfect_foresight_upper_bound,4558.536842105265,1602.105263157895,2956.4315789473703,0.8421052631578947,0.7600000000000001,4,4
cost_1,2024-08-04,perfect_foresight_upper_bound,5499.826315789477,1602.105263157895,3897.721052631582,0.8421052631578947,0.7600000000000001,4,4
cost_1,2024-08-05,perfect_foresight_upper_bound,5394.805263157896,1602.105263157895,3792.7000000000007,0.8421052631578948,0.7600000000000001,4,4
cost_1,2024-08-06,perfect_foresight_upper_bound,8010.775796398889,3555.9885734072022,4454.787222991687,1.8691135734072022,1.6868750000000001,8,8
cost_1,2024-08-07,perfect_foresight_upper_bound,5570.7046052631595,2553.355263157895,3017.3493421052644,1.3421052631578947,1.2112500000000002,6,6
cost_1,2024-08-08,perfect_foresight_upper_bound,6682.140166204989,2129.1135734072022,4553.026592797787,1.1191135734072022,1.0100000000000002,5,5
cost_1,2024-08-09,perfect_foresight_upper_bound,5489.005263157897,1602.105263157895,3886.9000000000024,0.8421052631578948,0.7600000000000001,4,4
cost_1,2024-08-10,perfect_foresight_upper_bound,5311.221052631582,1602.105263157895,3709.115789473687,0.8421052631578948,0.7600000000000001,4,4
cost_1,2024-08-11,perfect_foresight_upper_bound,5671.84210526316,1602.105263157895,4069.736842105265,0.8421052631578947,0.7600000000000001,4,4
cost_1,2024-08-12,perfect_foresight_upper_bound,4910.9578947368445,1602.105263157895,3308.8526315789495,0.8421052631578947,0.7600000000000001,4,4
cost_1,2024-08-13,perfect_foresight_upper_bound,5297.55855263158,1752.3026315789473,3545.2559210526324,0.9210526315789473,0.83125,4,5
cost_1,2024-08-14,perfect_foresight_upper_bound,4405.645706371193,2129.1135734072022,2276.532132963991,1.1191135734072022,1.0100000000000002,5,5
cost_1,2024-08-15,perfect_foresight_upper_bound,4085.742105263158,1602.105263157895,2483.636842105263,0.8421052631578948,0.76,4,4
cost_1,2024-08-16,perfect_foresight_upper_bound,4119.968421052633,1602.1052631578948,2517.863157894738,0.8421052631578947,0.76,4,4
cost_1,2024-08-17,perfect_foresight_upper_bound,6470.226315789473,1602.105263157895,4868.121052631578,0.8421052631578948,0.76,4,4
cost_1,2024-08-18,perfect_foresight_upper_bound,6832.700000000002,1602.105263157895,5230.594736842107,0.8421052631578948,0.7600000000000001,4,4
cost_1,2024-08-19,perfect_foresight_upper_bound,5709.789473684211,1602.105263157895,4107.684210526316,0.8421052631578948,0.76,4,4
cost_1,2024-08-20,perfect_foresight_upper_bound,6020.982548476453,2129.113573407202,3891.8689750692515,1.1191135734072022,1.01,6,5
cost_1,2024-08-21,perfect_foresight_upper_bound,5579.0315789473725,1602.105263157895,3976.9263157894775,0.8421052631578947,0.7600000000000001,4,4
cost_1,2024-08-22,perfect_foresight_upper_bound,5821.927631578945,2553.3552631578946,3268.57236842105,1.3421052631578947,1.21125,6,6
cost_1,2024-08-23,perfect_foresight_upper_bound,5215.47105263158,2077.730263157895,3137.7407894736853,1.0921052631578947,0.9856250000000001,5,5
cost_1,2024-08-24,perfect_foresight_upper_bound,5249.485872576175,2129.113573407202,3120.3722991689733,1.1191135734072022,1.01,5,5
cost_1,2024-08-25,perfect_foresight_upper_bound,2876.531578947372,1602.105263157895,1274.426315789477,0.8421052631578947,0.7600000000000001,4,4
cost_1,2024-08-26,perfect_foresight_upper_bound,5746.215789473686,1602.105263157895,4144.110526315791,0.8421052631578948,0.7600000000000001,4,4
cost_1,2024-08-27,perfect_foresight_upper_bound,6632.666447368421,2553.3552631578946,4079.311184210527,1.3421052631578947,1.21125,6,6
cost_1,2024-08-28,perfect_foresight_upper_bound,5802.742105263159,1602.1052631578948,4200.636842105264,0.8421052631578947,0.76,4,4
cost_1,2024-08-29,perfect_foresight_upper_bound,5244.74210526316,1602.105263157895,3642.636842105265,0.8421052631578948,0.7600000000000001,4,4
cost_1,2024-08-30,perfect_foresight_upper_bound,21159.189144736836,3028.9802631578946,18130.208881578943,1.5921052631578947,1.436875,7,7
cost_1,2024-08-31,perfect_foresight_upper_bound,2863.1263157894723,1602.105263157895,1261.0210526315773,0.8421052631578948,0.76,4,4
cost_1,2024-09-01,perfect_foresight_upper_bound,6709.063157894736,2403.157894736842,4305.905263157894,1.2631578947368423,1.1400000000000001,6,6
cost_1,2024-09-02,perfect_foresight_upper_bound,6113.294736842106,1602.105263157895,4511.189473684211,0.8421052631578948,0.7600000000000001,4,4
cost_1,2024-09-03,perfect_foresight_upper_bound,4914.631578947367,1602.105263157895,3312.5263157894724,0.8421052631578948,0.76,4,4
cost_1,2024-09-04,perfect_foresight_upper_bound,4889.805263157898,1602.105263157895,3287.7000000000025,0.8421052631578948,0.7600000000000001,4,4
cost_1,2024-09-05,perfect_foresight_upper_bound,6133.998026315791,1752.3026315789473,4381.695394736844,0.9210526315789473,0.83125,4,5
cost_1,2024-09-06,perfect_foresight_upper_bound,5756.678947368426,1602.105263157895,4154.573684210531,0.8421052631578947,0.7600000000000001,4,4
cost_1,2024-09-07,perfect_foresight_upper_bound,5093.213019390581,2382.0775623268696,2711.135457063712,1.2520775623268698,1.13,6,5
cost_1,2024-09-08,perfect_foresight_upper_bound,6013.353185595567,2382.0775623268696,3631.2756232686975,1.2520775623268698,1.13,6,5
cost_1,2024-09-09,perfect_foresight_upper_bound,13862.852631578948,1602.105263157895,12260.747368421053,0.8421052631578948,0.76,4,4
cost_1,2024-09-10,perfect_foresight_upper_bound,11880.399999999998,1602.105263157895,10278.294736842103,0.8421052631578948,0.76,4,4
cost_1,2024-09-11,perfect_foresight_upper_bound,14036.300000000005,1602.105263157895,12434.19473684211,0.8421052631578948,0.7600000000000001,4,4
cost_1,2024-09-12,perfect_foresight_upper_bound,8900.505263157896,1602.105263157895,7298.4000000000015,0.8421052631578947,0.7600000000000001,4,4
cost_1,2024-09-13,perfect_foresight_upper_bound,9609.500000000002,1602.105263157895,8007.394736842107,0.8421052631578948,0.7600000000000001,4,4
cost_1,2024-09-14,perfect_foresight_upper_bound,6060.215789473687,1602.105263157895,4458.110526315792,0.8421052631578948,0.7600000000000001,4,4
cost_1,2024-09-15,perfect_foresight_upper_bound,3381.084210526319,1602.105263157895,1778.978947368424,0.8421052631578947,0.7600000000000001,4,4
cost_1,2024-09-16,perfect_foresight_upper_bound,5718.978947368423,1602.105263157895,4116.873684210528,0.8421052631578948,0.7600000000000001,4,4
cost_1,2024-09-17,perfect_foresight_upper_bound,16213.421052631582,1602.1052631578948,14611.315789473687,0.8421052631578947,0.76,4,4
cost_1,2024-09-18,perfect_foresight_upper_bound,16202.631578947372,1602.1052631578948,14600.526315789477,0.8421052631578947,0.76,4,4
cost_1,2024-09-19,perfect_foresight_upper_bound,19040.921052631576,1602.105263157895,17438.81578947368,0.8421052631578948,0.76,4,4
cost_1,2024-09-20,perfect_foresight_upper_bound,16469.600328947374,2077.730263157895,14391.870065789479,1.0921052631578947,0.9856250000000001,5,5
cost_1,2024-09-21,perfect_foresight_upper_bound,5531.021052631581,1602.105263157895,3928.9157894736863,0.8421052631578948,0.7600000000000001,4,4
cost_1,2024-09-22,perfect_foresight_upper_bound,3603.7842105263167,1602.105263157895,2001.6789473684216,0.8421052631578948,0.76,4,4
cost_1,2024-09-23,perfect_foresight_upper_bound,3272.6731301939053,1581.0249307479226,1691.6481994459828,0.8310249307479224,0.75,4,3
cost_1,2024-09-24,perfect_foresight_upper_bound,6554.136842105265,1752.3026315789473,4801.834210526317,0.9210526315789473,0.83125,4,5
cost_1,2024-09-25,perfect_foresight_upper_bound,4288.144044321328,1581.0249307479226,2707.1191135734052,0.8310249307479225,0.75,4,3
cost_1,2024-09-26,perfect_foresight_upper_bound,6414.252631578946,1602.105263157895,4812.147368421051,0.8421052631578948,0.76,4,4
cost_1,2024-09-27,perfect_foresight_upper_bound,4881.894736842105,1602.105263157895,3279.78947368421,0.8421052631578948,0.76,4,4
cost_1,2024-09-28,perfect_foresight_upper_bound,1672.631578947369,801.0526315789476,871.5789473684214,0.42105263157894746,0.3800000000000001,2,2
cost_1,2024-09-29,perfect_foresight_upper_bound,1267.1157894736855,801.0526315789475,466.06315789473797,0.42105263157894735,0.3800000000000001,2,2
cost_1,2024-09-30,perfect_foresight_upper_bound,4444.663157894738,1602.1052631578948,2842.557894736843,0.8421052631578947,0.76,4,4
cost_1,2024-10-01,perfect_foresight_upper_bound,6644.952631578952,1602.105263157895,5042.847368421057,0.8421052631578947,0.7600000000000001,4,4
cost_1,2024-10-02,perfect_foresight_upper_bound,6814.784210526318,1602.1052631578948,5212.678947368423,0.8421052631578947,0.76,4,4
cost_1,2024-10-03,perfect_foresight_upper_bound,7182.613815789475,2553.355263157895,4629.25855263158,1.3421052631578947,1.2112500000000002,6,6
cost_1,2024-10-04,perfect_foresight_upper_bound,7040.67236842105,2553.3552631578946,4487.317105263155,1.3421052631578947,1.21125,6,6
cost_1,2024-10-05,perfect_foresight_upper_bound,3679.475900277007,1855.0692520775622,1824.4066481994448,0.9750692520775623,0.88,5,4
cost_1,2024-10-06,perfect_foresight_upper_bound,7486.9315789473685,2403.157894736842,5083.773684210526,1.2631578947368423,1.1400000000000001,6,6
cost_1,2024-10-07,perfect_foresight_upper_bound,6313.484210526318,1602.105263157895,4711.378947368423,0.8421052631578948,0.7600000000000001,4,4
cost_1,2024-10-08,perfect_foresight_upper_bound,4965.994736842104,2077.7302631578946,2888.26447368421,1.0921052631578947,0.985625,5,5
cost_1,2024-10-09,perfect_foresight_upper_bound,8127.636842105261,2403.157894736842,5724.4789473684195,1.2631578947368423,1.1400000000000001,6,6
cost_1,2024-10-10,perfect_foresight_upper_bound,10523.226315789472,2403.157894736842,8120.068421052631,1.263157894736842,1.1400000000000001,6,6
cost_1,2024-10-11,perfect_foresight_upper_bound,13632.263157894737,2403.157894736842,11229.105263157895,1.2631578947368423,1.1400000000000001,6,6
cost_1,2024-10-12,perfect_foresight_upper_bound,9539.278947368422,1602.105263157895,7937.173684210527,0.8421052631578949,0.7600000000000001,4,4
cost_1,2024-10-13,perfect_foresight_upper_bound,9625.078947368422,1602.105263157895,8022.973684210527,0.8421052631578948,0.7600000000000001,4,4
cost_1,2024-10-14,perfect_foresight_upper_bound,7868.557340720222,2382.0775623268696,5486.479778393352,1.2520775623268698,1.13,6,5
cost_1,2024-10-15,perfect_foresight_upper_bound,8236.916118421053,2227.927631578947,6008.988486842107,1.1710526315789473,1.0568749999999998,5,6
cost_1,2024-10-16,perfect_foresight_upper_bound,5480.510526315792,1602.105263157895,3878.405263157897,0.8421052631578948,0.7600000000000001,4,4
cost_1,2024-10-17,perfect_foresight_upper_bound,13652.878947368421,2403.157894736842,11249.72105263158,1.2631578947368423,1.1400000000000001,6,6
cost_1,2024-10-18,perfect_foresight_upper_bound,10570.536842105259,1602.105263157895,8968.431578947364,0.8421052631578948,0.76,4,4
cost_1,2024-10-19,perfect_foresight_upper_bound,4557.8421052631575,1602.105263157895,2955.7368421052624,0.8421052631578948,0.76,4,4
cost_1,2024-10-20,perfect_foresight_upper_bound,10609.103947368421,2077.7302631578946,8531.373684210526,1.0921052631578947,0.985625,5,5
cost_1,2024-10-21,perfect_foresight_upper_bound,7756.711357340723,2656.12188365651,5100.589473684213,1.3961218836565097,1.2600000000000002,7,6
cost_1,2024-10-22,perfect_foresight_upper_bound,6351.105263157893,2403.157894736842,3947.947368421051,1.2631578947368423,1.14,6,6
cost_1,2024-10-23,perfect_foresight_upper_bound,6363.026315789474,1602.105263157895,4760.921052631579,0.8421052631578948,0.76,4,4
cost_1,2024-10-24,perfect_foresight_upper_bound,8235.23157894737,2403.157894736842,5832.073684210529,1.2631578947368423,1.1400000000000001,6,6
cost_1,2024-10-25,perfect_foresight_upper_bound,6174.930747922438,2129.113573407202,4045.8171745152363,1.1191135734072022,1.01,5,5
cost_1,2024-10-26,perfect_foresight_upper_bound,3800.7869806094177,2129.113573407202,1671.673407202216,1.1191135734072022,1.01,5,5
cost_1,2024-10-27,perfect_foresight_upper_bound,3234.8052631578935,1602.105263157895,1632.6999999999985,0.8421052631578949,0.76,4,4
cost_1,2024-10-28,perfect_foresight_upper_bound,8098.475986842103,2227.9276315789475,5870.548355263156,1.1710526315789473,1.056875,5,6
cost_1,2024-10-29,perfect_foresight_upper_bound,6226.184210526317,1602.105263157895,4624.078947368422,0.8421052631578948,0.76,4,4
cost_1,2024-10-30,perfect_foresight_upper_bound,7274.268421052632,2403.157894736842,4871.11052631579,1.2631578947368423,1.1400000000000001,6,6
cost_1,2024-10-31,perfect_foresight_upper_bound,5229.410526315791,2403.157894736842,2826.2526315789487,1.2631578947368423,1.1400000000000001,6,6
cost_1,2024-11-01,perfect_foresight_upper_bound,3369.215789473684,1602.1052631578948,1767.110526315789,0.8421052631578947,0.76,4,4
cost_1,2024-11-02,perfect_foresight_upper_bound,507.825,475.62499999999994,32.200000000000045,0.25,0.225625,1,1
cost_1,2024-11-03,perfect_foresight_upper_bound,9194.57894736842,1602.105263157895,7592.473684210525,0.8421052631578948,0.76,4,4
cost_1,2024-11-04,perfect_foresight_upper_bound,10138.27072368421,2077.730263157895,8060.540460526316,1.092105263157895,0.985625,5,5
cost_1,2024-11-05,perfect_foresight_upper_bound,6220.909210526318,1752.3026315789473,4468.6065789473705,0.9210526315789473,0.83125,4,5
cost_1,2024-11-06,perfect_foresight_upper_bound,8577.21191135734,3183.130193905817,5394.081717451523,1.6731301939058172,1.51,8,7
cost_1,2024-11-07,perfect_foresight_upper_bound,9575.546381578946,2077.7302631578946,7497.816118421051,1.0921052631578947,0.985625,5,5
cost_1,2024-11-08,perfect_foresight_upper_bound,8504.677285318561,2656.1218836565095,5848.555401662052,1.3961218836565097,1.26,7,6
cost_1,2024-11-09,perfect_foresight_upper_bound,6315.29572368421,2077.7302631578946,4237.565460526315,1.0921052631578947,0.985625,5,5
cost_1,2024-11-10,perfect_foresight_upper_bound,5290.397368421054,2077.7302631578946,3212.6671052631596,1.0921052631578945,0.985625,5,5
cost_1,2024-11-11,perfect_foresight_upper_bound,9948.726315789476,3204.21052631579,6744.515789473686,1.6842105263157896,1.52,8,8
cost_1,2024-11-12,perfect_foresight_upper_bound,10455.821052631578,2403.157894736842,8052.663157894736,1.2631578947368423,1.1400000000000001,6,6
cost_1,2024-11-13,perfect_foresight_upper_bound,10600.094736842106,2403.157894736842,8196.936842105264,1.2631578947368423,1.1400000000000001,6,6
cost_1,2024-11-14,perfect_foresight_upper_bound,7655.873684210523,2403.157894736842,5252.715789473681,1.2631578947368423,1.14,6,6
cost_1,2024-11-15,perfect_foresight_upper_bound,3840.7947368421064,1602.105263157895,2238.6894736842114,0.8421052631578948,0.7600000000000001,4,4
cost_1,2024-11-16,perfect_foresight_upper_bound,2178.3894736842103,1602.105263157895,576.2842105263153,0.8421052631578949,0.7600000000000001,4,4
cost_1,2024-11-17,perfect_foresight_upper_bound,4295.574671052632,2077.7302631578946,2217.8444078947373,1.0921052631578947,0.985625,5,5
cost_1,2024-11-18,perfect_foresight_upper_bound,7314.25567867036,2656.1218836565095,4658.13379501385,1.3961218836565097,1.26,7,6
cost_1,2024-11-19,perfect_foresight_upper_bound,9318.293905817172,3183.130193905817,6135.163711911355,1.6731301939058172,1.51,8,7
cost_1,2024-11-20,perfect_foresight_upper_bound,9246.022991689755,3183.1301939058176,6062.892797783938,1.6731301939058172,1.5100000000000002,8,7
cost_1,2024-11-21,perfect_foresight_upper_bound,11631.405263157892,3204.21052631579,8427.194736842102,1.6842105263157896,1.52,8,8
cost_1,2024-11-22,perfect_foresight_upper_bound,6155.022039473683,2077.7302631578946,4077.291776315789,1.0921052631578947,0.985625,5,5
cost_1,2024-11-23,perfect_foresight_upper_bound,4796.042105263156,2077.730263157895,2718.3118421052613,1.092105263157895,0.985625,5,5
cost_1,2024-11-24,perfect_foresight_upper_bound,5602.79144736842,2077.7302631578946,3525.061184210526,1.0921052631578947,0.985625,5,5
cost_1,2024-11-25,perfect_foresight_upper_bound,12854.35207756233,2656.1218836565095,10198.23019390582,1.3961218836565097,1.26,7,6
cost_1,2024-11-26,perfect_foresight_upper_bound,9722.747368421053,3204.21052631579,6518.536842105263,1.6842105263157896,1.52,8,8
cost_1,2024-11-27,perfect_foresight_upper_bound,8678.689473684208,3204.21052631579,5474.478947368418,1.6842105263157898,1.52,8,8
cost_1,2024-11-28,perfect_foresight_upper_bound,8180.671191135737,2656.12188365651,5524.549307479227,1.3961218836565097,1.2600000000000002,7,6
cost_1,2024-11-29,perfect_foresight_upper_bound,4934.42269736842,2077.7302631578946,2856.6924342105253,1.0921052631578947,0.985625,5,5
cost_1,2024-11-30,perfect_foresight_upper_bound,3454.0736842105266,1602.105263157895,1851.9684210526316,0.8421052631578948,0.7600000000000001,4,4
cost_1,2024-12-01,perfect_foresight_upper_bound,10873.378947368423,2403.157894736842,8470.221052631581,1.263157894736842,1.1400000000000001,6,6
cost_1,2024-12-02,perfect_foresight_upper_bound,10964.7351800554,3183.130193905817,7781.604986149583,1.6731301939058172,1.51,8,7
cost_1,2024-12-03,perfect_foresight_upper_bound,7648.778947368422,2656.1218836565095,4992.657063711913,1.3961218836565097,1.26,7,6
cost_1,2024-12-04,perfect_foresight_upper_bound,8249.988365650968,2656.1218836565095,5593.866481994459,1.3961218836565097,1.26,7,6
cost_1,2024-12-05,perfect_foresight_upper_bound,7628.640789473686,2878.782894736842,4749.857894736844,1.513157894736842,1.365625,7,7
cost_1,2024-12-06,perfect_foresight_upper_bound,8267.726315789474,3204.21052631579,5063.515789473684,1.6842105263157896,1.52,8,8
cost_1,2024-12-07,perfect_foresight_upper_bound,4745.031578947369,1602.105263157895,3142.926315789474,0.8421052631578949,0.7600000000000001,4,4
cost_1,2024-12-08,perfect_foresight_upper_bound,7669.250328947369,2077.7302631578946,5591.520065789475,1.0921052631578947,0.985625,5,5
cost_1,2024-12-09,perfect_foresight_upper_bound,7843.4000000000015,3204.2105263157896,4639.189473684211,1.6842105263157894,1.52,8,8
cost_1,2024-12-10,perfect_foresight_upper_bound,7734.705263157895,3204.2105263157896,4530.494736842105,1.6842105263157894,1.52,8,8
cost_1,2024-12-11,perfect_foresight_upper_bound,9976.631578947368,3204.21052631579,6772.421052631578,1.6842105263157896,1.52,8,8
cost_1,2024-12-12,perfect_foresight_upper_bound,9740.647368421052,3204.21052631579,6536.436842105262,1.6842105263157896,1.52,8,8
cost_1,2024-12-13,perfect_foresight_upper_bound,9327.989473684209,3204.21052631579,6123.778947368419,1.6842105263157896,1.52,8,8
cost_1,2024-12-14,perfect_foresight_upper_bound,8368.884210526316,2403.157894736842,5965.726315789474,1.263157894736842,1.1400000000000001,6,6
cost_1,2024-12-15,perfect_foresight_upper_bound,6033.535526315788,2227.9276315789475,3805.6078947368405,1.1710526315789473,1.056875,5,6
cost_1,2024-12-16,perfect_foresight_upper_bound,8623.447368421052,3204.21052631579,5419.2368421052615,1.6842105263157896,1.52,8,8
cost_1,2024-12-17,perfect_foresight_upper_bound,7483.489473684211,3204.21052631579,4279.278947368421,1.6842105263157896,1.52,8,8
cost_1,2024-12-18,perfect_foresight_upper_bound,7768.210526315787,3204.21052631579,4563.999999999997,1.6842105263157896,1.52,8,8
cost_1,2024-12-19,perfect_foresight_upper_bound,14162.147368421052,3204.21052631579,10957.936842105262,1.6842105263157898,1.52,8,8
cost_1,2024-12-20,perfect_foresight_upper_bound,8743.802631578948,2878.782894736842,5865.019736842107,1.5131578947368423,1.365625,7,7
cost_1,2024-12-21,perfect_foresight_upper_bound,2744.5342105263144,2077.730263157895,666.8039473684194,1.092105263157895,0.985625,5,5
cost_1,2024-12-22,perfect_foresight_upper_bound,6601.778947368421,2403.157894736842,4198.621052631579,1.2631578947368423,1.1400000000000001,6,6
cost_1,2024-12-23,perfect_foresight_upper_bound,9914.536842105264,3204.21052631579,6710.326315789474,1.6842105263157896,1.52,8,8
cost_1,2024-12-24,perfect_foresight_upper_bound,9487.331578947365,3204.21052631579,6283.121052631575,1.6842105263157898,1.5200000000000002,8,8
cost_1,2024-12-25,perfect_foresight_upper_bound,9405.547368421054,3204.21052631579,6201.336842105264,1.6842105263157898,1.5200000000000002,8,8
cost_1,2024-12-26,perfect_foresight_upper_bound,7299.685855263157,2878.782894736842,4420.902960526315,1.5131578947368423,1.365625,7,7
cost_1,2024-12-27,perfect_foresight_upper_bound,4251.807479224376,1855.0692520775622,2396.738227146814,0.9750692520775623,0.88,5,4
cost_1,2024-12-28,perfect_foresight_upper_bound,8287.926315789473,1602.105263157895,6685.821052631578,0.8421052631578949,0.7600000000000001,4,4
cost_1,2024-12-29,perfect_foresight_upper_bound,5499.715789473684,1602.105263157895,3897.610526315789,0.8421052631578948,0.76,4,4
cost_1,2024-12-30,perfect_foresight_upper_bound,7708.673684210527,1602.105263157895,6106.568421052632,0.8421052631578947,0.7600000000000001,4,4
cost_1,2024-12-31,perfect_foresight_upper_bound,8528.694736842106,1602.105263157895,6926.589473684211,0.8421052631578949,0.7600000000000001,4,4
cost_1,2025-01-01,perfect_foresight_upper_bound,10133.078947368422,1602.105263157895,8530.973684210527,0.8421052631578949,0.76,4,4
cost_1,2025-01-02,perfect_foresight_upper_bound,10546.890200831025,2330.694252077563,8216.195948753462,1.2250692520775623,1.105625,6,5
cost_1,2025-01-03,perfect_foresight_upper_bound,6653.773684210526,1602.105263157895,5051.668421052631,0.8421052631578948,0.76,4,4
cost_1,2025-01-04,perfect_foresight_upper_bound,5553.4315789473685,1602.105263157895,3951.3263157894735,0.8421052631578949,0.7600000000000001,4,4
cost_1,2025-01-05,perfect_foresight_upper_bound,4795.558656509695,2330.6942520775624,2464.8644044321322,1.2250692520775623,1.1056249999999999,6,5
cost_1,2025-01-06,perfect_foresight_upper_bound,6471.878947368419,2129.1135734072022,4342.765373961217,1.1191135734072024,1.01,6,5
cost_1,2025-01-07,perfect_foresight_upper_bound,7116.831578947368,2878.782894736842,4238.048684210526,1.513157894736842,1.365625,7,7
cost_1,2025-01-08,perfect_foresight_upper_bound,7558.098355263156,2878.782894736842,4679.3154605263135,1.5131578947368423,1.365625,7,7
cost_1,2025-01-09,perfect_foresight_upper_bound,10427.263157894742,3204.21052631579,7223.052631578952,1.6842105263157896,1.5200000000000005,8,8
cost_1,2025-01-10,perfect_foresight_upper_bound,9160.53157894737,3204.2105263157896,5956.32105263158,1.6842105263157894,1.52,8,8
cost_1,2025-01-11,perfect_foresight_upper_bound,5242.384539473683,2077.7302631578946,3164.654276315788,1.0921052631578947,0.985625,5,5
cost_1,2025-01-12,perfect_foresight_upper_bound,2589.8585526315783,1276.6776315789475,1313.1809210526308,0.6710526315789475,0.605625,3,3
cost_1,2025-01-13,perfect_foresight_upper_bound,6768.652631578945,2403.157894736842,4365.4947368421035,1.2631578947368423,1.14,6,6
cost_1,2025-01-14,perfect_foresight_upper_bound,7356.294736842102,3204.21052631579,4152.084210526312,1.6842105263157896,1.52,8,8
cost_1,2025-01-15,perfect_foresight_upper_bound,6463.9473684210525,3204.2105263157896,3259.736842105263,1.6842105263157894,1.52,8,8
cost_1,2025-01-16,perfect_foresight_upper_bound,9784.842105263157,3204.21052631579,6580.6315789473665,1.6842105263157896,1.52,8,8
cost_1,2025-01-17,perfect_foresight_upper_bound,8347.968421052636,3204.2105263157896,5143.757894736846,1.6842105263157894,1.52,8,8
cost_1,2025-01-18,perfect_foresight_upper_bound,7100.410526315788,1602.105263157895,5498.305263157893,0.8421052631578949,0.76,4,4
cost_1,2025-01-19,perfect_foresight_upper_bound,3998.800000000002,1602.105263157895,2396.694736842107,0.8421052631578948,0.7600000000000001,4,4
cost_1,2025-01-20,perfect_foresight_upper_bound,7807.706578947372,2878.782894736842,4928.923684210529,1.513157894736842,1.365625,7,7
cost_1,2025-01-21,perfect_foresight_upper_bound,7298.704709141276,3183.1301939058176,4115.574515235458,1.6731301939058172,1.5100000000000002,8,7
cost_1,2025-01-22,perfect_foresight_upper_bound,9959.597368421055,2878.782894736842,7080.814473684213,1.513157894736842,1.365625,7,7
cost_1,2025-01-23,perfect_foresight_upper_bound,10951.905263157898,3204.2105263157896,7747.694736842108,1.6842105263157894,1.52,8,8
cost_1,2025-01-24,perfect_foresight_upper_bound,6527.856578947367,2878.782894736842,3649.073684210525,1.5131578947368423,1.3656249999999999,7,7
cost_1,2025-01-25,perfect_foresight_upper_bound,10697.926315789473,2403.157894736842,8294.768421052631,1.2631578947368423,1.1400000000000001,6,6
cost_1,2025-01-26,perfect_foresight_upper_bound,10838.700709833794,2330.694252077563,8508.006457756232,1.2250692520775623,1.105625,6,5
cost_1,2025-01-27,perfect_foresight_upper_bound,8627.868421052632,3204.21052631579,5423.657894736842,1.6842105263157896,1.5200000000000002,8,8
cost_1,2025-01-28,perfect_foresight_upper_bound,5921.039179362881,2857.702562326869,3063.3366170360123,1.5020775623268696,1.3556249999999999,7,6
cost_1,2025-01-29,perfect_foresight_upper_bound,6345.9253289473645,2878.782894736842,3467.1424342105224,1.5131578947368423,1.365625,7,7
cost_1,2025-01-30,perfect_foresight_upper_bound,9798.921052631578,3204.2105263157896,6594.710526315788,1.6842105263157894,1.52,8,8
cost_1,2025-01-31,perfect_foresight_upper_bound,7186.044407894734,2878.782894736842,4307.261513157891,1.5131578947368423,1.3656249999999999,7,7
cost_1,2025-02-01,perfect_foresight_upper_bound,3620.101315789472,2077.730263157895,1542.3710526315772,1.092105263157895,0.985625,5,5
cost_1,2025-02-02,perfect_foresight_upper_bound,2353.5210526315777,1602.105263157895,751.4157894736827,0.8421052631578948,0.76,4,4
cost_1,2025-02-03,perfect_foresight_upper_bound,5654.065789473688,2878.782894736842,2775.2828947368457,1.513157894736842,1.365625,7,7
cost_1,2025-02-04,perfect_foresight_upper_bound,8038.436842105265,3204.2105263157896,4834.226315789476,1.6842105263157894,1.52,8,8
cost_1,2025-02-05,perfect_foresight_upper_bound,10108.273684210528,3204.21052631579,6904.063157894738,1.6842105263157896,1.5200000000000002,8,8
cost_1,2025-02-06,perfect_foresight_upper_bound,11691.284210526315,3204.21052631579,8487.073684210525,1.6842105263157896,1.5200000000000002,8,8
cost_1,2025-02-07,perfect_foresight_upper_bound,7067.016118421049,2878.782894736842,4188.233223684207,1.5131578947368423,1.365625,7,7
cost_1,2025-02-08,perfect_foresight_upper_bound,6849.668421052632,2403.157894736842,4446.510526315789,1.2631578947368423,1.1400000000000001,6,6
cost_1,2025-02-09,perfect_foresight_upper_bound,5343.868421052632,2077.7302631578946,3266.138157894737,1.0921052631578947,0.985625,5,5
cost_1,2025-02-10,perfect_foresight_upper_bound,10307.373684210528,3204.21052631579,7103.163157894738,1.6842105263157896,1.52,8,8
cost_1,2025-02-11,perfect_foresight_upper_bound,8114.550813711911,2330.6942520775624,5783.856561634349,1.2250692520775623,1.1056249999999999,6,5
cost_1,2025-02-12,perfect_foresight_upper_bound,7644.121052631579,3204.21052631579,4439.910526315789,1.6842105263157898,1.5200000000000002,8,8
cost_1,2025-02-13,perfect_foresight_upper_bound,7563.526315789473,2403.157894736842,5160.368421052632,1.2631578947368423,1.1400000000000001,6,6
cost_1,2025-02-14,perfect_foresight_upper_bound,10720.086426592801,2382.0775623268696,8338.008864265932,1.2520775623268696,1.1300000000000001,6,5
cost_1,2025-02-15,perfect_foresight_upper_bound,7724.0526315789475,1602.105263157895,6121.9473684210525,0.8421052631578948,0.76,4,4
cost_1,2025-02-16,perfect_foresight_upper_bound,8030.263157894737,2403.157894736842,5627.105263157895,1.263157894736842,1.1400000000000001,6,6
cost_1,2025-02-17,perfect_foresight_upper_bound,9372.275657894736,2878.782894736842,6493.492763157894,1.513157894736842,1.3656249999999999,7,7
cost_1,2025-02-18,perfect_foresight_upper_bound,9580.919113573404,3183.1301939058176,6397.788919667586,1.6731301939058174,1.51,8,7
cost_1,2025-02-19,perfect_foresight_upper_bound,12330.85263157895,3204.21052631579,9126.64210526316,1.6842105263157896,1.52,8,8
cost_1,2025-02-20,perfect_foresight_upper_bound,10995.789196675903,3183.1301939058176,7812.659002770086,1.6731301939058172,1.5100000000000002,8,7
cost_1,2025-02-21,perfect_foresight_upper_bound,9804.292001385043,2857.70256232687,6946.589439058173,1.5020775623268698,1.355625,7,6
cost_1,2025-02-22,perfect_foresight_upper_bound,9043.739456371191,2330.6942520775624,6713.045204293629,1.2250692520775623,1.1056249999999999,6,5
cost_1,2025-02-23,perfect_foresight_upper_bound,8219.68947368421,2403.157894736842,5816.531578947368,1.2631578947368423,1.1400000000000001,6,6
cost_1,2025-02-24,perfect_foresight_upper_bound,10030.542105263157,2403.157894736842,7627.384210526316,1.2631578947368423,1.1400000000000001,6,6
cost_1,2025-02-25,perfect_foresight_upper_bound,13196.018421052635,2878.782894736842,10317.235526315793,1.513157894736842,1.365625,7,7
cost_1,2025-02-26,perfect_foresight_upper_bound,9683.258881578948,2077.730263157895,7605.528618421053,1.092105263157895,0.985625,5,5
cost_1,2025-02-27,perfect_foresight_upper_bound,10732.084210526315,1602.105263157895,9129.97894736842,0.8421052631578949,0.76,4,4
cost_1,2025-02-28,perfect_foresight_upper_bound,4437.789473684211,1602.105263157895,2835.684210526316,0.8421052631578948,0.7600000000000001,4,4
cost_1,2025-03-01,perfect_foresight_upper_bound,10763.44144736842,2077.730263157895,8685.711184210524,1.092105263157895,0.985625,5,5
cost_1,2025-03-02,perfect_foresight_upper_bound,9030.331578947369,2403.157894736842,6627.173684210527,1.263157894736842,1.1400000000000001,6,6
cost_1,2025-03-03,perfect_foresight_upper_bound,6938.794736842107,1602.1052631578948,5336.689473684212,0.8421052631578947,0.76,4,4
cost_1,2025-03-04,perfect_foresight_upper_bound,21173.026315789477,3204.21052631579,17968.815789473687,1.6842105263157896,1.52,8,8
cost_1,2025-03-05,perfect_foresight_upper_bound,10385.778947368417,3204.21052631579,7181.568421052627,1.6842105263157898,1.52,8,8
cost_1,2025-03-06,perfect_foresight_upper_bound,8642.005263157895,3204.2105263157896,5437.794736842105,1.6842105263157894,1.52,8,8
cost_1,2025-03-07,perfect_foresight_upper_bound,13519.031578947368,3204.21052631579,10314.821052631578,1.6842105263157896,1.52,8,8
cost_1,2025-03-08,perfect_foresight_upper_bound,6308.958881578946,2077.7302631578946,4231.228618421052,1.0921052631578947,0.985625,5,5
cost_1,2025-03-09,perfect_foresight_upper_bound,12374.36644736842,2553.355263157895,9821.011184210525,1.342105263157895,1.21125,6,6
cost_1,2025-03-10,perfect_foresight_upper_bound,10183.026315789475,2635.0415512465374,7547.984764542938,1.3850415512465375,1.25,7,5
cost_1,2025-03-11,perfect_foresight_upper_bound,7011.194736842107,2403.157894736842,4608.036842105264,1.2631578947368423,1.1400000000000001,6,6
cost_1,2025-03-12,perfect_foresight_upper_bound,6334.457894736842,2403.157894736842,3931.2999999999997,1.263157894736842,1.1400000000000001,6,6
cost_1,2025-03-13,perfect_foresight_upper_bound,5011.310526315789,1602.105263157895,3409.2052631578936,0.8421052631578949,0.76,4,4
cost_1,2025-03-14,perfect_foresight_upper_bound,12222.745031163438,2857.702562326869,9365.04246883657,1.5020775623268696,1.3556249999999999,7,6
cost_1,2025-03-15,perfect_foresight_upper_bound,4045.4437499999985,2077.730263157895,1967.7134868421035,1.092105263157895,0.985625,5,5
cost_1,2025-03-16,perfect_foresight_upper_bound,2040.9368421052654,1602.105263157895,438.8315789473704,0.8421052631578947,0.7600000000000001,4,4
cost_1,2025-03-17,perfect_foresight_upper_bound,7560.684210526317,2403.157894736842,5157.526315789475,1.2631578947368423,1.1400000000000001,6,6
cost_1,2025-03-18,perfect_foresight_upper_bound,10107.401662049866,3183.130193905817,6924.271468144048,1.673130193905817,1.5100000000000002,8,7
cost_1,2025-03-19,perfect_foresight_upper_bound,10453.857894736844,3204.21052631579,7249.647368421054,1.6842105263157894,1.5200000000000002,8,8
cost_1,2025-03-20,perfect_foresight_upper_bound,13016.652631578947,2403.157894736842,10613.494736842105,1.2631578947368423,1.14,6,6
cost_1,2025-03-21,perfect_foresight_upper_bound,9536.884210526317,1602.105263157895,7934.778947368422,0.8421052631578948,0.7600000000000001,4,4
cost_1,2025-03-22,perfect_foresight_upper_bound,9098.778947368422,1602.105263157895,7496.673684210527,0.8421052631578949,0.7600000000000001,4,4
cost_1,2025-03-23,perfect_foresight_upper_bound,8133.103947368422,2077.7302631578946,6055.373684210528,1.0921052631578947,0.985625,5,5
cost_1,2025-03-24,perfect_foresight_upper_bound,2888.5135041551243,2330.6942520775624,557.8192520775619,1.2250692520775623,1.1056249999999999,5,5
cost_1,2025-03-25,perfect_foresight_upper_bound,7738.375069252077,1855.0692520775622,5883.305817174515,0.9750692520775622,0.88,5,4
cost_1,2025-03-26,perfect_foresight_upper_bound,8734.24769736842,2077.730263157895,6656.517434210526,1.092105263157895,0.985625,5,5
cost_1,2025-03-27,perfect_foresight_upper_bound,5125.868421052632,2403.157894736842,2722.7105263157896,1.2631578947368423,1.1400000000000001,6,6
cost_1,2025-03-28,perfect_foresight_upper_bound,2088.824671052631,1276.6776315789475,812.1470394736834,0.6710526315789475,0.605625,3,3
cost_1,2025-03-29,perfect_foresight_upper_bound,6965.731578947368,1602.105263157895,5363.626315789473,0.8421052631578949,0.76,4,4
cost_1,2025-03-30,perfect_foresight_upper_bound,9453.391447368422,2077.7302631578946,7375.661184210527,1.0921052631578947,0.985625,5,5
cost_1,2025-03-31,perfect_foresight_upper_bound,6463.736842105262,1602.105263157895,4861.631578947367,0.8421052631578949,0.76,4,4
cost_3,2024-04-01,no_operation,0.0,0.0,0.0,0.0,0.0,0,0
cost_3,2024-04-02,no_operation,0.0,0.0,0.0,0.0,0.0,0,0
cost_3,2024-04-03,no_operation,0.0,0.0,0.0,0.0,0.0,0,0
cost_3,2024-04-04,no_operation,0.0,0.0,0.0,0.0,0.0,0,0
cost_3,2024-04-05,no_operation,0.0,0.0,0.0,0.0,0.0,0,0
cost_3,2024-04-06,no_operation,0.0,0.0,0.0,0.0,0.0,0,0
cost_3,2024-04-07,no_operation,0.0,0.0,0.0,0.0,0.0,0,0
cost_3,2024-04-08,no_operation,0.0,0.0,0.0,0.0,0.0,0,0
cost_3,2024-04-09,no_operation,0.0,0.0,0.0,0.0,0.0,0,0
cost_3,2024-04-10,no_operation,0.0,0.0,0.0,0.0,0.0,0,0
cost_3,2024-04-11,no_operation,0.0,0.0,0.0,0.0,0.0,0,0
cost_3,2024-04-12,no_operation,0.0,0.0,0.0,0.0,0.0,0,0
cost_3,2024-04-13,no_operation,0.0,0.0,0.0,0.0,0.0,0,0
cost_3,2024-04-14,no_operation,0.0,0.0,0.0,0.0,0.0,0,0
cost_3,2024-04-15,no_operation,0.0,0.0,0.0,0.0,0.0,0,0
cost_3,2024-04-16,no_operation,0.0,0.0,0.0,0.0,0.0,0,0
cost_3,2024-04-17,no_operation,0.0,0.0,0.0,0.0,0.0,0,0
cost_3,2024-04-18,no_operation,0.0,0.0,0.0,0.0,0.0,0,0
cost_3,2024-04-19,no_operation,0.0,0.0,0.0,0.0,0.0,0,0
cost_3,2024-04-20,no_operation,0.0,0.0,0.0,0.0,0.0,0,0
cost_3,2024-04-21,no_operation,0.0,0.0,0.0,0.0,0.0,0,0
cost_3,2024-04-22,no_operation,0.0,0.0,0.0,0.0,0.0,0,0
cost_3,2024-04-23,no_operation,0.0,0.0,0.0,0.0,0.0,0,0
cost_3,2024-04-24,no_operation,0.0,0.0,0.0,0.0,0.0,0,0
cost_3,2024-04-25,no_operation,0.0,0.0,0.0,0.0,0.0,0,0
cost_3,2024-04-26,no_operation,0.0,0.0,0.0,0.0,0.0,0,0
cost_3,2024-04-27,no_operation,0.0,0.0,0.0,0.0,0.0,0,0
cost_3,2024-04-28,no_operation,0.0,0.0,0.0,0.0,0.0,0,0
cost_3,2024-04-29,no_operation,0.0,0.0,0.0,0.0,0.0,0,0
cost_3,2024-04-30,no_operation,0.0,0.0,0.0,0.0,0.0,0,0
cost_3,2024-05-01,no_operation,0.0,0.0,0.0,0.0,0.0,0,0
cost_3,2024-05-02,no_operation,0.0,0.0,0.0,0.0,0.0,0,0
cost_3,2024-05-03,no_operation,0.0,0.0,0.0,0.0,0.0,0,0
cost_3,2024-05-04,no_operation,0.0,0.0,0.0,0.0,0.0,0,0
cost_3,2024-05-05,no_operation,0.0,0.0,0.0,0.0,0.0,0,0
cost_3,2024-05-06,no_operation,0.0,0.0,0.0,0.0,0.0,0,0
cost_3,2024-05-07,no_operation,0.0,0.0,0.0,0.0,0.0,0,0
cost_3,2024-05-08,no_operation,0.0,0.0,0.0,0.0,0.0,0,0
cost_3,2024-05-09,no_operation,0.0,0.0,0.0,0.0,0.0,0,0
cost_3,2024-05-10,no_operation,0.0,0.0,0.0,0.0,0.0,0,0
cost_3,2024-05-11,no_operation,0.0,0.0,0.0,0.0,0.0,0,0
cost_3,2024-05-12,no_operation,0.0,0.0,0.0,0.0,0.0,0,0
cost_3,2024-05-13,no_operation,0.0,0.0,0.0,0.0,0.0,0,0
cost_3,2024-05-14,no_operation,0.0,0.0,0.0,0.0,0.0,0,0
cost_3,2024-05-15,no_operation,0.0,0.0,0.0,0.0,0.0,0,0
cost_3,2024-05-16,no_operation,0.0,0.0,0.0,0.0,0.0,0,0
cost_3,2024-05-17,no_operation,0.0,0.0,0.0,0.0,0.0,0,0
cost_3,2024-05-18,no_operation,0.0,0.0,0.0,0.0,0.0,0,0
cost_3,2024-05-19,no_operation,0.0,0.0,0.0,0.0,0.0,0,0
cost_3,2024-05-20,no_operation,0.0,0.0,0.0,0.0,0.0,0,0
cost_3,2024-05-21,no_operation,0.0,0.0,0.0,0.0,0.0,0,0
cost_3,2024-05-22,no_operation,0.0,0.0,0.0,0.0,0.0,0,0
cost_3,2024-05-23,no_operation,0.0,0.0,0.0,0.0,0.0,0,0
cost_3,2024-05-24,no_operation,0.0,0.0,0.0,0.0,0.0,0,0
cost_3,2024-05-25,no_operation,0.0,0.0,0.0,0.0,0.0,0,0
cost_3,2024-05-26,no_operation,0.0,0.0,0.0,0.0,0.0,0,0
cost_3,2024-05-27,no_operation,0.0,0.0,0.0,0.0,0.0,0,0
cost_3,2024-05-28,no_operation,0.0,0.0,0.0,0.0,0.0,0,0
cost_3,2024-05-29,no_operation,0.0,0.0,0.0,0.0,0.0,0,0
cost_3,2024-05-30,no_operation,0.0,0.0,0.0,0.0,0.0,0,0
cost_3,2024-05-31,no_operation,0.0,0.0,0.0,0.0,0.0,0,0
cost_3,2024-06-01,no_operation,0.0,0.0,0.0,0.0,0.0,0,0
cost_3,2024-06-02,no_operation,0.0,0.0,0.0,0.0,0.0,0,0
cost_3,2024-06-03,no_operation,0.0,0.0,0.0,0.0,0.0,0,0
cost_3,2024-06-04,no_operation,0.0,0.0,0.0,0.0,0.0,0,0
cost_3,2024-06-05,no_operation,0.0,0.0,0.0,0.0,0.0,0,0
cost_3,2024-06-06,no_operation,0.0,0.0,0.0,0.0,0.0,0,0
cost_3,2024-06-07,no_operation,0.0,0.0,0.0,0.0,0.0,0,0
cost_3,2024-06-08,no_operation,0.0,0.0,0.0,0.0,0.0,0,0
cost_3,2024-06-09,no_operation,0.0,0.0,0.0,0.0,0.0,0,0
cost_3,2024-06-10,no_operation,0.0,0.0,0.0,0.0,0.0,0,0
cost_3,2024-06-11,no_operation,0.0,0.0,0.0,0.0,0.0,0,0
cost_3,2024-06-12,no_operation,0.0,0.0,0.0,0.0,0.0,0,0
cost_3,2024-06-13,no_operation,0.0,0.0,0.0,0.0,0.0,0,0
cost_3,2024-06-14,no_operation,0.0,0.0,0.0,0.0,0.0,0,0
cost_3,2024-06-15,no_operation,0.0,0.0,0.0,0.0,0.0,0,0
cost_3,2024-06-16,no_operation,0.0,0.0,0.0,0.0,0.0,0,0
cost_3,2024-06-17,no_operation,0.0,0.0,0.0,0.0,0.0,0,0
cost_3,2024-06-18,no_operation,0.0,0.0,0.0,0.0,0.0,0,0
cost_3,2024-06-19,no_operation,0.0,0.0,0.0,0.0,0.0,0,0
cost_3,2024-06-20,no_operation,0.0,0.0,0.0,0.0,0.0,0,0
cost_3,2024-06-21,no_operation,0.0,0.0,0.0,0.0,0.0,0,0
cost_3,2024-06-22,no_operation,0.0,0.0,0.0,0.0,0.0,0,0
cost_3,2024-06-23,no_operation,0.0,0.0,0.0,0.0,0.0,0,0
cost_3,2024-06-24,no_operation,0.0,0.0,0.0,0.0,0.0,0,0
cost_3,2024-06-25,no_operation,0.0,0.0,0.0,0.0,0.0,0,0
cost_3,2024-06-26,no_operation,0.0,0.0,0.0,0.0,0.0,0,0
cost_3,2024-06-27,no_operation,0.0,0.0,0.0,0.0,0.0,0,0
cost_3,2024-06-28,no_operation,0.0,0.0,0.0,0.0,0.0,0,0
cost_3,2024-06-29,no_operation,0.0,0.0,0.0,0.0,0.0,0,0
cost_3,2024-06-30,no_operation,0.0,0.0,0.0,0.0,0.0,0,0
cost_3,2024-07-01,no_operation,0.0,0.0,0.0,0.0,0.0,0,0
cost_3,2024-07-02,no_operation,0.0,0.0,0.0,0.0,0.0,0,0
cost_3,2024-07-03,no_operation,0.0,0.0,0.0,0.0,0.0,0,0
cost_3,2024-07-04,no_operation,0.0,0.0,0.0,0.0,0.0,0,0
cost_3,2024-07-05,no_operation,0.0,0.0,0.0,0.0,0.0,0,0
cost_3,2024-07-06,no_operation,0.0,0.0,0.0,0.0,0.0,0,0
cost_3,2024-07-07,no_operation,0.0,0.0,0.0,0.0,0.0,0,0
cost_3,2024-07-08,no_operation,0.0,0.0,0.0,0.0,0.0,0,0
cost_3,2024-07-09,no_operation,0.0,0.0,0.0,0.0,0.0,0,0
cost_3,2024-07-10,no_operation,0.0,0.0,0.0,0.0,0.0,0,0
cost_3,2024-07-11,no_operation,0.0,0.0,0.0,0.0,0.0,0,0
cost_3,2024-07-12,no_operation,0.0,0.0,0.0,0.0,0.0,0,0
cost_3,2024-07-13,no_operation,0.0,0.0,0.0,0.0,0.0,0,0
cost_3,2024-07-14,no_operation,0.0,0.0,0.0,0.0,0.0,0,0
cost_3,2024-07-15,no_operation,0.0,0.0,0.0,0.0,0.0,0,0
cost_3,2024-07-16,no_operation,0.0,0.0,0.0,0.0,0.0,0,0
cost_3,2024-07-17,no_operation,0.0,0.0,0.0,0.0,0.0,0,0
cost_3,2024-07-18,no_operation,0.0,0.0,0.0,0.0,0.0,0,0
cost_3,2024-07-19,no_operation,0.0,0.0,0.0,0.0,0.0,0,0
cost_3,2024-07-20,no_operation,0.0,0.0,0.0,0.0,0.0,0,0
cost_3,2024-07-21,no_operation,0.0,0.0,0.0,0.0,0.0,0,0
cost_3,2024-07-22,no_operation,0.0,0.0,0.0,0.0,0.0,0,0
cost_3,2024-07-23,no_operation,0.0,0.0,0.0,0.0,0.0,0,0
cost_3,2024-07-24,no_operation,0.0,0.0,0.0,0.0,0.0,0,0
cost_3,2024-07-25,no_operation,0.0,0.0,0.0,0.0,0.0,0,0
cost_3,2024-07-26,no_operation,0.0,0.0,0.0,0.0,0.0,0,0
cost_3,2024-07-27,no_operation,0.0,0.0,0.0,0.0,0.0,0,0
cost_3,2024-07-28,no_operation,0.0,0.0,0.0,0.0,0.0,0,0
cost_3,2024-07-29,no_operation,0.0,0.0,0.0,0.0,0.0,0,0
cost_3,2024-07-30,no_operation,0.0,0.0,0.0,0.0,0.0,0,0
cost_3,2024-07-31,no_operation,0.0,0.0,0.0,0.0,0.0,0,0
cost_3,2024-08-01,no_operation,0.0,0.0,0.0,0.0,0.0,0,0
cost_3,2024-08-02,no_operation,0.0,0.0,0.0,0.0,0.0,0,0
cost_3,2024-08-03,no_operation,0.0,0.0,0.0,0.0,0.0,0,0
cost_3,2024-08-04,no_operation,0.0,0.0,0.0,0.0,0.0,0,0
cost_3,2024-08-05,no_operation,0.0,0.0,0.0,0.0,0.0,0,0
cost_3,2024-08-06,no_operation,0.0,0.0,0.0,0.0,0.0,0,0
cost_3,2024-08-07,no_operation,0.0,0.0,0.0,0.0,0.0,0,0
cost_3,2024-08-08,no_operation,0.0,0.0,0.0,0.0,0.0,0,0
cost_3,2024-08-09,no_operation,0.0,0.0,0.0,0.0,0.0,0,0
cost_3,2024-08-10,no_operation,0.0,0.0,0.0,0.0,0.0,0,0
cost_3,2024-08-11,no_operation,0.0,0.0,0.0,0.0,0.0,0,0
cost_3,2024-08-12,no_operation,0.0,0.0,0.0,0.0,0.0,0,0
cost_3,2024-08-13,no_operation,0.0,0.0,0.0,0.0,0.0,0,0
cost_3,2024-08-14,no_operation,0.0,0.0,0.0,0.0,0.0,0,0
cost_3,2024-08-15,no_operation,0.0,0.0,0.0,0.0,0.0,0,0
cost_3,2024-08-16,no_operation,0.0,0.0,0.0,0.0,0.0,0,0
cost_3,2024-08-17,no_operation,0.0,0.0,0.0,0.0,0.0,0,0
cost_3,2024-08-18,no_operation,0.0,0.0,0.0,0.0,0.0,0,0
cost_3,2024-08-19,no_operation,0.0,0.0,0.0,0.0,0.0,0,0
cost_3,2024-08-20,no_operation,0.0,0.0,0.0,0.0,0.0,0,0
cost_3,2024-08-21,no_operation,0.0,0.0,0.0,0.0,0.0,0,0
cost_3,2024-08-22,no_operation,0.0,0.0,0.0,0.0,0.0,0,0
cost_3,2024-08-23,no_operation,0.0,0.0,0.0,0.0,0.0,0,0
cost_3,2024-08-24,no_operation,0.0,0.0,0.0,0.0,0.0,0,0
cost_3,2024-08-25,no_operation,0.0,0.0,0.0,0.0,0.0,0,0
cost_3,2024-08-26,no_operation,0.0,0.0,0.0,0.0,0.0,0,0
cost_3,2024-08-27,no_operation,0.0,0.0,0.0,0.0,0.0,0,0
cost_3,2024-08-28,no_operation,0.0,0.0,0.0,0.0,0.0,0,0
cost_3,2024-08-29,no_operation,0.0,0.0,0.0,0.0,0.0,0,0
cost_3,2024-08-30,no_operation,0.0,0.0,0.0,0.0,0.0,0,0
cost_3,2024-08-31,no_operation,0.0,0.0,0.0,0.0,0.0,0,0
cost_3,2024-09-01,no_operation,0.0,0.0,0.0,0.0,0.0,0,0
cost_3,2024-09-02,no_operation,0.0,0.0,0.0,0.0,0.0,0,0
cost_3,2024-09-03,no_operation,0.0,0.0,0.0,0.0,0.0,0,0
cost_3,2024-09-04,no_operation,0.0,0.0,0.0,0.0,0.0,0,0
cost_3,2024-09-05,no_operation,0.0,0.0,0.0,0.0,0.0,0,0
cost_3,2024-09-06,no_operation,0.0,0.0,0.0,0.0,0.0,0,0
cost_3,2024-09-07,no_operation,0.0,0.0,0.0,0.0,0.0,0,0
cost_3,2024-09-08,no_operation,0.0,0.0,0.0,0.0,0.0,0,0
cost_3,2024-09-09,no_operation,0.0,0.0,0.0,0.0,0.0,0,0
cost_3,2024-09-10,no_operation,0.0,0.0,0.0,0.0,0.0,0,0
cost_3,2024-09-11,no_operation,0.0,0.0,0.0,0.0,0.0,0,0
cost_3,2024-09-12,no_operation,0.0,0.0,0.0,0.0,0.0,0,0
cost_3,2024-09-13,no_operation,0.0,0.0,0.0,0.0,0.0,0,0
cost_3,2024-09-14,no_operation,0.0,0.0,0.0,0.0,0.0,0,0
cost_3,2024-09-15,no_operation,0.0,0.0,0.0,0.0,0.0,0,0
cost_3,2024-09-16,no_operation,0.0,0.0,0.0,0.0,0.0,0,0
cost_3,2024-09-17,no_operation,0.0,0.0,0.0,0.0,0.0,0,0
cost_3,2024-09-18,no_operation,0.0,0.0,0.0,0.0,0.0,0,0
cost_3,2024-09-19,no_operation,0.0,0.0,0.0,0.0,0.0,0,0
cost_3,2024-09-20,no_operation,0.0,0.0,0.0,0.0,0.0,0,0
cost_3,2024-09-21,no_operation,0.0,0.0,0.0,0.0,0.0,0,0
cost_3,2024-09-22,no_operation,0.0,0.0,0.0,0.0,0.0,0,0
cost_3,2024-09-23,no_operation,0.0,0.0,0.0,0.0,0.0,0,0
cost_3,2024-09-24,no_operation,0.0,0.0,0.0,0.0,0.0,0,0
cost_3,2024-09-25,no_operation,0.0,0.0,0.0,0.0,0.0,0,0
cost_3,2024-09-26,no_operation,0.0,0.0,0.0,0.0,0.0,0,0
cost_3,2024-09-27,no_operation,0.0,0.0,0.0,0.0,0.0,0,0
cost_3,2024-09-28,no_operation,0.0,0.0,0.0,0.0,0.0,0,0
cost_3,2024-09-29,no_operation,0.0,0.0,0.0,0.0,0.0,0,0
cost_3,2024-09-30,no_operation,0.0,0.0,0.0,0.0,0.0,0,0
cost_3,2024-10-01,no_operation,0.0,0.0,0.0,0.0,0.0,0,0
cost_3,2024-10-02,no_operation,0.0,0.0,0.0,0.0,0.0,0,0
cost_3,2024-10-03,no_operation,0.0,0.0,0.0,0.0,0.0,0,0
cost_3,2024-10-04,no_operation,0.0,0.0,0.0,0.0,0.0,0,0
cost_3,2024-10-05,no_operation,0.0,0.0,0.0,0.0,0.0,0,0
cost_3,2024-10-06,no_operation,0.0,0.0,0.0,0.0,0.0,0,0
cost_3,2024-10-07,no_operation,0.0,0.0,0.0,0.0,0.0,0,0
cost_3,2024-10-08,no_operation,0.0,0.0,0.0,0.0,0.0,0,0
cost_3,2024-10-09,no_operation,0.0,0.0,0.0,0.0,0.0,0,0
cost_3,2024-10-10,no_operation,0.0,0.0,0.0,0.0,0.0,0,0
cost_3,2024-10-11,no_operation,0.0,0.0,0.0,0.0,0.0,0,0
cost_3,2024-10-12,no_operation,0.0,0.0,0.0,0.0,0.0,0,0
cost_3,2024-10-13,no_operation,0.0,0.0,0.0,0.0,0.0,0,0
cost_3,2024-10-14,no_operation,0.0,0.0,0.0,0.0,0.0,0,0
cost_3,2024-10-15,no_operation,0.0,0.0,0.0,0.0,0.0,0,0
cost_3,2024-10-16,no_operation,0.0,0.0,0.0,0.0,0.0,0,0
cost_3,2024-10-17,no_operation,0.0,0.0,0.0,0.0,0.0,0,0
cost_3,2024-10-18,no_operation,0.0,0.0,0.0,0.0,0.0,0,0
cost_3,2024-10-19,no_operation,0.0,0.0,0.0,0.0,0.0,0,0
cost_3,2024-10-20,no_operation,0.0,0.0,0.0,0.0,0.0,0,0
cost_3,2024-10-21,no_operation,0.0,0.0,0.0,0.0,0.0,0,0
cost_3,2024-10-22,no_operation,0.0,0.0,0.0,0.0,0.0,0,0
cost_3,2024-10-23,no_operation,0.0,0.0,0.0,0.0,0.0,0,0
cost_3,2024-10-24,no_operation,0.0,0.0,0.0,0.0,0.0,0,0
cost_3,2024-10-25,no_operation,0.0,0.0,0.0,0.0,0.0,0,0
cost_3,2024-10-26,no_operation,0.0,0.0,0.0,0.0,0.0,0,0
cost_3,2024-10-27,no_operation,0.0,0.0,0.0,0.0,0.0,0,0
cost_3,2024-10-28,no_operation,0.0,0.0,0.0,0.0,0.0,0,0
cost_3,2024-10-29,no_operation,0.0,0.0,0.0,0.0,0.0,0,0
cost_3,2024-10-30,no_operation,0.0,0.0,0.0,0.0,0.0,0,0
cost_3,2024-10-31,no_operation,0.0,0.0,0.0,0.0,0.0,0,0
cost_3,2024-11-01,no_operation,0.0,0.0,0.0,0.0,0.0,0,0
cost_3,2024-11-02,no_operation,0.0,0.0,0.0,0.0,0.0,0,0
cost_3,2024-11-03,no_operation,0.0,0.0,0.0,0.0,0.0,0,0
cost_3,2024-11-04,no_operation,0.0,0.0,0.0,0.0,0.0,0,0
cost_3,2024-11-05,no_operation,0.0,0.0,0.0,0.0,0.0,0,0
cost_3,2024-11-06,no_operation,0.0,0.0,0.0,0.0,0.0,0,0
cost_3,2024-11-07,no_operation,0.0,0.0,0.0,0.0,0.0,0,0
cost_3,2024-11-08,no_operation,0.0,0.0,0.0,0.0,0.0,0,0
cost_3,2024-11-09,no_operation,0.0,0.0,0.0,0.0,0.0,0,0
cost_3,2024-11-10,no_operation,0.0,0.0,0.0,0.0,0.0,0,0
cost_3,2024-11-11,no_operation,0.0,0.0,0.0,0.0,0.0,0,0
cost_3,2024-11-12,no_operation,0.0,0.0,0.0,0.0,0.0,0,0
cost_3,2024-11-13,no_operation,0.0,0.0,0.0,0.0,0.0,0,0
cost_3,2024-11-14,no_operation,0.0,0.0,0.0,0.0,0.0,0,0
cost_3,2024-11-15,no_operation,0.0,0.0,0.0,0.0,0.0,0,0
cost_3,2024-11-16,no_operation,0.0,0.0,0.0,0.0,0.0,0,0
cost_3,2024-11-17,no_operation,0.0,0.0,0.0,0.0,0.0,0,0
cost_3,2024-11-18,no_operation,0.0,0.0,0.0,0.0,0.0,0,0
cost_3,2024-11-19,no_operation,0.0,0.0,0.0,0.0,0.0,0,0
cost_3,2024-11-20,no_operation,0.0,0.0,0.0,0.0,0.0,0,0
cost_3,2024-11-21,no_operation,0.0,0.0,0.0,0.0,0.0,0,0
cost_3,2024-11-22,no_operation,0.0,0.0,0.0,0.0,0.0,0,0
cost_3,2024-11-23,no_operation,0.0,0.0,0.0,0.0,0.0,0,0
cost_3,2024-11-24,no_operation,0.0,0.0,0.0,0.0,0.0,0,0
cost_3,2024-11-25,no_operation,0.0,0.0,0.0,0.0,0.0,0,0
cost_3,2024-11-26,no_operation,0.0,0.0,0.0,0.0,0.0,0,0
cost_3,2024-11-27,no_operation,0.0,0.0,0.0,0.0,0.0,0,0
cost_3,2024-11-28,no_operation,0.0,0.0,0.0,0.0,0.0,0,0
cost_3,2024-11-29,no_operation,0.0,0.0,0.0,0.0,0.0,0,0
cost_3,2024-11-30,no_operation,0.0,0.0,0.0,0.0,0.0,0,0
cost_3,2024-12-01,no_operation,0.0,0.0,0.0,0.0,0.0,0,0
cost_3,2024-12-02,no_operation,0.0,0.0,0.0,0.0,0.0,0,0
cost_3,2024-12-03,no_operation,0.0,0.0,0.0,0.0,0.0,0,0
cost_3,2024-12-04,no_operation,0.0,0.0,0.0,0.0,0.0,0,0
cost_3,2024-12-05,no_operation,0.0,0.0,0.0,0.0,0.0,0,0
cost_3,2024-12-06,no_operation,0.0,0.0,0.0,0.0,0.0,0,0
cost_3,2024-12-07,no_operation,0.0,0.0,0.0,0.0,0.0,0,0
cost_3,2024-12-08,no_operation,0.0,0.0,0.0,0.0,0.0,0,0
cost_3,2024-12-09,no_operation,0.0,0.0,0.0,0.0,0.0,0,0
cost_3,2024-12-10,no_operation,0.0,0.0,0.0,0.0,0.0,0,0
cost_3,2024-12-11,no_operation,0.0,0.0,0.0,0.0,0.0,0,0
cost_3,2024-12-12,no_operation,0.0,0.0,0.0,0.0,0.0,0,0
cost_3,2024-12-13,no_operation,0.0,0.0,0.0,0.0,0.0,0,0
cost_3,2024-12-14,no_operation,0.0,0.0,0.0,0.0,0.0,0,0
cost_3,2024-12-15,no_operation,0.0,0.0,0.0,0.0,0.0,0,0
cost_3,2024-12-16,no_operation,0.0,0.0,0.0,0.0,0.0,0,0
cost_3,2024-12-17,no_operation,0.0,0.0,0.0,0.0,0.0,0,0
cost_3,2024-12-18,no_operation,0.0,0.0,0.0,0.0,0.0,0,0
cost_3,2024-12-19,no_operation,0.0,0.0,0.0,0.0,0.0,0,0
cost_3,2024-12-20,no_operation,0.0,0.0,0.0,0.0,0.0,0,0
cost_3,2024-12-21,no_operation,0.0,0.0,0.0,0.0,0.0,0,0
cost_3,2024-12-22,no_operation,0.0,0.0,0.0,0.0,0.0,0,0
cost_3,2024-12-23,no_operation,0.0,0.0,0.0,0.0,0.0,0,0
cost_3,2024-12-24,no_operation,0.0,0.0,0.0,0.0,0.0,0,0
cost_3,2024-12-25,no_operation,0.0,0.0,0.0,0.0,0.0,0,0
cost_3,2024-12-26,no_operation,0.0,0.0,0.0,0.0,0.0,0,0
cost_3,2024-12-27,no_operation,0.0,0.0,0.0,0.0,0.0,0,0
cost_3,2024-12-28,no_operation,0.0,0.0,0.0,0.0,0.0,0,0
cost_3,2024-12-29,no_operation,0.0,0.0,0.0,0.0,0.0,0,0
cost_3,2024-12-30,no_operation,0.0,0.0,0.0,0.0,0.0,0,0
cost_3,2024-12-31,no_operation,0.0,0.0,0.0,0.0,0.0,0,0
cost_3,2025-01-01,no_operation,0.0,0.0,0.0,0.0,0.0,0,0
cost_3,2025-01-02,no_operation,0.0,0.0,0.0,0.0,0.0,0,0
cost_3,2025-01-03,no_operation,0.0,0.0,0.0,0.0,0.0,0,0
cost_3,2025-01-04,no_operation,0.0,0.0,0.0,0.0,0.0,0,0
cost_3,2025-01-05,no_operation,0.0,0.0,0.0,0.0,0.0,0,0
cost_3,2025-01-06,no_operation,0.0,0.0,0.0,0.0,0.0,0,0
cost_3,2025-01-07,no_operation,0.0,0.0,0.0,0.0,0.0,0,0
cost_3,2025-01-08,no_operation,0.0,0.0,0.0,0.0,0.0,0,0
cost_3,2025-01-09,no_operation,0.0,0.0,0.0,0.0,0.0,0,0
cost_3,2025-01-10,no_operation,0.0,0.0,0.0,0.0,0.0,0,0
cost_3,2025-01-11,no_operation,0.0,0.0,0.0,0.0,0.0,0,0
cost_3,2025-01-12,no_operation,0.0,0.0,0.0,0.0,0.0,0,0
cost_3,2025-01-13,no_operation,0.0,0.0,0.0,0.0,0.0,0,0
cost_3,2025-01-14,no_operation,0.0,0.0,0.0,0.0,0.0,0,0
cost_3,2025-01-15,no_operation,0.0,0.0,0.0,0.0,0.0,0,0
cost_3,2025-01-16,no_operation,0.0,0.0,0.0,0.0,0.0,0,0
cost_3,2025-01-17,no_operation,0.0,0.0,0.0,0.0,0.0,0,0
cost_3,2025-01-18,no_operation,0.0,0.0,0.0,0.0,0.0,0,0
cost_3,2025-01-19,no_operation,0.0,0.0,0.0,0.0,0.0,0,0
cost_3,2025-01-20,no_operation,0.0,0.0,0.0,0.0,0.0,0,0
cost_3,2025-01-21,no_operation,0.0,0.0,0.0,0.0,0.0,0,0
cost_3,2025-01-22,no_operation,0.0,0.0,0.0,0.0,0.0,0,0
cost_3,2025-01-23,no_operation,0.0,0.0,0.0,0.0,0.0,0,0
cost_3,2025-01-24,no_operation,0.0,0.0,0.0,0.0,0.0,0,0
cost_3,2025-01-25,no_operation,0.0,0.0,0.0,0.0,0.0,0,0
cost_3,2025-01-26,no_operation,0.0,0.0,0.0,0.0,0.0,0,0
cost_3,2025-01-27,no_operation,0.0,0.0,0.0,0.0,0.0,0,0
cost_3,2025-01-28,no_operation,0.0,0.0,0.0,0.0,0.0,0,0
cost_3,2025-01-29,no_operation,0.0,0.0,0.0,0.0,0.0,0,0
cost_3,2025-01-30,no_operation,0.0,0.0,0.0,0.0,0.0,0,0
cost_3,2025-01-31,no_operation,0.0,0.0,0.0,0.0,0.0,0,0
cost_3,2025-02-01,no_operation,0.0,0.0,0.0,0.0,0.0,0,0
cost_3,2025-02-02,no_operation,0.0,0.0,0.0,0.0,0.0,0,0
cost_3,2025-02-03,no_operation,0.0,0.0,0.0,0.0,0.0,0,0
cost_3,2025-02-04,no_operation,0.0,0.0,0.0,0.0,0.0,0,0
cost_3,2025-02-05,no_operation,0.0,0.0,0.0,0.0,0.0,0,0
cost_3,2025-02-06,no_operation,0.0,0.0,0.0,0.0,0.0,0,0
cost_3,2025-02-07,no_operation,0.0,0.0,0.0,0.0,0.0,0,0
cost_3,2025-02-08,no_operation,0.0,0.0,0.0,0.0,0.0,0,0
cost_3,2025-02-09,no_operation,0.0,0.0,0.0,0.0,0.0,0,0
cost_3,2025-02-10,no_operation,0.0,0.0,0.0,0.0,0.0,0,0
cost_3,2025-02-11,no_operation,0.0,0.0,0.0,0.0,0.0,0,0
cost_3,2025-02-12,no_operation,0.0,0.0,0.0,0.0,0.0,0,0
cost_3,2025-02-13,no_operation,0.0,0.0,0.0,0.0,0.0,0,0
cost_3,2025-02-14,no_operation,0.0,0.0,0.0,0.0,0.0,0,0
cost_3,2025-02-15,no_operation,0.0,0.0,0.0,0.0,0.0,0,0
cost_3,2025-02-16,no_operation,0.0,0.0,0.0,0.0,0.0,0,0
cost_3,2025-02-17,no_operation,0.0,0.0,0.0,0.0,0.0,0,0
cost_3,2025-02-18,no_operation,0.0,0.0,0.0,0.0,0.0,0,0
cost_3,2025-02-19,no_operation,0.0,0.0,0.0,0.0,0.0,0,0
cost_3,2025-02-20,no_operation,0.0,0.0,0.0,0.0,0.0,0,0
cost_3,2025-02-21,no_operation,0.0,0.0,0.0,0.0,0.0,0,0
cost_3,2025-02-22,no_operation,0.0,0.0,0.0,0.0,0.0,0,0
cost_3,2025-02-23,no_operation,0.0,0.0,0.0,0.0,0.0,0,0
cost_3,2025-02-24,no_operation,0.0,0.0,0.0,0.0,0.0,0,0
cost_3,2025-02-25,no_operation,0.0,0.0,0.0,0.0,0.0,0,0
cost_3,2025-02-26,no_operation,0.0,0.0,0.0,0.0,0.0,0,0
cost_3,2025-02-27,no_operation,0.0,0.0,0.0,0.0,0.0,0,0
cost_3,2025-02-28,no_operation,0.0,0.0,0.0,0.0,0.0,0,0
cost_3,2025-03-01,no_operation,0.0,0.0,0.0,0.0,0.0,0,0
cost_3,2025-03-02,no_operation,0.0,0.0,0.0,0.0,0.0,0,0
cost_3,2025-03-03,no_operation,0.0,0.0,0.0,0.0,0.0,0,0
cost_3,2025-03-04,no_operation,0.0,0.0,0.0,0.0,0.0,0,0
cost_3,2025-03-05,no_operation,0.0,0.0,0.0,0.0,0.0,0,0
cost_3,2025-03-06,no_operation,0.0,0.0,0.0,0.0,0.0,0,0
cost_3,2025-03-07,no_operation,0.0,0.0,0.0,0.0,0.0,0,0
cost_3,2025-03-08,no_operation,0.0,0.0,0.0,0.0,0.0,0,0
cost_3,2025-03-09,no_operation,0.0,0.0,0.0,0.0,0.0,0,0
cost_3,2025-03-10,no_operation,0.0,0.0,0.0,0.0,0.0,0,0
cost_3,2025-03-11,no_operation,0.0,0.0,0.0,0.0,0.0,0,0
cost_3,2025-03-12,no_operation,0.0,0.0,0.0,0.0,0.0,0,0
cost_3,2025-03-13,no_operation,0.0,0.0,0.0,0.0,0.0,0,0
cost_3,2025-03-14,no_operation,0.0,0.0,0.0,0.0,0.0,0,0
cost_3,2025-03-15,no_operation,0.0,0.0,0.0,0.0,0.0,0,0
cost_3,2025-03-16,no_operation,0.0,0.0,0.0,0.0,0.0,0,0
cost_3,2025-03-17,no_operation,0.0,0.0,0.0,0.0,0.0,0,0
cost_3,2025-03-18,no_operation,0.0,0.0,0.0,0.0,0.0,0,0
cost_3,2025-03-19,no_operation,0.0,0.0,0.0,0.0,0.0,0,0
cost_3,2025-03-20,no_operation,0.0,0.0,0.0,0.0,0.0,0,0
cost_3,2025-03-21,no_operation,0.0,0.0,0.0,0.0,0.0,0,0
cost_3,2025-03-22,no_operation,0.0,0.0,0.0,0.0,0.0,0,0
cost_3,2025-03-23,no_operation,0.0,0.0,0.0,0.0,0.0,0,0
cost_3,2025-03-24,no_operation,0.0,0.0,0.0,0.0,0.0,0,0
cost_3,2025-03-25,no_operation,0.0,0.0,0.0,0.0,0.0,0,0
cost_3,2025-03-26,no_operation,0.0,0.0,0.0,0.0,0.0,0,0
cost_3,2025-03-27,no_operation,0.0,0.0,0.0,0.0,0.0,0,0
cost_3,2025-03-28,no_operation,0.0,0.0,0.0,0.0,0.0,0,0
cost_3,2025-03-29,no_operation,0.0,0.0,0.0,0.0,0.0,0,0
cost_3,2025-03-30,no_operation,0.0,0.0,0.0,0.0,0.0,0,0
cost_3,2025-03-31,no_operation,0.0,0.0,0.0,0.0,0.0,0,0
cost_3,2024-04-01,naive_forecast,7762.547368421053,4806.315789473685,2956.231578947368,0.8421052631578948,0.76,4,4
cost_3,2024-04-02,naive_forecast,7242.136842105262,4806.315789473684,2435.821052631578,0.8421052631578947,0.76,4,4
cost_3,2024-04-03,naive_forecast,504.71052631578715,4806.315789473685,-4301.605263157898,0.8421052631578949,0.76,4,4
cost_3,2024-04-04,naive_forecast,668.1250000000008,2853.75,-2185.624999999999,0.5,0.45125000000000004,2,2
cost_3,2024-04-05,naive_forecast,1113.9335180055411,1581.0249307479223,-467.0914127423812,0.2770083102493074,0.25,2,1
cost_3,2024-04-06,naive_forecast,2536.475069252078,1581.0249307479223,955.4501385041556,0.2770083102493074,0.25,2,1
cost_3,2024-04-07,naive_forecast,9063.578947368424,4806.315789473685,4257.2631578947385,0.8421052631578949,0.7600000000000001,4,4
cost_3,2024-04-08,naive_forecast,195.7947368421049,4806.315789473685,-4610.5210526315805,0.8421052631578948,0.76,4,4
cost_3,2024-04-09,naive_forecast,0.0,0.0,0.0,0.0,0.0,0,0
cost_3,2024-04-10,naive_forecast,6083.389473684212,2403.157894736843,3680.231578947369,0.42105263157894746,0.3800000000000001,2,2
cost_3,2024-04-11,naive_forecast,3644.184210526314,4806.315789473685,-1162.131578947371,0.8421052631578949,0.76,4,4
cost_3,2024-04-12,naive_forecast,5446.807479224377,3162.0498614958447,2284.7576177285323,0.554016620498615,0.5,3,2
cost_3,2024-04-13,naive_forecast,8247.0,4280.625,3966.375,0.75,0.676875,3,4
cost_3,2024-04-14,naive_forecast,8222.57894736842,4806.315789473685,3416.263157894735,0.8421052631578948,0.76,4,4
cost_3,2024-04-15,naive_forecast,3202.0,4806.315789473685,-1604.315789473685,0.8421052631578949,0.7600000000000001,4,4
cost_3,2024-04-16,naive_forecast,2351.8263157894735,4806.315789473685,-2454.4894736842116,0.8421052631578949,0.7600000000000001,4,4
cost_3,2024-04-17,naive_forecast,0.0,0.0,0.0,0.0,0.0,0,0
cost_3,2024-04-18,naive_forecast,6412.18947368421,4806.315789473685,1605.8736842105245,0.8421052631578948,0.76,4,4
cost_3,2024-04-19,naive_forecast,7635.59375,4280.625,3354.96875,0.75,0.676875,3,4
cost_3,2024-04-20,naive_forecast,7905.136842105263,4806.315789473685,3098.821052631578,0.8421052631578948,0.76,4,4
cost_3,2024-04-21,naive_forecast,2236.2105263157882,4806.315789473685,-2570.105263157897,0.8421052631578949,0.76,4,4
cost_3,2024-04-22,naive_forecast,0.0,0.0,0.0,0.0,0.0,0,0
cost_3,2024-04-23,naive_forecast,0.0,0.0,0.0,0.0,0.0,0,0
cost_3,2024-04-24,naive_forecast,0.0,0.0,0.0,0.0,0.0,0,0
cost_3,2024-04-25,naive_forecast,0.0,0.0,0.0,0.0,0.0,0,0
cost_3,2024-04-26,naive_forecast,4379.605263157895,4806.315789473685,-426.71052631579005,0.8421052631578948,0.7600000000000001,4,4
cost_3,2024-04-27,naive_forecast,3578.8157894736833,2403.1578947368425,1175.6578947368407,0.42105263157894746,0.38,2,2
cost_3,2024-04-28,naive_forecast,9037.078947368422,4806.315789473685,4230.763157894737,0.8421052631578948,0.76,4,4
cost_3,2024-04-29,naive_forecast,2791.9999999999986,4806.315789473685,-2014.3157894736864,0.8421052631578949,0.76,4,4
cost_3,2024-04-30,naive_forecast,1301.7894736842093,4806.315789473684,-3504.526315789475,0.8421052631578947,0.76,4,4
cost_3,2024-05-01,naive_forecast,0.0,0.0,0.0,0.0,0.0,0,0
cost_3,2024-05-02,naive_forecast,0.0,0.0,0.0,0.0,0.0,0,0
cost_3,2024-05-03,naive_forecast,9395.77894736842,4806.315789473685,4589.463157894736,0.8421052631578949,0.76,4,4
cost_3,2024-05-04,naive_forecast,8785.878947368423,4806.315789473685,3979.5631578947377,0.8421052631578949,0.7600000000000001,4,4
cost_3,2024-05-05,naive_forecast,8790.17894736842,4806.315789473685,3983.863157894735,0.8421052631578949,0.7600000000000001,4,4
cost_3,2024-05-06,naive_forecast,1203.9368421052611,4806.315789473685,-3602.3789473684237,0.8421052631578948,0.76,4,4
cost_3,2024-05-07,naive_forecast,0.0,0.0,0.0,0.0,0.0,0,0
cost_3,2024-05-08,naive_forecast,2445.180055401663,1581.0249307479223,864.1551246537408,0.2770083102493074,0.25,2,1
cost_3,2024-05-09,naive_forecast,5626.605263157897,2403.157894736843,3223.447368421054,0.42105263157894746,0.3800000000000001,2,2
cost_3,2024-05-10,naive_forecast,9170.778947368422,4806.315789473685,4364.463157894737,0.8421052631578947,0.7600000000000001,4,4
cost_3,2024-05-11,naive_forecast,10551.27894736842,4806.315789473685,5744.963157894736,0.8421052631578948,0.76,4,4
cost_3,2024-05-12,naive_forecast,3189.921052631578,4806.315789473685,-1616.3947368421072,0.8421052631578949,0.76,4,4
cost_3,2024-05-13,naive_forecast,1407.9789473684225,4806.315789473685,-3398.336842105263,0.8421052631578947,0.7600000000000001,4,4
cost_3,2024-05-14,naive_forecast,1336.2119113573422,1581.0249307479223,-244.81301939058017,0.2770083102493074,0.25,2,1
cost_3,2024-05-15,naive_forecast,8098.878947368423,4806.315789473685,3292.5631578947377,0.8421052631578948,0.7600000000000001,4,4
cost_3,2024-05-16,naive_forecast,10059.28947368421,4806.315789473684,5252.973684210526,0.8421052631578947,0.76,4,4
cost_3,2024-05-17,naive_forecast,10974.77894736842,4806.315789473685,6168.463157894736,0.8421052631578948,0.76,4,4
cost_3,2024-05-18,naive_forecast,9055.578947368422,4806.315789473685,4249.263157894737,0.8421052631578948,0.7600000000000001,4,4
cost_3,2024-05-19,naive_forecast,3170.6421052631576,4806.315789473684,-1635.6736842105265,0.8421052631578947,0.76,4,4
cost_3,2024-05-20,naive_forecast,1997.3210526315788,4806.315789473685,-2808.9947368421062,0.8421052631578949,0.7600000000000001,4,4
cost_3,2024-05-21,naive_forecast,7168.312499999999,2853.7499999999995,4314.5625,0.5,0.45125,2,3
cost_3,2024-05-22,naive_forecast,8226.794736842105,4806.315789473685,3420.4789473684195,0.8421052631578948,0.76,4,4
cost_3,2024-05-23,naive_forecast,3637.536842105264,4806.315789473685,-1168.778947368421,0.8421052631578949,0.7600000000000001,4,4
cost_3,2024-05-24,naive_forecast,3873.37894736842,2403.1578947368425,1470.2210526315775,0.42105263157894746,0.38,2,2
cost_3,2024-05-25,naive_forecast,4695.470914127423,3162.0498614958447,1533.4210526315787,0.554016620498615,0.5,3,2
cost_3,2024-05-26,naive_forecast,8796.778947368422,4806.315789473685,3990.4631578947374,0.8421052631578949,0.76,4,4
cost_3,2024-05-27,naive_forecast,571.6315789473689,4806.315789473685,-4234.684210526316,0.8421052631578948,0.7600000000000001,4,4
cost_3,2024-05-28,naive_forecast,2586.2673130193893,3162.0498614958447,-575.7825484764553,0.554016620498615,0.5,3,2
cost_3,2024-05-29,naive_forecast,-4617.605263157895,4806.315789473685,-9423.92105263158,0.8421052631578948,0.76,4,4
cost_3,2024-05-30,naive_forecast,3559.015789473683,4806.315789473685,-1247.300000000002,0.8421052631578948,0.76,4,4
cost_3,2024-05-31,naive_forecast,-336.7052631578948,2403.157894736842,-2739.863157894737,0.42105263157894735,0.38,2,2
cost_3,2024-06-01,naive_forecast,0.0,0.0,0.0,0.0,0.0,0,0
cost_3,2024-06-02,naive_forecast,8678.994736842105,4806.315789473685,3872.6789473684203,0.8421052631578948,0.76,4,4
cost_3,2024-06-03,naive_forecast,4902.468421052632,4806.315789473685,96.15263157894697,0.8421052631578949,0.7600000000000001,4,4
cost_3,2024-06-04,naive_forecast,8463.67894736842,4806.315789473685,3657.363157894735,0.8421052631578948,0.76,4,4
cost_3,2024-06-05,naive_forecast,9965.85789473684,4806.315789473685,5159.5421052631555,0.8421052631578949,0.76,4,4
cost_3,2024-06-06,naive_forecast,3810.1684210526305,4806.315789473685,-996.1473684210546,0.8421052631578949,0.76,4,4
cost_3,2024-06-07,naive_forecast,756.7867036011093,1581.0249307479223,-824.2382271468131,0.2770083102493074,0.25,2,1
cost_3,2024-06-08,naive_forecast,2860.6812500000005,1426.8750000000002,1433.8062500000003,0.25,0.22562500000000005,1,1
cost_3,2024-06-09,naive_forecast,1604.7210526315769,4806.315789473685,-3201.5947368421084,0.8421052631578949,0.76,4,4
cost_3,2024-06-10,naive_forecast,0.0,0.0,0.0,0.0,0.0,0,0
cost_3,2024-06-11,naive_forecast,5938.647368421052,2403.1578947368425,3535.4894736842098,0.42105263157894746,0.38,2,2
cost_3,2024-06-12,naive_forecast,4815.399999999999,2853.7499999999995,1961.6499999999992,0.5,0.45125,2,3
cost_3,2024-06-13,naive_forecast,4179.126315789473,2403.157894736842,1775.9684210526307,0.42105263157894735,0.38,2,2
cost_3,2024-06-14,naive_forecast,7625.163157894737,4806.315789473684,2818.847368421053,0.8421052631578947,0.76,4,4
cost_3,2024-06-15,naive_forecast,3743.482236842107,3830.0328947368416,-86.55065789473474,0.6710526315789473,0.605625,3,3
cost_3,2024-06-16,naive_forecast,10467.625,4280.625,6187.0,0.75,0.676875,3,4
cost_3,2024-06-17,naive_forecast,4552.092520775621,5565.207756232687,-1013.1152354570659,0.9750692520775625,0.88,5,4
cost_3,2024-06-18,naive_forecast,5097.184210526315,4806.315789473685,290.86842105262986,0.8421052631578948,0.76,4,4
cost_3,2024-06-19,naive_forecast,5233.400277008309,3162.0498614958447,2071.350415512464,0.554016620498615,0.5,3,2
cost_3,2024-06-20,naive_forecast,3811.907894736844,5256.907894736842,-1444.9999999999977,0.9210526315789473,0.83125,4,5
cost_3,2024-06-21,naive_forecast,836.0473684210546,2403.1578947368425,-1567.1105263157879,0.42105263157894735,0.3800000000000001,2,2
cost_3,2024-06-22,naive_forecast,0.0,0.0,0.0,0.0,0.0,0,0
cost_3,2024-06-23,naive_forecast,1617.0578947368408,2403.1578947368425,-786.1000000000017,0.42105263157894746,0.38,2,2
cost_3,2024-06-24,naive_forecast,0.0,0.0,0.0,0.0,0.0,0,0
cost_3,2024-06-25,naive_forecast,1945.8947368421057,2403.157894736843,-457.26315789473733,0.42105263157894746,0.3800000000000001,2,2
cost_3,2024-06-26,naive_forecast,1185.9210526315792,2403.157894736843,-1217.2368421052638,0.42105263157894746,0.3800000000000001,2,2
cost_3,2024-06-27,naive_forecast,0.0,0.0,0.0,0.0,0.0,0,0
cost_3,2024-06-28,naive_forecast,0.0,0.0,0.0,0.0,0.0,0,0
cost_3,2024-06-29,naive_forecast,0.0,0.0,0.0,0.0,0.0,0,0
cost_3,2024-06-30,naive_forecast,2470.210526315789,4806.315789473685,-2336.105263157896,0.8421052631578949,0.7600000000000001,4,4
cost_3,2024-07-01,naive_forecast,884.3750000000008,1426.8750000000002,-542.4999999999994,0.25,0.22562500000000005,1,1
cost_3,2024-07-02,naive_forecast,-177.35263157894732,2403.157894736843,-2580.5105263157902,0.42105263157894746,0.3800000000000001,2,2
cost_3,2024-07-03,naive_forecast,1939.9187500000012,1426.8750000000002,513.043750000001,0.25,0.22562500000000005,1,1
cost_3,2024-07-04,naive_forecast,4367.4894736842125,2403.1578947368425,1964.33157894737,0.42105263157894735,0.3800000000000001,2,2
cost_3,2024-07-05,naive_forecast,6895.300000000002,4806.315789473685,2088.984210526317,0.8421052631578948,0.7600000000000001,4,4
cost_3,2024-07-06,naive_forecast,3720.4473684210557,4806.315789473685,-1085.8684210526294,0.8421052631578947,0.7600000000000001,4,4
cost_3,2024-07-07,naive_forecast,3340.873684210529,2403.1578947368425,937.7157894736865,0.42105263157894735,0.3800000000000001,2,2
cost_3,2024-07-08,naive_forecast,6041.9578947368445,7209.473684210527,-1167.5157894736822,1.263157894736842,1.1400000000000001,6,6
cost_3,2024-07-09,naive_forecast,10474.868421052635,4806.315789473685,5668.55263157895,0.8421052631578948,0.7600000000000001,4,4
cost_3,2024-07-10,naive_forecast,11383.157894736845,4806.315789473685,6576.84210526316,0.8421052631578948,0.7600000000000001,4,4
cost_3,2024-07-11,naive_forecast,4332.6263157894755,4806.315789473685,-473.6894736842096,0.8421052631578947,0.7600000000000001,4,4
cost_3,2024-07-12,naive_forecast,1479.8130193905836,4743.074792243767,-3263.261772853183,0.8310249307479223,0.75,4,3
cost_3,2024-07-13,naive_forecast,0.0,0.0,0.0,0.0,0.0,0,0
cost_3,2024-07-14,naive_forecast,710.2562326869817,1581.0249307479223,-870.7686980609407,0.2770083102493074,0.25,2,1
cost_3,2024-07-15,naive_forecast,0.0,0.0,0.0,0.0,0.0,0,0
cost_3,2024-07-16,naive_forecast,0.0,0.0,0.0,0.0,0.0,0,0
cost_3,2024-07-17,naive_forecast,0.0,0.0,0.0,0.0,0.0,0,0
cost_3,2024-07-18,naive_forecast,0.0,0.0,0.0,0.0,0.0,0,0
cost_3,2024-07-19,naive_forecast,6226.073684210527,4806.315789473685,1419.757894736842,0.8421052631578948,0.76,4,4
cost_3,2024-07-20,naive_forecast,4070.7684210526345,4806.315789473685,-735.5473684210506,0.8421052631578947,0.7600000000000001,4,4
cost_3,2024-07-21,naive_forecast,3736.3894736842108,2403.157894736842,1333.2315789473687,0.42105263157894735,0.38,2,2
cost_3,2024-07-22,naive_forecast,10441.97368421053,4806.315789473685,5635.657894736845,0.8421052631578947,0.7600000000000001,4,4
cost_3,2024-07-23,naive_forecast,12226.05263157895,4806.315789473685,7419.736842105265,0.8421052631578948,0.7600000000000001,4,4
cost_3,2024-07-24,naive_forecast,6757.978947368423,4806.315789473685,1951.663157894738,0.8421052631578948,0.7600000000000001,4,4
cost_3,2024-07-25,naive_forecast,6307.973684210525,4806.315789473685,1501.6578947368398,0.8421052631578948,0.76,4,4
cost_3,2024-07-26,naive_forecast,4934.50822368421,3830.0328947368425,1104.4753289473674,0.6710526315789475,0.605625,3,3
cost_3,2024-07-27,naive_forecast,4981.910526315788,3830.0328947368425,1151.8776315789455,0.6710526315789475,0.605625,3,3
cost_3,2024-07-28,naive_forecast,7873.684210526316,4806.315789473685,3067.3684210526308,0.8421052631578948,0.7600000000000001,4,4
cost_3,2024-07-29,naive_forecast,9154.013157894735,3830.0328947368425,5323.980263157892,0.6710526315789475,0.605625,3,3
cost_3,2024-07-30,naive_forecast,10865.526315789473,4806.315789473685,6059.210526315788,0.8421052631578948,0.76,4,4
cost_3,2024-07-31,naive_forecast,11580.789473684215,4806.315789473685,6774.47368421053,0.8421052631578948,0.7600000000000001,4,4
cost_3,2024-08-01,naive_forecast,12517.347368421053,4806.315789473685,7711.031578947368,0.8421052631578948,0.76,4,4
cost_3,2024-08-02,naive_forecast,6235.800000000001,4806.315789473685,1429.484210526316,0.8421052631578948,0.7600000000000001,4,4
cost_3,2024-08-03,naive_forecast,4341.426315789472,4806.315789473685,-464.88947368421304,0.8421052631578948,0.76,4,4
cost_3,2024-08-04,naive_forecast,3152.4368421052645,2403.1578947368425,749.278947368422,0.42105263157894735,0.3800000000000001,2,2
cost_3,2024-08-05,naive_forecast,2856.2842105263176,2403.1578947368425,453.12631578947503,0.42105263157894735,0.3800000000000001,2,2
cost_3,2024-08-06,naive_forecast,3807.908881578946,3830.0328947368425,-22.12401315789657,0.6710526315789475,0.605625,3,3
cost_3,2024-08-07,naive_forecast,4282.915789473687,4806.315789473685,-523.3999999999978,0.8421052631578948,0.7600000000000001,4,4
cost_3,2024-08-08,naive_forecast,0.0,0.0,0.0,0.0,0.0,0,0
cost_3,2024-08-09,naive_forecast,5485.58421052632,4806.315789473685,679.268421052635,0.8421052631578948,0.7600000000000001,4,4
cost_3,2024-08-10,naive_forecast,4780.915789473687,4806.315789473685,-25.399999999997817,0.8421052631578948,0.7600000000000001,4,4
cost_3,2024-08-11,naive_forecast,3382.263157894737,2403.157894736843,979.1052631578941,0.42105263157894746,0.3800000000000001,2,2
cost_3,2024-08-12,naive_forecast,2672.368421052634,2403.1578947368425,269.2105263157914,0.42105263157894735,0.3800000000000001,2,2
cost_3,2024-08-13,naive_forecast,3068.0894736842124,2403.1578947368425,664.9315789473699,0.42105263157894735,0.3800000000000001,2,2
cost_3,2024-08-14,naive_forecast,2338.9368421052623,2403.1578947368425,-64.22105263158028,0.42105263157894746,0.38,2,2
cost_3,2024-08-15,naive_forecast,1590.5817174515246,1581.0249307479223,9.556786703602256,0.2770083102493074,0.25,2,1
cost_3,2024-08-16,naive_forecast,2063.668421052631,2403.1578947368425,-339.4894736842116,0.42105263157894746,0.38,2,2
cost_3,2024-08-17,naive_forecast,1386.1375000000016,1426.8750000000002,-40.73749999999859,0.25,0.22562500000000005,1,1
cost_3,2024-08-18,naive_forecast,6470.199999999998,4806.315789473685,1663.884210526313,0.8421052631578948,0.76,4,4
cost_3,2024-08-19,naive_forecast,4798.736842105265,4806.315789473685,-7.578947368419904,0.8421052631578948,0.7600000000000001,4,4
cost_3,2024-08-20,naive_forecast,3611.7078947368404,3830.0328947368425,-218.3250000000021,0.6710526315789475,0.605625,3,3
cost_3,2024-08-21,naive_forecast,4957.631578947372,4806.315789473685,151.3157894736869,0.8421052631578947,0.7600000000000001,4,4
cost_3,2024-08-22,naive_forecast,3023.2532894736846,3830.0328947368416,-806.779605263157,0.6710526315789473,0.605625,3,3
cost_3,2024-08-23,naive_forecast,2740.4631578947346,2403.1578947368425,337.3052631578921,0.42105263157894746,0.38,2,2
cost_3,2024-08-24,naive_forecast,2978.805263157893,3830.0328947368425,-851.2276315789495,0.6710526315789475,0.605625,3,3
cost_3,2024-08-25,naive_forecast,1611.7368421052624,2403.1578947368425,-791.4210526315801,0.42105263157894746,0.38,2,2
cost_3,2024-08-26,naive_forecast,0.0,0.0,0.0,0.0,0.0,0,0
cost_3,2024-08-27,naive_forecast,4252.993421052632,3830.0328947368425,422.96052631578914,0.6710526315789475,0.605625,3,3
cost_3,2024-08-28,naive_forecast,4759.736513157894,3830.0328947368425,929.703618421051,0.6710526315789475,0.605625,3,3
cost_3,2024-08-29,naive_forecast,3696.554934210525,3830.0328947368425,-133.47796052631747,0.6710526315789475,0.605625,3,3
cost_3,2024-08-30,naive_forecast,16173.157894736847,4806.315789473685,11366.842105263162,0.8421052631578948,0.7600000000000001,4,4
cost_3,2024-08-31,naive_forecast,395.09210526315644,7660.065789473683,-7264.973684210527,1.3421052631578947,1.21125,6,6
cost_3,2024-09-01,naive_forecast,0.0,0.0,0.0,0.0,0.0,0,0
cost_3,2024-09-02,naive_forecast,3055.463157894738,2403.157894736843,652.3052631578948,0.42105263157894746,0.3800000000000001,2,2
cost_3,2024-09-03,naive_forecast,4658.184210526318,4806.315789473685,-148.13157894736742,0.8421052631578948,0.7600000000000001,4,4
cost_3,2024-09-04,naive_forecast,2973.652631578946,2403.1578947368425,570.4947368421035,0.42105263157894746,0.38,2,2
cost_3,2024-09-05,naive_forecast,3378.5000000000014,2403.157894736843,975.3421052631584,0.42105263157894746,0.3800000000000001,2,2
cost_3,2024-09-06,naive_forecast,3553.010526315789,2403.1578947368425,1149.8526315789463,0.42105263157894746,0.38,2,2
cost_3,2024-09-07,naive_forecast,2262.1947368421065,2403.1578947368425,-140.963157894736,0.42105263157894735,0.3800000000000001,2,2
cost_3,2024-09-08,naive_forecast,2699.1894736842096,2403.157894736842,296.0315789473675,0.42105263157894735,0.38,2,2
cost_3,2024-09-09,naive_forecast,6846.910526315791,2403.157894736843,4443.752631578947,0.42105263157894746,0.3800000000000001,2,2
cost_3,2024-09-10,naive_forecast,10905.047368421054,4806.315789473685,6098.731578947369,0.8421052631578948,0.76,4,4
cost_3,2024-09-11,naive_forecast,13827.68421052632,4806.315789473684,9021.368421052637,0.8421052631578947,0.76,4,4
cost_3,2024-09-12,naive_forecast,8706.821052631578,4806.315789473685,3900.505263157893,0.8421052631578948,0.7600000000000001,4,4
cost_3,2024-09-13,naive_forecast,9411.289473684215,4806.315789473685,4604.97368421053,0.8421052631578947,0.7600000000000001,4,4
cost_3,2024-09-14,naive_forecast,5612.45263157895,4806.315789473685,806.1368421052648,0.8421052631578948,0.7600000000000001,4,4
cost_3,2024-09-15,naive_forecast,2792.584210526318,4806.315789473685,-2013.7315789473669,0.8421052631578948,0.7600000000000001,4,4
cost_3,2024-09-16,naive_forecast,0.0,0.0,0.0,0.0,0.0,0,0
cost_3,2024-09-17,naive_forecast,7306.9789473684195,2403.1578947368425,4903.821052631577,0.42105263157894746,0.38,2,2
cost_3,2024-09-18,naive_forecast,16143.289473684217,4806.315789473684,11336.973684210534,0.8421052631578947,0.76,4,4
cost_3,2024-09-19,naive_forecast,16356.863157894739,4806.315789473684,11550.547368421056,0.8421052631578947,0.76,4,4
cost_3,2024-09-20,naive_forecast,15514.210526315788,4806.315789473685,10707.894736842103,0.8421052631578948,0.76,4,4
cost_3,2024-09-21,naive_forecast,5244.310526315795,4806.315789473685,437.9947368421099,0.8421052631578947,0.7600000000000001,4,4
cost_3,2024-09-22,naive_forecast,2880.3631578947384,4806.315789473685,-1925.9526315789467,0.8421052631578948,0.7600000000000001,4,4
cost_3,2024-09-23,naive_forecast,0.0,0.0,0.0,0.0,0.0,0,0
cost_3,2024-09-24,naive_forecast,0.0,0.0,0.0,0.0,0.0,0,0
cost_3,2024-09-25,naive_forecast,3226.6138157894748,3830.0328947368416,-603.4190789473669,0.6710526315789473,0.605625,3,3
cost_3,2024-09-26,naive_forecast,3644.568421052633,2403.157894736843,1241.4105263157899,0.42105263157894746,0.3800000000000001,2,2
cost_3,2024-09-27,naive_forecast,4613.469529085873,4743.074792243768,-129.60526315789502,0.8310249307479225,0.75,4,3
cost_3,2024-09-28,naive_forecast,357.5947368421039,2403.1578947368425,-2045.5631578947387,0.42105263157894746,0.38,2,2
cost_3,2024-09-29,naive_forecast,0.0,0.0,0.0,0.0,0.0,0,0
cost_3,2024-09-30,naive_forecast,0.0,0.0,0.0,0.0,0.0,0,0
cost_3,2024-10-01,naive_forecast,3890.04210526316,2403.1578947368425,1486.8842105263175,0.42105263157894735,0.3800000000000001,2,2
cost_3,2024-10-02,naive_forecast,6812.3842105263175,4806.315789473685,2006.0684210526324,0.8421052631578947,0.7600000000000001,4,4
cost_3,2024-10-03,naive_forecast,3574.33157894737,4806.315789473684,-1231.9842105263142,0.8421052631578947,0.76,4,4
cost_3,2024-10-04,naive_forecast,5622.752631578951,4806.315789473685,816.4368421052659,0.8421052631578948,0.7600000000000001,4,4
cost_3,2024-10-05,naive_forecast,-294.4789473684235,4806.315789473685,-5100.794736842108,0.8421052631578948,0.76,4,4
cost_3,2024-10-06,naive_forecast,0.0,0.0,0.0,0.0,0.0,0,0
cost_3,2024-10-07,naive_forecast,1471.9368421052636,2403.157894736843,-931.2210526315794,0.42105263157894746,0.3800000000000001,2,2
cost_3,2024-10-08,naive_forecast,3998.8052631578953,4806.315789473685,-807.5105263157898,0.8421052631578948,0.7600000000000001,4,4
cost_3,2024-10-09,naive_forecast,1346.3875,1426.8749999999998,-80.48749999999973,0.25,0.225625,1,1
cost_3,2024-10-10,naive_forecast,5606.742105263157,2403.1578947368425,3203.5842105263146,0.42105263157894746,0.38,2,2
cost_3,2024-10-11,naive_forecast,11401.884210526316,4806.315789473685,6595.568421052631,0.8421052631578949,0.76,4,4
cost_3,2024-10-12,naive_forecast,9143.07894736842,4806.315789473685,4336.763157894735,0.8421052631578949,0.76,4,4
cost_3,2024-10-13,naive_forecast,9578.478947368425,4806.315789473685,4772.16315789474,0.8421052631578949,0.7600000000000001,4,4
cost_3,2024-10-14,naive_forecast,3383.252631578948,4806.315789473685,-1423.0631578947373,0.8421052631578949,0.7600000000000001,4,4
cost_3,2024-10-15,naive_forecast,4370.68947368421,4806.315789473685,-435.6263157894755,0.8421052631578949,0.76,4,4
cost_3,2024-10-16,naive_forecast,4996.957894736842,4806.315789473684,190.64210526315765,0.8421052631578947,0.76,4,4
cost_3,2024-10-17,naive_forecast,6501.2052631579,4806.315789473685,1694.8894736842149,0.8421052631578948,0.7600000000000001,4,4
cost_3,2024-10-18,naive_forecast,8243.157894736847,4806.315789473685,3436.842105263162,0.8421052631578947,0.7600000000000001,4,4
cost_3,2024-10-19,naive_forecast,3417.5692520775615,4743.074792243768,-1325.5055401662062,0.8310249307479225,0.75,4,3
cost_3,2024-10-20,naive_forecast,2176.2049861495925,1581.0249307479223,595.1800554016702,0.2770083102493075,0.25,2,1
cost_3,2024-10-21,naive_forecast,4682.147368421051,4806.315789473685,-124.16842105263368,0.8421052631578948,0.76,4,4
cost_3,2024-10-22,naive_forecast,2889.4473684210516,2403.1578947368425,486.28947368420904,0.42105263157894746,0.38,2,2
cost_3,2024-10-23,naive_forecast,4256.097039473683,3830.0328947368425,426.0641447368407,0.6710526315789475,0.605625,3,3
cost_3,2024-10-24,naive_forecast,5189.7368421052615,4806.315789473685,383.42105263157646,0.8421052631578948,0.76,4,4
cost_3,2024-10-25,naive_forecast,4540.986842105262,3830.0328947368425,710.9539473684199,0.6710526315789475,0.605625,3,3
cost_3,2024-10-26,naive_forecast,1347.2697368421038,3830.0328947368425,-2482.7631578947385,0.6710526315789475,0.605625,3,3
cost_3,2024-10-27,naive_forecast,0.0,0.0,0.0,0.0,0.0,0,0
cost_3,2024-10-28,naive_forecast,0.0,0.0,0.0,0.0,0.0,0,0
cost_3,2024-10-29,naive_forecast,5455.637119113574,4743.074792243768,712.5623268698064,0.8310249307479225,0.75,4,3
cost_3,2024-10-30,naive_forecast,3441.973684210525,4743.074792243768,-1301.1011080332428,0.8310249307479225,0.75,4,3
cost_3,2024-10-31,naive_forecast,3422.0092105263143,3830.0328947368425,-408.02368421052824,0.6710526315789475,0.605625,3,3
cost_3,2024-11-01,naive_forecast,1307.4307479224387,1581.0249307479223,-273.5941828254836,0.2770083102493074,0.25,2,1
cost_3,2024-11-02,naive_forecast,0.0,0.0,0.0,0.0,0.0,0,0
cost_3,2024-11-03,naive_forecast,0.0,0.0,0.0,0.0,0.0,0,0
cost_3,2024-11-04,naive_forecast,5280.931578947368,4806.315789473685,474.6157894736825,0.8421052631578948,0.76,4,4
cost_3,2024-11-05,naive_forecast,4790.121052631578,4806.315789473685,-16.194736842106977,0.8421052631578948,0.76,4,4
cost_3,2024-11-06,naive_forecast,3675.6315789473706,2403.1578947368425,1272.473684210528,0.42105263157894735,0.3800000000000001,2,2
cost_3,2024-11-07,naive_forecast,5634.331578947368,2403.157894736842,3231.173684210526,0.42105263157894735,0.38,2,2
cost_3,2024-11-08,naive_forecast,6560.563157894736,4806.315789473685,1754.2473684210509,0.8421052631578948,0.76,4,4
cost_3,2024-11-09,naive_forecast,2915.2000000000007,2853.7500000000005,61.45000000000027,0.5,0.4512500000000001,2,3
cost_3,2024-11-10,naive_forecast,2657.7624999999994,2853.7499999999995,-195.98750000000018,0.5,0.45124999999999993,2,3
cost_3,2024-11-11,naive_forecast,2759.605263157894,2403.157894736842,356.44736842105203,0.42105263157894735,0.38,2,2
cost_3,2024-11-12,naive_forecast,5829.487499999999,2853.7499999999995,2975.7374999999997,0.5,0.45124999999999993,2,3
cost_3,2024-11-13,naive_forecast,9376.406249999998,5707.499999999999,3668.906249999999,1.0,0.9025,4,5
cost_3,2024-11-14,naive_forecast,5985.605263157892,4806.315789473685,1179.2894736842072,0.8421052631578949,0.76,4,4
cost_3,2024-11-15,naive_forecast,1997.237500000002,2853.75,-856.512499999998,0.5,0.45125000000000004,2,3
cost_3,2024-11-16,naive_forecast,0.0,0.0,0.0,0.0,0.0,0,0
cost_3,2024-11-17,naive_forecast,0.0,0.0,0.0,0.0,0.0,0,0
cost_3,2024-11-18,naive_forecast,3109.452631578947,2403.157894736842,706.2947368421051,0.42105263157894735,0.38,2,2
cost_3,2024-11-19,naive_forecast,3681.8789473684205,2403.157894736842,1278.7210526315785,0.42105263157894735,0.38,2,2
cost_3,2024-11-20,naive_forecast,5142.837499999996,4280.625,862.212499999996,0.75,0.6768749999999999,3,4
cost_3,2024-11-21,naive_forecast,5845.88670360111,3984.1828254847655,1861.7038781163442,0.698060941828255,0.6300000000000001,3,3
cost_3,2024-11-22,naive_forecast,4895.015789473682,4806.315789473685,88.69999999999709,0.8421052631578949,0.76,4,4
cost_3,2024-11-23,naive_forecast,3298.913850415513,3984.1828254847655,-685.2689750692525,0.698060941828255,0.6300000000000001,3,3
cost_3,2024-11-24,naive_forecast,2937.178947368422,2403.157894736843,534.0210526315791,0.42105263157894746,0.3800000000000001,2,2
cost_3,2024-11-25,naive_forecast,4878.5368421052635,2403.157894736842,2475.3789473684214,0.42105263157894735,0.38,2,2
cost_3,2024-11-26,naive_forecast,6255.449342105263,6233.190789473683,22.258552631579732,1.0921052631578947,0.985625,5,5
cost_3,2024-11-27,naive_forecast,3727.7631578947376,4806.315789473684,-1078.5526315789466,0.8421052631578947,0.76,4,4
cost_3,2024-11-28,naive_forecast,5454.744407894736,3830.0328947368425,1624.711513157893,0.6710526315789475,0.605625,3,3
cost_3,2024-11-29,naive_forecast,3654.870065789474,3830.0328947368425,-175.16282894736833,0.6710526315789475,0.605625,3,3
cost_3,2024-11-30,naive_forecast,1704.105263157894,2403.1578947368425,-699.0526315789486,0.42105263157894746,0.38,2,2
cost_3,2024-12-01,naive_forecast,0.0,0.0,0.0,0.0,0.0,0,0
cost_3,2024-12-02,naive_forecast,7097.936842105262,4806.315789473685,2291.621052631577,0.8421052631578948,0.76,4,4
cost_3,2024-12-03,naive_forecast,6002.605263157894,4806.315789473685,1196.289473684209,0.8421052631578949,0.76,4,4
cost_3,2024-12-04,naive_forecast,5012.424999999998,2853.7499999999995,2158.674999999999,0.5,0.45125,2,3
cost_3,2024-12-05,naive_forecast,2520.012499999999,2853.7499999999995,-333.73750000000064,0.5,0.45124999999999993,2,3
cost_3,2024-12-06,naive_forecast,3551.7313019390585,3162.0498614958447,389.6814404432139,0.554016620498615,0.5,3,2
cost_3,2024-12-07,naive_forecast,2752.0624999999995,2853.7499999999995,-101.6875,0.5,0.45124999999999993,2,2
cost_3,2024-12-08,naive_forecast,3816.1315789473692,2403.157894736843,1412.9736842105262,0.42105263157894746,0.3800000000000001,2,2
cost_3,2024-12-09,naive_forecast,4278.494736842105,4806.315789473684,-527.8210526315788,0.8421052631578947,0.76,4,4
cost_3,2024-12-10,naive_forecast,2705.4684210526325,2403.157894736843,302.3105263157895,0.42105263157894746,0.3800000000000001,2,2
cost_3,2024-12-11,naive_forecast,3131.0250000000033,2853.7500000000005,277.2750000000028,0.5,0.45125000000000015,2,2
cost_3,2024-12-12,naive_forecast,5584.508587257619,5565.207756232687,19.30083102493245,0.9750692520775623,0.8800000000000001,5,4
cost_3,2024-12-13,naive_forecast,2663.5749999999994,2853.7499999999995,-190.17500000000018,0.5,0.45125,2,3
cost_3,2024-12-14,naive_forecast,2374.3213296398917,4743.074792243767,-2368.753462603875,0.8310249307479223,0.75,4,3
cost_3,2024-12-15,naive_forecast,3218.2819944598336,3984.1828254847655,-765.9008310249319,0.698060941828255,0.6300000000000001,3,3
cost_3,2024-12-16,naive_forecast,1311.3157894736848,2403.157894736843,-1091.8421052631581,0.42105263157894746,0.3800000000000001,2,2
cost_3,2024-12-17,naive_forecast,3480.824099722991,3984.182825484765,-503.35872576177417,0.698060941828255,0.63,3,3
cost_3,2024-12-18,naive_forecast,2273.426315789471,2403.1578947368425,-129.73157894737142,0.42105263157894746,0.38,2,2
cost_3,2024-12-19,naive_forecast,4171.926315789477,2403.1578947368425,1768.768421052634,0.42105263157894735,0.3800000000000001,2,2
cost_3,2024-12-20,naive_forecast,8023.939473684207,8636.348684210527,-612.4092105263198,1.5131578947368425,1.365625,7,7
cost_3,2024-12-21,naive_forecast,1526.967036011082,5565.207756232687,-4038.2407202216045,0.9750692520775623,0.8800000000000001,5,4
cost_3,2024-12-22,naive_forecast,0.0,0.0,0.0,0.0,0.0,0,0
cost_3,2024-12-23,naive_forecast,2435.442105263156,2403.1578947368425,32.28421052631347,0.42105263157894746,0.38,2,2
cost_3,2024-12-24,naive_forecast,5553.099999999997,4806.315789473685,746.7842105263117,0.8421052631578949,0.76,4,4
cost_3,2024-12-25,naive_forecast,5116.799999999999,4806.315789473685,310.4842105263142,0.8421052631578949,0.7600000000000001,4,4
cost_3,2024-12-26,naive_forecast,3907.1313019390564,5565.207756232687,-1658.0764542936304,0.9750692520775625,0.88,5,4
cost_3,2024-12-27,naive_forecast,739.810526315789,2403.157894736842,-1663.347368421053,0.42105263157894735,0.38,2,2
cost_3,2024-12-28,naive_forecast,859.6625000000007,1426.8750000000002,-567.2124999999995,0.25,0.22562500000000005,1,1
cost_3,2024-12-29,naive_forecast,5205.5684210526315,4806.315789473685,399.2526315789464,0.8421052631578949,0.7600000000000001,4,4
cost_3,2024-12-30,naive_forecast,6481.256249999999,4280.625,2200.6312499999995,0.75,0.6768749999999999,3,4
cost_3,2024-12-31,naive_forecast,6957.7947368421055,4806.315789473685,2151.4789473684204,0.8421052631578947,0.7600000000000001,4,4
cost_3,2025-01-01,naive_forecast,9657.178947368422,4806.315789473685,4850.863157894737,0.8421052631578949,0.7600000000000001,4,4
cost_3,2025-01-02,naive_forecast,8387.978947368421,4806.315789473685,3581.6631578947363,0.8421052631578948,0.76,4,4
cost_3,2025-01-03,naive_forecast,6179.868421052631,4806.315789473685,1373.5526315789457,0.8421052631578949,0.76,4,4
cost_3,2025-01-04,naive_forecast,5396.042105263158,4806.315789473685,589.7263157894731,0.8421052631578948,0.76,4,4
cost_3,2025-01-05,naive_forecast,2763.5542936288093,3984.1828254847655,-1220.6285318559562,0.698060941828255,0.6300000000000001,3,3
cost_3,2025-01-06,naive_forecast,0.0,0.0,0.0,0.0,0.0,0,0
cost_3,2025-01-07,naive_forecast,941.4414473684194,3830.0328947368425,-2888.5914473684234,0.6710526315789475,0.605625,3,3
cost_3,2025-01-08,naive_forecast,4234.372299168975,3984.182825484764,250.1894736842105,0.6980609418282548,0.63,3,3
cost_3,2025-01-09,naive_forecast,3987.0659279778406,3984.182825484764,2.8831024930764215,0.6980609418282547,0.63,3,3
cost_3,2025-01-10,naive_forecast,2173.3233552631564,3830.0328947368425,-1656.7095394736862,0.6710526315789475,0.605625,3,3
cost_3,2025-01-11,naive_forecast,2519.7249999999985,2853.7499999999995,-334.025000000001,0.5,0.45124999999999993,2,3
cost_3,2025-01-12,naive_forecast,1656.921052631581,2403.1578947368425,-746.2368421052615,0.42105263157894735,0.3800000000000001,2,2
cost_3,2025-01-13,naive_forecast,0.0,0.0,0.0,0.0,0.0,0,0
cost_3,2025-01-14,naive_forecast,2223.3,2403.157894736842,-179.8578947368419,0.42105263157894735,0.38,2,2
cost_3,2025-01-15,naive_forecast,0.0,0.0,0.0,0.0,0.0,0,0
cost_3,2025-01-16,naive_forecast,1880.7187500000002,1426.8750000000002,453.84375,0.25,0.22562500000000005,1,1
cost_3,2025-01-17,naive_forecast,3130.3749999999995,2853.7499999999995,276.625,0.5,0.45124999999999993,2,3
cost_3,2025-01-18,naive_forecast,6528.90625,4280.625,2248.28125,0.75,0.676875,3,4
cost_3,2025-01-19,naive_forecast,3864.047368421051,4806.315789473685,-942.268421052634,0.8421052631578949,0.76,4,4
cost_3,2025-01-20,naive_forecast,0.0,0.0,0.0,0.0,0.0,0,0
cost_3,2025-01-21,naive_forecast,3898.800554016621,3984.182825484764,-85.38227146814324,0.6980609418282547,0.63,3,3
cost_3,2025-01-22,naive_forecast,5227.724999999999,2853.7499999999995,2373.975,0.5,0.45124999999999993,2,3
cost_3,2025-01-23,naive_forecast,7884.347368421053,4806.315789473685,3078.031578947368,0.8421052631578948,0.76,4,4
cost_3,2025-01-24,naive_forecast,4442.978947368421,4806.315789473685,-363.3368421052637,0.8421052631578948,0.7600000000000001,4,4
cost_3,2025-01-25,naive_forecast,5584.087500000001,2853.75,2730.3375000000005,0.5,0.45125000000000004,2,3
cost_3,2025-01-26,naive_forecast,9505.27894736842,4806.315789473685,4698.963157894736,0.8421052631578949,0.76,4,4
cost_3,2025-01-27,naive_forecast,2332.910526315788,4806.315789473685,-2473.405263157897,0.8421052631578949,0.76,4,4
cost_3,2025-01-28,naive_forecast,2885.9157894736863,4806.315789473685,-1920.3999999999987,0.8421052631578947,0.7600000000000001,4,4
cost_3,2025-01-29,naive_forecast,1398.1062500000005,1426.8750000000002,-28.768749999999727,0.25,0.22562500000000005,1,1
cost_3,2025-01-30,naive_forecast,2576.0562500000005,1426.8750000000002,1149.1812500000003,0.25,0.22562500000000005,1,1
cost_3,2025-01-31,naive_forecast,3631.19861495845,3984.1828254847655,-352.98421052631556,0.698060941828255,0.6300000000000001,3,3
cost_3,2025-02-01,naive_forecast,2016.1772853185598,3162.0498614958447,-1145.8725761772848,0.554016620498615,0.5,3,2
cost_3,2025-02-02,naive_forecast,0.0,0.0,0.0,0.0,0.0,0,0
cost_3,2025-02-03,naive_forecast,0.0,0.0,0.0,0.0,0.0,0,0
cost_3,2025-02-04,naive_forecast,0.0,0.0,0.0,0.0,0.0,0,0
cost_3,2025-02-05,naive_forecast,3265.789473684213,2403.1578947368425,862.6315789473706,0.42105263157894735,0.3800000000000001,2,2
cost_3,2025-02-06,naive_forecast,6865.015322022158,5411.057825484765,1453.9574965373931,0.948060941828255,0.855625,4,4
cost_3,2025-02-07,naive_forecast,6912.28149238227,8573.10768698061,-1660.8261945983395,1.5020775623268698,1.3556249999999999,7,6
cost_3,2025-02-08,naive_forecast,3168.857894736845,2403.1578947368425,765.7000000000025,0.42105263157894735,0.3800000000000001,2,2
cost_3,2025-02-09,naive_forecast,2680.812499999998,2853.7499999999995,-172.93750000000136,0.5,0.45124999999999993,2,3
cost_3,2025-02-10,naive_forecast,2445.7894736842086,2403.1578947368425,42.63157894736605,0.42105263157894746,0.38,2,2
cost_3,2025-02-11,naive_forecast,6172.831544321331,5039.516966759003,1133.3145775623289,0.8829639889196675,0.796875,4,4
cost_3,2025-02-12,naive_forecast,2699.1421052631567,4806.315789473684,-2107.1736842105274,0.8421052631578947,0.76,4,4
cost_3,2025-02-13,naive_forecast,-87.30609418282454,3162.0498614958447,-3249.355955678669,0.5540166204986149,0.5,3,2
cost_3,2025-02-14,naive_forecast,4538.342105263159,2403.157894736843,2135.1842105263163,0.42105263157894746,0.3800000000000001,2,2
cost_3,2025-02-15,naive_forecast,7047.284210526317,4806.315789473685,2240.968421052632,0.8421052631578947,0.7600000000000001,4,4
cost_3,2025-02-16,naive_forecast,4731.805263157895,4806.315789473685,-74.51052631579023,0.8421052631578948,0.76,4,4
cost_3,2025-02-17,naive_forecast,5607.852631578946,4806.315789473684,801.5368421052617,0.8421052631578947,0.76,4,4
cost_3,2025-02-18,naive_forecast,6844.736842105262,4806.315789473684,2038.4210526315783,0.8421052631578947,0.76,4,4
cost_3,2025-02-19,naive_forecast,8120.9052631578925,4806.315789473685,3314.5894736842074,0.8421052631578949,0.76,4,4
cost_3,2025-02-20,naive_forecast,8269.036842105266,4806.315789473685,3462.721052631581,0.8421052631578947,0.7600000000000001,4,4
cost_3,2025-02-21,naive_forecast,7492.705263157893,4806.315789473685,2686.3894736842076,0.8421052631578949,0.76,4,4
cost_3,2025-02-22,naive_forecast,7289.015789473685,4806.315789473685,2482.7,0.8421052631578948,0.7600000000000001,4,4
cost_3,2025-02-23,naive_forecast,6831.110526315789,4806.315789473685,2024.7947368421037,0.8421052631578949,0.76,4,4
cost_3,2025-02-24,naive_forecast,7564.110526315791,4806.315789473685,2757.7947368421055,0.8421052631578949,0.76,4,4
cost_3,2025-02-25,naive_forecast,10422.373684210523,4806.315789473685,5616.057894736838,0.8421052631578949,0.76,4,4
cost_3,2025-02-26,naive_forecast,8413.462603878119,5565.207756232687,2848.254847645432,0.9750692520775623,0.8800000000000001,5,4
cost_3,2025-02-27,naive_forecast,9975.373684210526,4806.315789473685,5169.057894736841,0.8421052631578949,0.76,4,4
cost_3,2025-02-28,naive_forecast,4393.510526315788,4806.315789473685,-412.80526315789666,0.8421052631578949,0.76,4,4
cost_3,2025-03-01,naive_forecast,5745.0375,2853.7499999999995,2891.287500000001,0.49999999999999994,0.45125000000000004,2,3
cost_3,2025-03-02,naive_forecast,6481.75789473684,4806.315789473685,1675.442105263155,0.8421052631578949,0.76,4,4
cost_3,2025-03-03,naive_forecast,-4271.121052631578,4806.315789473684,-9077.436842105262,0.8421052631578947,0.76,4,4
cost_3,2025-03-04,naive_forecast,3516.937171052631,3830.0328947368416,-313.0957236842105,0.6710526315789473,0.605625,3,3
cost_3,2025-03-05,naive_forecast,6710.704432132966,9549.390581717453,-2838.686149584487,1.6731301939058172,1.5100000000000002,8,7
cost_3,2025-03-06,naive_forecast,2290.3967105263146,3830.0328947368425,-1539.636184210528,0.6710526315789475,0.605625,3,3
cost_3,2025-03-07,naive_forecast,6106.2483552631575,3830.0328947368425,2276.215460526315,0.6710526315789475,0.605625,3,3
cost_3,2025-03-08,naive_forecast,5748.171468144045,5565.207756232687,182.9637119113586,0.9750692520775623,0.8800000000000001,5,4
cost_3,2025-03-09,naive_forecast,10266.27894736842,4806.315789473684,5459.9631578947365,0.8421052631578947,0.76,4,4
cost_3,2025-03-10,naive_forecast,5939.7368421052615,4806.315789473685,1133.4210526315765,0.8421052631578949,0.76,4,4
cost_3,2025-03-11,naive_forecast,5397.952631578948,4806.315789473685,591.636842105263,0.8421052631578948,0.76,4,4
cost_3,2025-03-12,naive_forecast,3133.9749999999976,2853.7499999999995,280.2249999999981,0.5,0.4512499999999999,2,3
cost_3,2025-03-13,naive_forecast,3819.0,2853.75,965.25,0.5,0.45125000000000004,2,3
cost_3,2025-03-14,naive_forecast,5380.38947368421,2403.157894736842,2977.2315789473682,0.42105263157894735,0.38,2,2
cost_3,2025-03-15,naive_forecast,2732.484210526317,4806.315789473685,-2073.831578947368,0.8421052631578947,0.7600000000000001,4,4
cost_3,2025-03-16,naive_forecast,0.0,0.0,0.0,0.0,0.0,0,0
cost_3,2025-03-17,naive_forecast,0.0,0.0,0.0,0.0,0.0,0,0
cost_3,2025-03-18,naive_forecast,5516.388157894736,3830.0328947368425,1686.3552631578932,0.6710526315789475,0.605625,3,3
cost_3,2025-03-19,naive_forecast,4928.500000000001,4280.625000000001,647.875,0.75,0.6768750000000001,3,4
cost_3,2025-03-20,naive_forecast,8375.47783933518,7905.124653739613,470.353185595568,1.3850415512465373,1.25,7,5
cost_3,2025-03-21,naive_forecast,9483.354016620497,5565.207756232687,3918.14626038781,0.9750692520775625,0.88,5,4
cost_3,2025-03-22,naive_forecast,8798.978947368421,4806.315789473685,3992.6631578947363,0.8421052631578948,0.7600000000000001,4,4
cost_3,2025-03-23,naive_forecast,7391.378947368422,4806.315789473685,2585.063157894737,0.8421052631578949,0.7600000000000001,4,4
cost_3,2025-03-24,naive_forecast,489.01052631578955,4806.315789473685,-4317.305263157896,0.8421052631578948,0.7600000000000001,4,4
cost_3,2025-03-25,naive_forecast,0.0,0.0,0.0,0.0,0.0,0,0
cost_3,2025-03-26,naive_forecast,7806.478947368422,4806.315789473685,3000.163157894737,0.8421052631578949,0.7600000000000001,4,4
cost_3,2025-03-27,naive_forecast,1853.899999999999,4806.315789473684,-2952.4157894736854,0.8421052631578947,0.76,4,4
cost_3,2025-03-28,naive_forecast,802.9687500000007,1426.8750000000002,-623.9062499999995,0.25,0.22562500000000005,1,1
cost_3,2025-03-29,naive_forecast,0.0,0.0,0.0,0.0,0.0,0,0
cost_3,2025-03-30,naive_forecast,7493.719390581717,3984.182825484765,3509.5365650969516,0.698060941828255,0.63,3,3
cost_3,2025-03-31,naive_forecast,3218.268421052632,4806.315789473685,-1588.0473684210529,0.8421052631578947,0.7600000000000001,4,4
cost_3,2024-04-01,lear_forecast,5930.7125,2853.7499999999995,3076.9625,0.5,0.45125,2,3
cost_3,2024-04-02,lear_forecast,9796.78947368421,4806.315789473684,4990.473684210526,0.8421052631578947,0.76,4,4
cost_3,2024-04-03,lear_forecast,401.98421052631517,4806.315789473685,-4404.33157894737,0.8421052631578948,0.76,4,4
cost_3,2024-04-04,lear_forecast,1834.4736842105267,2403.157894736843,-568.6842105263163,0.42105263157894746,0.3800000000000001,2,2
cost_3,2024-04-05,lear_forecast,2782.781249999999,4280.625,-1497.843750000001,0.75,0.676875,3,4
cost_3,2024-04-06,lear_forecast,6837.07894736842,4806.315789473685,2030.7631578947348,0.8421052631578949,0.76,4,4
cost_3,2024-04-07,lear_forecast,8861.678947368422,4806.315789473685,4055.363157894737,0.8421052631578949,0.7600000000000001,4,4
cost_3,2024-04-08,lear_forecast,1682.6473684210546,2403.1578947368425,-720.510526315788,0.42105263157894735,0.3800000000000001,2,2
cost_3,2024-04-09,lear_forecast,2458.9105263157885,2403.1578947368425,55.752631578945966,0.42105263157894746,0.38,2,2
cost_3,2024-04-10,lear_forecast,5620.88947368421,2403.1578947368425,3217.731578947368,0.42105263157894746,0.38,2,2
cost_3,2024-04-11,lear_forecast,6243.657894736842,4806.315789473685,1437.3421052631566,0.8421052631578949,0.7600000000000001,4,4
cost_3,2024-04-12,lear_forecast,5137.247368421054,2403.1578947368425,2734.089473684211,0.42105263157894735,0.3800000000000001,2,2
cost_3,2024-04-13,lear_forecast,9243.578947368422,4806.315789473685,4437.263157894737,0.8421052631578948,0.7600000000000001,4,4
cost_3,2024-04-14,lear_forecast,8128.778947368421,4806.315789473685,3322.4631578947356,0.8421052631578948,0.7600000000000001,4,4
cost_3,2024-04-15,lear_forecast,5977.237500000001,2853.7500000000005,3123.4875000000006,0.5,0.4512500000000001,2,3
cost_3,2024-04-16,lear_forecast,2220.2124999999987,2853.7499999999995,-633.5375000000008,0.5,0.45125,2,3
cost_3,2024-04-17,lear_forecast,5857.925000000001,2853.75,3004.175000000001,0.5,0.45125000000000004,2,3
cost_3,2024-04-18,lear_forecast,5193.737500000001,2853.7500000000005,2339.9875000000006,0.5,0.4512500000000001,2,3
cost_3,2024-04-19,lear_forecast,4227.58947368421,2403.157894736842,1824.431578947368,0.42105263157894735,0.38,2,2
cost_3,2024-04-20,lear_forecast,7976.978947368421,4806.315789473685,3170.6631578947363,0.8421052631578949,0.7600000000000001,4,4
cost_3,2024-04-21,lear_forecast,3003.905263157894,4806.315789473685,-1802.4105263157912,0.8421052631578948,0.76,4,4
cost_3,2024-04-22,lear_forecast,1234.9578947368434,2403.1578947368425,-1168.1999999999991,0.42105263157894735,0.3800000000000001,2,2
cost_3,2024-04-23,lear_forecast,1388.5526315789477,2403.157894736843,-1014.6052631578953,0.42105263157894746,0.3800000000000001,2,2
cost_3,2024-04-24,lear_forecast,1835.01052631579,2403.157894736843,-568.147368421053,0.42105263157894746,0.3800000000000001,2,2
cost_3,2024-04-25,lear_forecast,5426.58947368421,2403.1578947368425,3023.4315789473676,0.42105263157894746,0.38,2,2
cost_3,2024-04-26,lear_forecast,3331.052631578947,2403.157894736842,927.894736842105,0.42105263157894735,0.38,2,2
cost_3,2024-04-27,lear_forecast,6328.8105263157895,4806.315789473685,1522.4947368421044,0.8421052631578949,0.7600000000000001,4,4
cost_3,2024-04-28,lear_forecast,9364.07894736842,4806.315789473685,4557.763157894735,0.8421052631578949,0.76,4,4
cost_3,2024-04-29,lear_forecast,3635.0125000000007,2853.7500000000005,781.2625000000003,0.5,0.4512500000000001,2,3
cost_3,2024-04-30,lear_forecast,1691.1842105263152,2403.157894736842,-711.9736842105269,0.42105263157894735,0.38,2,2
cost_3,2024-05-01,lear_forecast,641.0894736842092,2403.1578947368425,-1762.0684210526333,0.42105263157894746,0.38,2,2
cost_3,2024-05-02,lear_forecast,5702.08947368421,2403.1578947368425,3298.9315789473676,0.42105263157894746,0.38,2,2
cost_3,2024-05-03,lear_forecast,5709.799999999999,2853.7499999999995,2856.0499999999997,0.5,0.45125,2,3
cost_3,2024-05-04,lear_forecast,8722.378947368423,4806.315789473685,3916.0631578947377,0.8421052631578947,0.7600000000000001,4,4
cost_3,2024-05-05,lear_forecast,8777.178947368422,4806.315789473685,3970.863157894737,0.8421052631578948,0.7600000000000001,4,4
cost_3,2024-05-06,lear_forecast,1366.650000000001,2853.7500000000005,-1487.0999999999995,0.5,0.4512500000000001,2,3
cost_3,2024-05-07,lear_forecast,2370.473684210527,2403.157894736843,-32.68421052631584,0.42105263157894746,0.3800000000000001,2,2
cost_3,2024-05-08,lear_forecast,3538.5500000000015,2853.7500000000005,684.8000000000011,0.5,0.4512500000000001,2,3
cost_3,2024-05-09,lear_forecast,5668.205263157896,2403.157894736843,3265.0473684210533,0.42105263157894746,0.3800000000000001,2,2
cost_3,2024-05-10,lear_forecast,9661.57894736842,4806.315789473685,4855.263157894735,0.8421052631578949,0.76,4,4
cost_3,2024-05-11,lear_forecast,9890.078947368422,4806.315789473685,5083.763157894737,0.8421052631578948,0.76,4,4
cost_3,2024-05-12,lear_forecast,3911.457894736843,4806.315789473685,-894.8578947368419,0.8421052631578947,0.7600000000000001,4,4
cost_3,2024-05-13,lear_forecast,2361.305263157895,2403.157894736842,-41.85263157894724,0.42105263157894735,0.38,2,2
cost_3,2024-05-14,lear_forecast,6406.789473684212,2403.157894736843,4003.631578947369,0.42105263157894746,0.3800000000000001,2,2
cost_3,2024-05-15,lear_forecast,10185.05789473684,4806.315789473685,5378.742105263154,0.8421052631578949,0.76,4,4
cost_3,2024-05-16,lear_forecast,6868.3499999999985,2853.7499999999995,4014.599999999999,0.5,0.45125,2,3
cost_3,2024-05-17,lear_forecast,7096.374999999999,2853.7499999999995,4242.625,0.5,0.45125,2,3
cost_3,2024-05-18,lear_forecast,9054.378947368423,4806.315789473685,4248.063157894738,0.8421052631578949,0.7600000000000001,4,4
cost_3,2024-05-19,lear_forecast,8135.621052631578,4806.315789473685,3329.305263157893,0.8421052631578949,0.76,4,4
cost_3,2024-05-20,lear_forecast,5705.947368421053,2403.1578947368425,3302.789473684211,0.42105263157894735,0.3800000000000001,2,2
cost_3,2024-05-21,lear_forecast,7168.312499999998,2853.7499999999995,4314.562499999998,0.49999999999999994,0.45124999999999993,2,3
cost_3,2024-05-22,lear_forecast,7106.049999999998,2853.7499999999995,4252.299999999999,0.5,0.45125,2,3
cost_3,2024-05-23,lear_forecast,2907.2315789473682,2403.157894736842,504.07368421052615,0.42105263157894735,0.38,2,2
cost_3,2024-05-24,lear_forecast,5476.184210526316,2403.157894736842,3073.0263157894738,0.42105263157894735,0.38,2,2
cost_3,2024-05-25,lear_forecast,8946.87894736842,4806.315789473685,4140.563157894734,0.8421052631578949,0.76,4,4
cost_3,2024-05-26,lear_forecast,9538.17894736842,4806.315789473685,4731.863157894735,0.8421052631578949,0.76,4,4
cost_3,2024-05-27,lear_forecast,2720.1473684210528,2403.157894736842,316.9894736842107,0.42105263157894735,0.38,2,2
cost_3,2024-05-28,lear_forecast,1346.5052631578947,2403.157894736842,-1056.6526315789474,0.42105263157894735,0.38,2,2
cost_3,2024-05-29,lear_forecast,5722.989473684212,2403.157894736843,3319.8315789473686,0.42105263157894746,0.3800000000000001,2,2
cost_3,2024-05-30,lear_forecast,3230.56842105263,4806.315789473685,-1575.747368421055,0.8421052631578949,0.76,4,4
cost_3,2024-05-31,lear_forecast,187.31052631579104,2403.1578947368425,-2215.8473684210517,0.42105263157894735,0.3800000000000001,2,2
cost_3,2024-06-01,lear_forecast,8963.078947368422,4806.315789473685,4156.763157894737,0.8421052631578949,0.76,4,4
cost_3,2024-06-02,lear_forecast,8658.236842105263,4806.315789473685,3851.9210526315783,0.8421052631578949,0.7600000000000001,4,4
cost_3,2024-06-03,lear_forecast,5357.489473684211,2403.157894736842,2954.3315789473686,0.42105263157894735,0.38,2,2
cost_3,2024-06-04,lear_forecast,5604.062499999999,2853.7499999999995,2750.3124999999995,0.5,0.45125,2,3
cost_3,2024-06-05,lear_forecast,6250.075000000001,2853.7500000000005,3396.3250000000003,0.5,0.4512500000000001,2,3
cost_3,2024-06-06,lear_forecast,2550.4124999999995,2853.7499999999995,-303.3375000000001,0.5,0.45125,2,3
cost_3,2024-06-07,lear_forecast,2420.53157894737,2403.1578947368425,17.373684210527244,0.42105263157894735,0.3800000000000001,2,2
cost_3,2024-06-08,lear_forecast,9293.978947368421,4806.315789473685,4487.663157894736,0.8421052631578949,0.76,4,4
cost_3,2024-06-09,lear_forecast,1730.8631578947352,4806.315789473685,-3075.45263157895,0.8421052631578949,0.76,4,4
cost_3,2024-06-10,lear_forecast,3822.189473684212,2403.1578947368425,1419.0315789473693,0.42105263157894735,0.3800000000000001,2,2
cost_3,2024-06-11,lear_forecast,5938.647368421052,2403.1578947368425,3535.4894736842098,0.42105263157894746,0.38,2,2
cost_3,2024-06-12,lear_forecast,4406.373684210526,2403.157894736842,2003.2157894736843,0.42105263157894735,0.38,2,2
cost_3,2024-06-13,lear_forecast,4317.926315789474,2403.157894736842,1914.7684210526318,0.42105263157894735,0.38,2,2
cost_3,2024-06-14,lear_forecast,5884.916897506925,3162.0498614958447,2722.8670360110805,0.554016620498615,0.5,3,2
cost_3,2024-06-15,lear_forecast,4247.941274238226,3984.182825484765,263.75844875346047,0.698060941828255,0.63,3,3
cost_3,2024-06-16,lear_forecast,10144.693905817176,3984.1828254847655,6160.51108033241,0.698060941828255,0.6300000000000001,3,3
cost_3,2024-06-17,lear_forecast,4099.126315789473,2403.157894736842,1695.9684210526307,0.42105263157894735,0.38,2,2
cost_3,2024-06-18,lear_forecast,3565.1835526315786,3830.0328947368416,-264.8493421052631,0.6710526315789473,0.605625,3,3
cost_3,2024-06-19,lear_forecast,5083.105263157893,2403.157894736842,2679.947368421051,0.42105263157894735,0.38,2,2
cost_3,2024-06-20,lear_forecast,3299.134349030471,3162.0498614958447,137.08448753462653,0.554016620498615,0.5,3,2
cost_3,2024-06-21,lear_forecast,935.3473684210525,2403.157894736842,-1467.8105263157895,0.42105263157894735,0.38,2,2
cost_3,2024-06-22,lear_forecast,1649.9249999999993,4280.625,-2630.7000000000007,0.75,0.6768749999999999,3,4
cost_3,2024-06-23,lear_forecast,1646.7947368421042,2403.1578947368425,-756.3631578947384,0.42105263157894746,0.38,2,2
cost_3,2024-06-24,lear_forecast,4237.742105263159,4806.315789473684,-568.5736842105252,0.8421052631578947,0.76,4,4
cost_3,2024-06-25,lear_forecast,2394.4157894736863,2403.1578947368425,-8.74210526315619,0.42105263157894735,0.3800000000000001,2,2
cost_3,2024-06-26,lear_forecast,1370.4684210526334,2403.1578947368425,-1032.6894736842091,0.42105263157894735,0.3800000000000001,2,2
cost_3,2024-06-27,lear_forecast,0.0,0.0,0.0,0.0,0.0,0,0
cost_3,2024-06-28,lear_forecast,0.0,0.0,0.0,0.0,0.0,0,0
cost_3,2024-06-29,lear_forecast,0.0,0.0,0.0,0.0,0.0,0,0
cost_3,2024-06-30,lear_forecast,1999.8578947368408,4806.315789473685,-2806.4578947368445,0.8421052631578949,0.76,4,4
cost_3,2024-07-01,lear_forecast,936.4473684210526,2403.157894736842,-1466.7105263157896,0.42105263157894735,0.38,2,2
cost_3,2024-07-02,lear_forecast,1506.2326869806104,1581.0249307479223,-74.7922437673119,0.2770083102493074,0.25,2,1
cost_3,2024-07-03,lear_forecast,3216.631578947368,2403.1578947368425,813.4736842105253,0.42105263157894746,0.38,2,2
cost_3,2024-07-04,lear_forecast,4365.12105263158,2403.157894736843,1961.963157894737,0.42105263157894746,0.3800000000000001,2,2
cost_3,2024-07-05,lear_forecast,6963.573684210531,4806.315789473685,2157.2578947368456,0.8421052631578947,0.7600000000000001,4,4
cost_3,2024-07-06,lear_forecast,2754.7368421052615,2403.1578947368425,351.578947368419,0.42105263157894746,0.38,2,2
cost_3,2024-07-07,lear_forecast,3765.347368421053,2403.157894736842,1362.189473684211,0.42105263157894735,0.38,2,2
cost_3,2024-07-08,lear_forecast,8119.6578947368425,4806.315789473685,3313.3421052631575,0.8421052631578948,0.7600000000000001,4,4
cost_3,2024-07-09,lear_forecast,11323.157894736845,4806.315789473685,6516.84210526316,0.8421052631578948,0.7600000000000001,4,4
cost_3,2024-07-10,lear_forecast,11522.76315789474,4806.315789473685,6716.447368421055,0.8421052631578947,0.7600000000000001,4,4
cost_3,2024-07-11,lear_forecast,4673.2947368421055,4806.315789473685,-133.02105263157955,0.8421052631578948,0.76,4,4
cost_3,2024-07-12,lear_forecast,1530.7052631578947,4806.315789473684,-3275.6105263157897,0.8421052631578947,0.76,4,4
cost_3,2024-07-13,lear_forecast,2292.952631578948,2403.157894736843,-110.20526315789493,0.42105263157894746,0.3800000000000001,2,2
cost_3,2024-07-14,lear_forecast,1400.9002770083102,3162.0498614958447,-1761.1495844875344,0.554016620498615,0.5,3,2
cost_3,2024-07-15,lear_forecast,2431.5157894736867,4806.315789473685,-2374.7999999999984,0.8421052631578947,0.7600000000000001,4,4
cost_3,2024-07-16,lear_forecast,917.0315789473689,4806.315789473684,-3889.2842105263153,0.8421052631578947,0.76,4,4
cost_3,2024-07-17,lear_forecast,1188.7828947368412,3830.0328947368425,-2641.2500000000014,0.6710526315789475,0.605625,3,3
cost_3,2024-07-18,lear_forecast,2253.0687500000004,1426.8750000000002,826.1937500000001,0.25,0.22562500000000005,1,1
cost_3,2024-07-19,lear_forecast,3068.6947368421074,2403.1578947368425,665.5368421052649,0.42105263157894735,0.3800000000000001,2,2
cost_3,2024-07-20,lear_forecast,4028.608552631578,3830.0328947368425,198.5756578947353,0.6710526315789475,0.605625,3,3
cost_3,2024-07-21,lear_forecast,6211.943092105264,3830.0328947368416,2381.910197368423,0.6710526315789473,0.605625,3,3
cost_3,2024-07-22,lear_forecast,12096.052631578947,4806.315789473684,7289.736842105262,0.8421052631578947,0.76,4,4
cost_3,2024-07-23,lear_forecast,11693.421052631586,4806.315789473685,6887.1052631579005,0.8421052631578947,0.7600000000000001,4,4
cost_3,2024-07-24,lear_forecast,8246.926315789477,4806.315789473685,3440.6105263157915,0.8421052631578947,0.7600000000000001,4,4
cost_3,2024-07-25,lear_forecast,5669.47368421053,4806.315789473685,863.1578947368453,0.8421052631578947,0.7600000000000001,4,4
cost_3,2024-07-26,lear_forecast,6342.210526315793,4806.315789473684,1535.8947368421086,0.8421052631578947,0.76,4,4
cost_3,2024-07-27,lear_forecast,5274.542105263158,3830.0328947368416,1444.5092105263166,0.6710526315789473,0.605625,3,3
cost_3,2024-07-28,lear_forecast,7844.473684210526,4806.315789473685,3038.1578947368407,0.8421052631578948,0.7600000000000001,4,4
cost_3,2024-07-29,lear_forecast,8566.973684210525,4806.315789473684,3760.6578947368407,0.8421052631578947,0.76,4,4
cost_3,2024-07-30,lear_forecast,11647.763157894742,4806.315789473685,6841.447368421057,0.8421052631578947,0.7600000000000001,4,4
cost_3,2024-07-31,lear_forecast,11440.26315789474,4806.315789473684,6633.947368421056,0.8421052631578947,0.76,4,4
cost_3,2024-08-01,lear_forecast,12971.400000000003,4806.315789473685,8165.084210526318,0.8421052631578948,0.7600000000000001,4,4
cost_3,2024-08-02,lear_forecast,5978.826315789475,4806.315789473685,1172.5105263157902,0.8421052631578948,0.7600000000000001,4,4
cost_3,2024-08-03,lear_forecast,4269.051246537395,4743.074792243768,-474.0235457063727,0.8310249307479225,0.75,4,3
cost_3,2024-08-04,lear_forecast,5018.670360110803,4743.074792243768,275.59556786703524,0.8310249307479224,0.75,4,3
cost_3,2024-08-05,lear_forecast,5354.805263157895,4806.315789473684,548.4894736842107,0.8421052631578947,0.76,4,4
cost_3,2024-08-06,lear_forecast,5069.063157894739,4806.315789473685,262.7473684210536,0.8421052631578948,0.7600000000000001,4,4
cost_3,2024-08-07,lear_forecast,4206.599999999999,4806.315789473684,-599.7157894736847,0.8421052631578947,0.76,4,4
cost_3,2024-08-08,lear_forecast,5536.994736842104,4806.315789473685,730.6789473684194,0.8421052631578948,0.76,4,4
cost_3,2024-08-09,lear_forecast,5293.08421052632,4806.315789473685,486.76842105263495,0.8421052631578947,0.7600000000000001,4,4
cost_3,2024-08-10,lear_forecast,4170.067763157894,3830.0328947368425,340.0348684210512,0.6710526315789475,0.605625,3,3
cost_3,2024-08-11,lear_forecast,3377.3947368421072,2403.1578947368425,974.2368421052647,0.42105263157894735,0.3800000000000001,2,2
cost_3,2024-08-12,lear_forecast,4190.110526315793,4806.315789473685,-616.2052631578917,0.8421052631578947,0.7600000000000001,4,4
cost_3,2024-08-13,lear_forecast,3675.4049342105254,3830.0328947368425,-154.6279605263171,0.6710526315789475,0.605625,3,3
cost_3,2024-08-14,lear_forecast,3514.5498614958433,4743.074792243768,-1228.5249307479244,0.8310249307479225,0.75,4,3
cost_3,2024-08-15,lear_forecast,3228.832236842106,3830.0328947368425,-601.2006578947367,0.6710526315789475,0.605625,3,3
cost_3,2024-08-16,lear_forecast,3154.099013157895,3830.0328947368416,-675.9338815789465,0.6710526315789473,0.605625,3,3
cost_3,2024-08-17,lear_forecast,3757.1263157894746,2403.157894736843,1353.9684210526316,0.42105263157894746,0.3800000000000001,2,2
cost_3,2024-08-18,lear_forecast,6612.51385041551,4743.074792243768,1869.4390581717425,0.8310249307479225,0.75,4,3
cost_3,2024-08-19,lear_forecast,5535.052631578949,4806.315789473684,728.7368421052652,0.8421052631578947,0.76,4,4
cost_3,2024-08-20,lear_forecast,4940.942105263156,4806.315789473685,134.62631578947094,0.8421052631578948,0.76,4,4
cost_3,2024-08-21,lear_forecast,5274.466759002768,4743.074792243768,531.3919667590008,0.8310249307479225,0.75,4,3
cost_3,2024-08-22,lear_forecast,3295.754847645427,4743.074792243768,-1447.3199445983405,0.8310249307479225,0.75,4,3
cost_3,2024-08-23,lear_forecast,4079.7184210526307,3830.0328947368425,249.68552631578814,0.6710526315789475,0.605625,3,3
cost_3,2024-08-24,lear_forecast,2381.1105263157897,2403.157894736843,-22.047368421053307,0.42105263157894746,0.3800000000000001,2,2
cost_3,2024-08-25,lear_forecast,1507.7473684210534,2403.157894736843,-895.4105263157896,0.42105263157894746,0.3800000000000001,2,2
cost_3,2024-08-26,lear_forecast,4656.414802631577,3830.0328947368416,826.3819078947354,0.6710526315789473,0.605625,3,3
cost_3,2024-08-27,lear_forecast,5106.242105263162,4806.315789473684,299.9263157894775,0.8421052631578947,0.76,4,4
cost_3,2024-08-28,lear_forecast,5587.742105263159,4806.315789473684,781.4263157894748,0.8421052631578947,0.76,4,4
cost_3,2024-08-29,lear_forecast,4189.742105263161,4806.315789473685,-616.5736842105243,0.8421052631578947,0.7600000000000001,4,4
cost_3,2024-08-30,lear_forecast,9714.056907894736,3830.0328947368425,5884.024013157893,0.6710526315789475,0.605625,3,3
cost_3,2024-08-31,lear_forecast,871.1999999999999,2403.157894736842,-1531.9578947368423,0.42105263157894735,0.38,2,2
cost_3,2024-09-01,lear_forecast,3562.7631578947357,2403.1578947368425,1159.6052631578932,0.42105263157894746,0.38,2,2
cost_3,2024-09-02,lear_forecast,5635.926315789474,4806.315789473684,829.6105263157897,0.8421052631578947,0.76,4,4
cost_3,2024-09-03,lear_forecast,4168.973684210528,4806.315789473684,-637.3421052631566,0.8421052631578947,0.76,4,4
cost_3,2024-09-04,lear_forecast,4098.640131578945,3830.0328947368425,268.6072368421028,0.6710526315789475,0.605625,3,3
cost_3,2024-09-05,lear_forecast,3885.599999999999,2403.1578947368425,1482.4421052631565,0.42105263157894746,0.38,2,2
cost_3,2024-09-06,lear_forecast,5573.784210526315,4806.315789473685,767.4684210526302,0.8421052631578948,0.76,4,4
cost_3,2024-09-07,lear_forecast,2140.347368421051,2403.1578947368425,-262.8105263157913,0.42105263157894746,0.38,2,2
cost_3,2024-09-08,lear_forecast,3308.6210526315804,2403.1578947368425,905.4631578947378,0.42105263157894735,0.3800000000000001,2,2
cost_3,2024-09-09,lear_forecast,10974.802631578948,3830.0328947368416,7144.769736842107,0.6710526315789473,0.605625,3,3
cost_3,2024-09-10,lear_forecast,11058.026315789473,4806.315789473685,6251.710526315788,0.8421052631578948,0.76,4,4
cost_3,2024-09-11,lear_forecast,13694.789473684214,4806.315789473684,8888.47368421053,0.8421052631578947,0.76,4,4
cost_3,2024-09-12,lear_forecast,8620.252631578946,4806.315789473684,3813.9368421052613,0.8421052631578947,0.76,4,4
cost_3,2024-09-13,lear_forecast,9162.036842105264,4806.315789473684,4355.72105263158,0.8421052631578947,0.76,4,4
cost_3,2024-09-14,lear_forecast,5802.847368421052,4806.315789473685,996.531578947367,0.8421052631578948,0.76,4,4
cost_3,2024-09-15,lear_forecast,2832.7493074792255,4743.074792243768,-1910.3254847645421,0.8310249307479224,0.75,4,3
cost_3,2024-09-16,lear_forecast,4677.363157894735,4806.315789473685,-128.95263157894988,0.8421052631578948,0.76,4,4
cost_3,2024-09-17,lear_forecast,16146.184210526322,4806.315789473685,11339.868421052637,0.8421052631578948,0.7600000000000001,4,4
cost_3,2024-09-18,lear_forecast,16196.315789473683,4806.315789473685,11389.999999999998,0.8421052631578948,0.76,4,4
cost_3,2024-09-19,lear_forecast,18519.23157894736,4806.315789473685,13712.915789473676,0.8421052631578948,0.76,4,4
cost_3,2024-09-20,lear_forecast,15666.05263157895,4806.315789473684,10859.736842105267,0.8421052631578947,0.76,4,4
cost_3,2024-09-21,lear_forecast,4090.0000000000027,4806.315789473684,-716.3157894736814,0.8421052631578947,0.76,4,4
cost_3,2024-09-22,lear_forecast,2356.3506578947377,3830.0328947368416,-1473.682236842104,0.6710526315789473,0.605625,3,3
cost_3,2024-09-23,lear_forecast,2193.7858552631574,3830.0328947368425,-1636.2470394736852,0.6710526315789475,0.605625,3,3
cost_3,2024-09-24,lear_forecast,6345.927977839335,4743.074792243768,1602.853185595567,0.8310249307479224,0.75,4,3
cost_3,2024-09-25,lear_forecast,4301.05263157895,4806.315789473685,-505.26315789473483,0.8421052631578947,0.7600000000000001,4,4
cost_3,2024-09-26,lear_forecast,6100.452631578947,4806.315789473685,1294.136842105262,0.8421052631578948,0.76,4,4
cost_3,2024-09-27,lear_forecast,4669.4263157894775,4806.315789473685,-136.8894736842076,0.8421052631578947,0.7600000000000001,4,4
cost_3,2024-09-28,lear_forecast,1390.526315789474,2403.157894736843,-1012.631578947369,0.42105263157894746,0.3800000000000001,2,2
cost_3,2024-09-29,lear_forecast,1257.1157894736857,2403.1578947368425,-1146.0421052631568,0.42105263157894735,0.3800000000000001,2,2
cost_3,2024-09-30,lear_forecast,1717.6937500000008,1426.8750000000002,290.8187500000006,0.25,0.22562500000000005,1,1
cost_3,2024-10-01,lear_forecast,3890.042105263158,2403.157894736842,1486.884210526316,0.42105263157894735,0.38,2,2
cost_3,2024-10-02,lear_forecast,6607.8105263157895,4806.315789473685,1801.4947368421044,0.8421052631578948,0.76,4,4
cost_3,2024-10-03,lear_forecast,5357.226315789475,4806.315789473684,550.9105263157908,0.8421052631578947,0.76,4,4
cost_3,2024-10-04,lear_forecast,3463.005592105265,3830.0328947368416,-367.02730263157673,0.6710526315789473,0.605625,3,3
cost_3,2024-10-05,lear_forecast,2106.257894736842,2403.157894736843,-296.900000000001,0.42105263157894746,0.3800000000000001,2,2
cost_3,2024-10-06,lear_forecast,4058.584210526316,2403.157894736842,1655.4263157894738,0.42105263157894735,0.38,2,2
cost_3,2024-10-07,lear_forecast,4064.238486842106,3830.0328947368416,234.20559210526426,0.6710526315789473,0.605625,3,3
cost_3,2024-10-08,lear_forecast,3528.6075657894717,3830.0328947368425,-301.4253289473709,0.6710526315789475,0.605625,3,3
cost_3,2024-10-09,lear_forecast,4372.726315789474,2403.157894736842,1969.568421052632,0.42105263157894735,0.38,2,2
cost_3,2024-10-10,lear_forecast,5506.942105263159,2403.157894736842,3103.7842105263167,0.42105263157894735,0.38,2,2
cost_3,2024-10-11,lear_forecast,7285.194736842104,2403.157894736842,4882.036842105263,0.42105263157894735,0.38,2,2
cost_3,2024-10-12,lear_forecast,9383.178947368422,4806.315789473685,4576.863157894737,0.8421052631578947,0.7600000000000001,4,4
cost_3,2024-10-13,lear_forecast,9519.97894736842,4806.315789473685,4713.6631578947345,0.8421052631578948,0.76,4,4
cost_3,2024-10-14,lear_forecast,3287.8842105263157,2403.157894736842,884.7263157894736,0.42105263157894735,0.38,2,2
cost_3,2024-10-15,lear_forecast,3959.1250000000014,2853.7500000000005,1105.375000000001,0.5,0.4512500000000001,2,3
cost_3,2024-10-16,lear_forecast,2526.242105263157,2403.157894736842,123.08421052631502,0.42105263157894735,0.38,2,2
cost_3,2024-10-17,lear_forecast,3537.773684210525,2403.1578947368425,1134.6157894736825,0.42105263157894746,0.38,2,2
cost_3,2024-10-18,lear_forecast,8151.457894736844,4806.315789473684,3345.1421052631595,0.8421052631578947,0.76,4,4
cost_3,2024-10-19,lear_forecast,1682.7473684210527,4806.315789473685,-3123.5684210526324,0.8421052631578949,0.7600000000000001,4,4
cost_3,2024-10-20,lear_forecast,9961.74736842105,4806.315789473685,5155.431578947366,0.8421052631578949,0.76,4,4
cost_3,2024-10-21,lear_forecast,3788.4526315789494,2403.1578947368425,1385.2947368421069,0.42105263157894735,0.3800000000000001,2,2
cost_3,2024-10-22,lear_forecast,3097.1052631578946,2403.157894736842,693.9473684210525,0.42105263157894735,0.38,2,2
cost_3,2024-10-23,lear_forecast,4285.702302631577,3830.0328947368425,455.66940789473483,0.6710526315789475,0.605625,3,3
cost_3,2024-10-24,lear_forecast,6488.157894736841,4806.315789473685,1681.8421052631556,0.8421052631578948,0.76,4,4
cost_3,2024-10-25,lear_forecast,4636.775986842106,3830.0328947368416,806.7430921052646,0.6710526315789473,0.605625,3,3
cost_3,2024-10-26,lear_forecast,2005.1499999999987,2853.7499999999995,-848.6000000000008,0.5,0.45124999999999993,2,3
cost_3,2024-10-27,lear_forecast,2710.3684210526308,4806.315789473685,-2095.9473684210543,0.8421052631578948,0.76,4,4
cost_3,2024-10-28,lear_forecast,4099.605263157894,2403.157894736842,1696.447368421052,0.42105263157894735,0.38,2,2
cost_3,2024-10-29,lear_forecast,4539.863486842107,3830.0328947368416,709.8305921052652,0.6710526315789473,0.605625,3,3
cost_3,2024-10-30,lear_forecast,4767.823684210526,3830.0328947368416,937.7907894736845,0.6710526315789473,0.605625,3,3
cost_3,2024-10-31,lear_forecast,2535.0842105263146,2403.1578947368425,131.92631578947203,0.42105263157894746,0.38,2,2
cost_3,2024-11-01,lear_forecast,1307.4307479224387,1581.0249307479223,-273.5941828254836,0.2770083102493074,0.25,2,1
cost_3,2024-11-02,lear_forecast,0.0,0.0,0.0,0.0,0.0,0,0
cost_3,2024-11-03,lear_forecast,4889.489473684211,2403.157894736842,2486.3315789473686,0.42105263157894735,0.38,2,2
cost_3,2024-11-04,lear_forecast,5350.7947368421055,2403.157894736842,2947.6368421052634,0.42105263157894735,0.38,2,2
cost_3,2024-11-05,lear_forecast,3996.6842105263177,2403.1578947368425,1593.5263157894751,0.42105263157894735,0.3800000000000001,2,2
cost_3,2024-11-06,lear_forecast,3808.657894736841,2403.1578947368425,1405.4999999999986,0.42105263157894746,0.38,2,2
cost_3,2024-11-07,lear_forecast,5253.131578947368,2403.1578947368425,2849.973684210526,0.42105263157894746,0.38,2,2
cost_3,2024-11-08,lear_forecast,4191.884210526317,2403.157894736842,1788.7263157894745,0.42105263157894735,0.38,2,2
cost_3,2024-11-09,lear_forecast,5055.352631578949,4806.315789473685,249.03684210526353,0.8421052631578949,0.7600000000000001,4,4
cost_3,2024-11-10,lear_forecast,3875.1473684210528,4806.315789473685,-931.1684210526323,0.8421052631578948,0.7600000000000001,4,4
cost_3,2024-11-11,lear_forecast,5291.8421052631575,2403.157894736842,2888.6842105263154,0.42105263157894735,0.38,2,2
cost_3,2024-11-12,lear_forecast,5291.842105263159,2403.1578947368425,2888.6842105263167,0.42105263157894735,0.3800000000000001,2,2
cost_3,2024-11-13,lear_forecast,6102.436842105262,2403.157894736842,3699.27894736842,0.42105263157894735,0.38,2,2
cost_3,2024-11-14,lear_forecast,4323.68947368421,2403.157894736842,1920.5315789473675,0.42105263157894735,0.38,2,2
cost_3,2024-11-15,lear_forecast,2012.4000000000008,2403.157894736842,-390.7578947368413,0.42105263157894735,0.38,2,2
cost_3,2024-11-16,lear_forecast,1232.9631578947362,2403.157894736842,-1170.1947368421058,0.42105263157894735,0.38,2,2
cost_3,2024-11-17,lear_forecast,3071.8999999999983,4280.625,-1208.7250000000017,0.75,0.6768749999999999,3,4
cost_3,2024-11-18,lear_forecast,4089.2684210526318,2403.157894736842,1686.1105263157897,0.42105263157894735,0.38,2,2
cost_3,2024-11-19,lear_forecast,3681.8789473684205,2403.157894736842,1278.7210526315785,0.42105263157894735,0.38,2,2
cost_3,2024-11-20,lear_forecast,4745.713157894736,3830.0328947368416,915.6802631578939,0.6710526315789473,0.605625,3,3
cost_3,2024-11-21,lear_forecast,6506.226315789475,4806.315789473684,1699.9105263157908,0.8421052631578947,0.76,4,4
cost_3,2024-11-22,lear_forecast,3463.0618421052636,3830.0328947368416,-366.971052631578,0.6710526315789473,0.605625,3,3
cost_3,2024-11-23,lear_forecast,2890.9421052631574,2403.157894736842,487.7842105263153,0.42105263157894735,0.38,2,2
cost_3,2024-11-24,lear_forecast,4130.907479224376,3984.182825484765,146.7246537396113,0.698060941828255,0.63,3,3
cost_3,2024-11-25,lear_forecast,7776.6812500000015,3830.0328947368416,3946.64835526316,0.6710526315789473,0.605625,3,3
cost_3,2024-11-26,lear_forecast,4497.248684210526,3830.0328947368416,667.2157894736847,0.6710526315789473,0.605625,3,3
cost_3,2024-11-27,lear_forecast,5199.199999999999,4280.625,918.5749999999989,0.75,0.6768749999999999,3,4
cost_3,2024-11-28,lear_forecast,4178.875000000001,2853.7500000000005,1325.1250000000005,0.5,0.4512500000000001,2,3
cost_3,2024-11-29,lear_forecast,2875.2842105263157,2403.157894736842,472.12631578947367,0.42105263157894735,0.38,2,2
cost_3,2024-11-30,lear_forecast,1344.705263157896,2403.1578947368425,-1058.4526315789465,0.42105263157894735,0.3800000000000001,2,2
cost_3,2024-12-01,lear_forecast,5466.489473684212,2403.157894736843,3063.3315789473686,0.42105263157894746,0.3800000000000001,2,2
cost_3,2024-12-02,lear_forecast,4010.98947368421,2403.157894736842,1607.8315789473681,0.42105263157894735,0.38,2,2
cost_3,2024-12-03,lear_forecast,5955.831578947368,4806.315789473685,1149.515789473683,0.8421052631578949,0.7600000000000001,4,4
cost_3,2024-12-04,lear_forecast,5135.825000000001,2853.7500000000005,2282.0750000000003,0.5,0.4512500000000001,2,3
cost_3,2024-12-05,lear_forecast,2127.8421052631575,2403.157894736843,-275.3157894736855,0.42105263157894746,0.3800000000000001,2,2
cost_3,2024-12-06,lear_forecast,3055.449999999999,2853.7499999999995,201.69999999999936,0.5,0.45124999999999993,2,3
cost_3,2024-12-07,lear_forecast,4268.031578947367,4806.315789473685,-538.284210526318,0.8421052631578949,0.76,4,4
cost_3,2024-12-08,lear_forecast,6389.063157894738,4806.315789473685,1582.7473684210527,0.8421052631578948,0.7600000000000001,4,4
cost_3,2024-12-09,lear_forecast,2606.4473684210543,2403.1578947368425,203.28947368421177,0.42105263157894735,0.3800000000000001,2,2
cost_3,2024-12-10,lear_forecast,2639.8684210526303,2403.1578947368425,236.71052631578777,0.42105263157894746,0.38,2,2
cost_3,2024-12-11,lear_forecast,2886.4249999999993,2853.7499999999995,32.67499999999973,0.5,0.45124999999999993,2,3
cost_3,2024-12-12,lear_forecast,3864.7624999999994,2853.7499999999995,1011.0124999999998,0.5,0.45124999999999993,2,3
cost_3,2024-12-13,lear_forecast,2633.5749999999994,2853.7499999999995,-220.17500000000018,0.5,0.45124999999999993,2,3
cost_3,2024-12-14,lear_forecast,5961.452631578949,4806.315789473685,1155.136842105264,0.8421052631578949,0.7600000000000001,4,4
cost_3,2024-12-15,lear_forecast,2651.649999999999,2853.7499999999995,-202.10000000000036,0.5,0.45125,2,3
cost_3,2024-12-16,lear_forecast,2522.678947368423,2403.1578947368425,119.52105263158046,0.42105263157894735,0.3800000000000001,2,2
cost_3,2024-12-17,lear_forecast,2362.8947368421036,2403.1578947368425,-40.263157894738924,0.42105263157894746,0.38,2,2
cost_3,2024-12-18,lear_forecast,2708.6894736842114,2403.157894736843,305.5315789473684,0.42105263157894746,0.3800000000000001,2,2
cost_3,2024-12-19,lear_forecast,4093.242105263159,2403.157894736843,1690.084210526316,0.42105263157894746,0.3800000000000001,2,2
cost_3,2024-12-20,lear_forecast,4661.806249999999,4280.625,381.1812499999987,0.75,0.676875,3,4
cost_3,2024-12-21,lear_forecast,1777.4526315789471,4806.315789473685,-3028.863157894738,0.8421052631578949,0.76,4,4
cost_3,2024-12-22,lear_forecast,3531.978947368422,2403.1578947368425,1128.8210526315793,0.42105263157894735,0.3800000000000001,2,2
cost_3,2024-12-23,lear_forecast,4873.889473684209,4806.315789473684,67.57368421052524,0.8421052631578947,0.76,4,4
cost_3,2024-12-24,lear_forecast,2910.9578947368414,2403.157894736842,507.7999999999993,0.42105263157894735,0.38,2,2
cost_3,2024-12-25,lear_forecast,3375.8875000000007,2853.7500000000005,522.1375000000003,0.5,0.4512500000000001,2,3
cost_3,2024-12-26,lear_forecast,2145.4750000000004,2853.7500000000005,-708.2750000000001,0.5,0.4512500000000001,2,3
cost_3,2024-12-27,lear_forecast,1554.2105263157887,2403.157894736842,-848.9473684210534,0.42105263157894735,0.38,2,2
cost_3,2024-12-28,lear_forecast,1590.034626038781,1581.0249307479223,9.009695290858645,0.2770083102493075,0.25,2,1
cost_3,2024-12-29,lear_forecast,3550.7459833795006,3984.182825484765,-433.43684210526453,0.698060941828255,0.63,3,3
cost_3,2024-12-30,lear_forecast,3476.0368421052626,2403.1578947368425,1072.87894736842,0.42105263157894746,0.38,2,2
cost_3,2024-12-31,lear_forecast,5160.85,2853.7499999999995,2307.100000000001,0.49999999999999994,0.45125000000000004,2,3
cost_3,2025-01-01,lear_forecast,8706.88125,4280.625000000001,4426.256249999999,0.75,0.6768750000000001,3,4
cost_3,2025-01-02,lear_forecast,8607.887499999999,4280.625,4327.262499999999,0.75,0.6768749999999999,3,4
cost_3,2025-01-03,lear_forecast,4232.424999999999,2853.7499999999995,1378.6749999999997,0.5,0.45124999999999993,2,3
cost_3,2025-01-04,lear_forecast,5050.54210526316,4806.315789473685,244.22631578947494,0.8421052631578948,0.7600000000000001,4,4
cost_3,2025-01-05,lear_forecast,3089.178947368419,4806.315789473685,-1717.1368421052662,0.8421052631578949,0.76,4,4
cost_3,2025-01-06,lear_forecast,1013.8999999999992,2403.1578947368425,-1389.2578947368434,0.42105263157894746,0.38,2,2
cost_3,2025-01-07,lear_forecast,2283.1578947368416,2403.1578947368425,-120.00000000000091,0.42105263157894746,0.38,2,2
cost_3,2025-01-08,lear_forecast,4174.924999999998,4280.625,-105.70000000000164,0.75,0.6768749999999999,3,4
cost_3,2025-01-09,lear_forecast,3532.7249999999995,2853.7499999999995,678.9749999999999,0.5,0.45124999999999993,2,3
cost_3,2025-01-10,lear_forecast,3631.875986842105,3830.0328947368416,-198.15690789473683,0.6710526315789473,0.605625,3,3
cost_3,2025-01-11,lear_forecast,3824.99861495845,3984.1828254847655,-159.18421052631538,0.698060941828255,0.6300000000000001,3,3
cost_3,2025-01-12,lear_forecast,1707.921052631579,2403.157894736843,-695.236842105264,0.42105263157894746,0.3800000000000001,2,2
cost_3,2025-01-13,lear_forecast,3354.4072368421052,3830.0328947368425,-475.6256578947373,0.6710526315789475,0.605625,3,3
cost_3,2025-01-14,lear_forecast,2255.799999999999,2403.1578947368425,-147.35789473684372,0.42105263157894746,0.38,2,2
cost_3,2025-01-15,lear_forecast,2579.374999999999,2853.7499999999995,-274.37500000000045,0.5,0.45124999999999993,2,3
cost_3,2025-01-16,lear_forecast,3165.8157894736823,2403.1578947368425,762.6578947368398,0.42105263157894746,0.38,2,2
cost_3,2025-01-17,lear_forecast,3676.5499999999993,2853.7499999999995,822.7999999999997,0.5,0.45124999999999993,2,3
cost_3,2025-01-18,lear_forecast,6883.568421052633,4806.315789473685,2077.2526315789482,0.8421052631578948,0.7600000000000001,4,4
cost_3,2025-01-19,lear_forecast,3157.9062499999986,4280.625000000001,-1122.7187500000023,0.7500000000000002,0.6768750000000001,3,4
cost_3,2025-01-20,lear_forecast,2746.415789473683,2403.1578947368425,343.2578947368406,0.42105263157894746,0.38,2,2
cost_3,2025-01-21,lear_forecast,3253.174999999999,2853.7499999999995,399.4249999999993,0.5,0.45124999999999993,2,3
cost_3,2025-01-22,lear_forecast,4408.642105263157,2403.1578947368425,2005.4842105263142,0.42105263157894746,0.38,2,2
cost_3,2025-01-23,lear_forecast,5228.549999999999,2853.7499999999995,2374.7999999999997,0.5,0.45124999999999993,2,2
cost_3,2025-01-24,lear_forecast,3408.274999999999,2853.7499999999995,554.5249999999996,0.5,0.45125,2,3
cost_3,2025-01-25,lear_forecast,9125.684210526317,4806.315789473685,4319.368421052632,0.8421052631578947,0.7600000000000001,4,4
cost_3,2025-01-26,lear_forecast,9016.98947368421,4806.315789473685,4210.673684210526,0.8421052631578949,0.7600000000000001,4,4
cost_3,2025-01-27,lear_forecast,2542.337499999999,2853.7499999999995,-311.41250000000036,0.5,0.45124999999999993,2,3
cost_3,2025-01-28,lear_forecast,2781.8499999999995,2853.7499999999995,-71.90000000000009,0.5,0.45124999999999993,2,3
cost_3,2025-01-29,lear_forecast,2694.1999999999985,2853.7499999999995,-159.5500000000011,0.5,0.45124999999999993,2,3
cost_3,2025-01-30,lear_forecast,4549.424999999998,2853.7499999999995,1695.6749999999988,0.5,0.45124999999999993,2,3
cost_3,2025-01-31,lear_forecast,3006.6249999999986,2853.7499999999995,152.8749999999991,0.5,0.45124999999999993,2,3
cost_3,2025-02-01,lear_forecast,2645.7263157894727,4806.315789473685,-2160.5894736842124,0.8421052631578949,0.76,4,4
cost_3,2025-02-02,lear_forecast,766.036842105263,2403.157894736843,-1637.12105263158,0.42105263157894746,0.3800000000000001,2,2
cost_3,2025-02-03,lear_forecast,1445.0421052631573,2403.1578947368425,-958.1157894736853,0.42105263157894746,0.38,2,2
cost_3,2025-02-04,lear_forecast,0.0,0.0,0.0,0.0,0.0,0,0
cost_3,2025-02-05,lear_forecast,3276.842105263159,2403.157894736843,873.6842105263158,0.42105263157894746,0.3800000000000001,2,2
cost_3,2025-02-06,lear_forecast,4790.333881578945,3830.0328947368425,960.3009868421022,0.6710526315789475,0.605625,3,3
cost_3,2025-02-07,lear_forecast,3588.540062326867,3612.6419667590026,-24.101904432135598,0.6329639889196677,0.5712499999999999,3,3
cost_3,2025-02-08,lear_forecast,2910.126315789475,2403.157894736843,506.96842105263204,0.42105263157894746,0.3800000000000001,2,2
cost_3,2025-02-09,lear_forecast,2738.157894736844,2403.1578947368425,335.00000000000136,0.42105263157894735,0.3800000000000001,2,2
cost_3,2025-02-10,lear_forecast,2837.4210526315806,2403.1578947368425,434.263157894738,0.42105263157894735,0.3800000000000001,2,2
cost_3,2025-02-11,lear_forecast,4665.7874999999985,2853.7499999999995,1812.037499999999,0.5,0.45124999999999993,2,3
cost_3,2025-02-12,lear_forecast,2549.5562499999983,4280.625,-1731.0687500000017,0.75,0.6768749999999999,3,4
cost_3,2025-02-13,lear_forecast,2612.7999999999984,2853.7499999999995,-240.95000000000118,0.5,0.45124999999999993,2,3
cost_3,2025-02-14,lear_forecast,5627.324999999999,2853.7499999999995,2773.5749999999994,0.5,0.45124999999999993,2,3
cost_3,2025-02-15,lear_forecast,6308.252631578947,4806.315789473685,1501.9368421052623,0.8421052631578949,0.76,4,4
cost_3,2025-02-16,lear_forecast,5669.752631578948,4806.315789473685,863.4368421052632,0.8421052631578947,0.7600000000000001,4,4
cost_3,2025-02-17,lear_forecast,6143.449999999998,4280.625,1862.824999999998,0.75,0.6768749999999999,3,4
cost_3,2025-02-18,lear_forecast,4433.749999999998,2853.749999999999,1579.999999999999,0.49999999999999994,0.4512499999999999,2,3
cost_3,2025-02-19,lear_forecast,8182.005263157892,4806.315789473685,3375.689473684207,0.8421052631578949,0.76,4,4
cost_3,2025-02-20,lear_forecast,5397.51471606648,3612.6419667590026,1784.8727493074775,0.6329639889196677,0.5712499999999999,3,3
cost_3,2025-02-21,lear_forecast,7367.968421052632,4806.315789473685,2561.652631578947,0.8421052631578948,0.76,4,4
cost_3,2025-02-22,lear_forecast,7546.53157894737,4806.315789473685,2740.2157894736847,0.8421052631578948,0.7600000000000001,4,4
cost_3,2025-02-23,lear_forecast,6483.015789473683,4806.315789473685,1676.699999999998,0.8421052631578949,0.76,4,4
cost_3,2025-02-24,lear_forecast,5261.212499999999,2853.7499999999995,2407.462499999999,0.5,0.45124999999999993,2,3
cost_3,2025-02-25,lear_forecast,10186.71182479224,5039.516966759003,5147.194858033238,0.8829639889196677,0.7968749999999999,4,4
cost_3,2025-02-26,lear_forecast,8397.968421052632,4806.315789473685,3591.652631578947,0.8421052631578948,0.76,4,4
cost_3,2025-02-27,lear_forecast,10010.96842105263,4806.315789473685,5204.652631578945,0.8421052631578949,0.76,4,4
cost_3,2025-02-28,lear_forecast,4370.289473684212,4806.315789473685,-436.0263157894733,0.8421052631578947,0.7600000000000001,4,4
cost_3,2025-03-01,lear_forecast,9585.852631578948,4806.315789473685,4779.536842105263,0.8421052631578948,0.7600000000000001,4,4
cost_3,2025-03-02,lear_forecast,6786.978947368422,4806.315789473685,1980.6631578947372,0.8421052631578948,0.7600000000000001,4,4
cost_3,2025-03-03,lear_forecast,-443.8124999999977,2853.75,-3297.5624999999977,0.5,0.45125000000000004,2,3
cost_3,2025-03-04,lear_forecast,5297.156249999999,4280.625,1016.5312499999991,0.75,0.6768749999999999,3,4
cost_3,2025-03-05,lear_forecast,3709.9374999999995,4280.625,-570.6875000000005,0.75,0.676875,3,4
cost_3,2025-03-06,lear_forecast,4524.384210526316,4806.315789473684,-281.9315789473685,0.8421052631578947,0.76,4,4
cost_3,2025-03-07,lear_forecast,7354.331249999998,4280.625,3073.7062499999984,0.75,0.676875,3,4
cost_3,2025-03-08,lear_forecast,5265.16842105263,4806.315789473685,458.85263157894497,0.8421052631578948,0.76,4,4
cost_3,2025-03-09,lear_forecast,10578.278947368419,4806.315789473685,5771.963157894734,0.8421052631578949,0.76,4,4
cost_3,2025-03-10,lear_forecast,5742.012500000001,2853.75,2888.2625000000007,0.5,0.45125000000000004,2,3
cost_3,2025-03-11,lear_forecast,5598.9010560941815,5039.516966759003,559.3840893351789,0.8829639889196677,0.7968749999999999,4,4
cost_3,2025-03-12,lear_forecast,3256.474999999999,2853.7499999999995,402.72499999999945,0.5,0.45124999999999993,2,3
cost_3,2025-03-13,lear_forecast,3826.9,2853.75,973.1500000000001,0.5,0.45125000000000004,2,3
cost_3,2025-03-14,lear_forecast,6300.662500000002,2853.7500000000005,3446.9125000000017,0.5,0.45125000000000015,2,2
cost_3,2025-03-15,lear_forecast,3465.3473684210535,4806.315789473685,-1340.9684210526316,0.8421052631578948,0.7600000000000001,4,4
cost_3,2025-03-16,lear_forecast,-193.92631578947484,4806.315789473684,-5000.242105263159,0.8421052631578947,0.76,4,4
cost_3,2025-03-17,lear_forecast,4209.684210526317,2403.157894736843,1806.5263157894738,0.42105263157894746,0.3800000000000001,2,2
cost_3,2025-03-18,lear_forecast,5516.388157894736,3830.0328947368425,1686.3552631578932,0.6710526315789475,0.605625,3,3
cost_3,2025-03-19,lear_forecast,3725.6000000000017,2853.75,871.8500000000017,0.5,0.45125000000000004,2,3
cost_3,2025-03-20,lear_forecast,7435.350000000001,2853.75,4581.600000000001,0.5,0.45125000000000004,2,3
cost_3,2025-03-21,lear_forecast,7874.339058171744,3984.182825484765,3890.156232686979,0.698060941828255,0.63,3,3
cost_3,2025-03-22,lear_forecast,8595.17894736842,4806.315789473685,3788.863157894735,0.8421052631578948,0.76,4,4
cost_3,2025-03-23,lear_forecast,7547.878947368421,4806.315789473685,2741.563157894736,0.8421052631578948,0.76,4,4
cost_3,2025-03-24,lear_forecast,1263.6000000000006,2853.7500000000005,-1590.1499999999999,0.5,0.4512500000000001,2,3
cost_3,2025-03-25,lear_forecast,4490.125000000001,2853.7499999999995,1636.3750000000014,0.49999999999999994,0.45125,2,3
cost_3,2025-03-26,lear_forecast,7598.878947368421,4806.315789473685,2792.563157894736,0.8421052631578949,0.76,4,4
cost_3,2025-03-27,lear_forecast,3189.9263157894734,4806.315789473684,-1616.3894736842108,0.8421052631578947,0.76,4,4
cost_3,2025-03-28,lear_forecast,1437.1874999999993,2853.7499999999995,-1416.5625000000002,0.49999999999999994,0.45124999999999993,2,3
cost_3,2025-03-29,lear_forecast,5027.221052631579,4806.315789473685,220.9052631578943,0.8421052631578948,0.7600000000000001,4,4
cost_3,2025-03-30,lear_forecast,8589.094736842108,4806.315789473685,3782.7789473684225,0.8421052631578949,0.76,4,4
cost_3,2025-03-31,lear_forecast,4461.373684210528,2403.1578947368425,2058.2157894736856,0.42105263157894735,0.3800000000000001,2,2
cost_3,2024-04-01,perfect_foresight_upper_bound,9432.67894736842,4806.315789473684,4626.363157894736,0.8421052631578947,0.76,4,4
cost_3,2024-04-02,perfect_foresight_upper_bound,10144.715789473685,4806.315789473685,5338.4,0.8421052631578949,0.76,4,4
cost_3,2024-04-03,perfect_foresight_upper_bound,2871.3500000000013,2853.75,17.600000000001273,0.5,0.45125000000000004,2,2
cost_3,2024-04-04,perfect_foresight_upper_bound,1644.3905817174523,1581.0249307479223,63.36565096952995,0.2770083102493074,0.25,2,1
cost_3,2024-04-05,perfect_foresight_upper_bound,1848.9335180055416,1581.0249307479223,267.9085872576193,0.2770083102493074,0.25,2,1
cost_3,2024-04-06,perfect_foresight_upper_bound,7177.578947368422,4806.315789473685,2371.2631578947367,0.8421052631578949,0.7600000000000001,4,4
cost_3,2024-04-07,perfect_foresight_upper_bound,9208.878947368421,4806.315789473685,4402.563157894736,0.8421052631578948,0.76,4,4
cost_3,2024-04-08,perfect_foresight_upper_bound,0.0,0.0,0.0,0.0,0.0,0,0
cost_3,2024-04-09,perfect_foresight_upper_bound,2648.91052631579,2403.157894736843,245.75263157894688,0.42105263157894746,0.3800000000000001,2,2
cost_3,2024-04-10,perfect_foresight_upper_bound,11241.378947368421,4806.315789473685,6435.063157894736,0.8421052631578949,0.76,4,4
cost_3,2024-04-11,perfect_foresight_upper_bound,5950.824099722991,3162.0498614958447,2788.7742382271467,0.554016620498615,0.5,3,2
cost_3,2024-04-12,perfect_foresight_upper_bound,7977.975,4280.625,3697.3500000000004,0.75,0.676875,3,4
cost_3,2024-04-13,perfect_foresight_upper_bound,9278.67894736842,4806.315789473685,4472.363157894735,0.8421052631578948,0.76,4,4
cost_3,2024-04-14,perfect_foresight_upper_bound,8376.678947368422,4806.315789473685,3570.363157894737,0.8421052631578949,0.7600000000000001,4,4
cost_3,2024-04-15,perfect_foresight_upper_bound,9321.094736842106,4806.315789473685,4514.778947368421,0.8421052631578949,0.7600000000000001,4,4
cost_3,2024-04-16,perfect_foresight_upper_bound,0.0,0.0,0.0,0.0,0.0,0,0
cost_3,2024-04-17,perfect_foresight_upper_bound,9238.557894736843,4806.315789473685,4432.242105263158,0.8421052631578948,0.76,4,4
cost_3,2024-04-18,perfect_foresight_upper_bound,7093.46875,4280.625,2812.84375,0.75,0.676875,3,4
cost_3,2024-04-19,perfect_foresight_upper_bound,8742.57894736842,4806.315789473685,3936.263157894735,0.8421052631578948,0.76,4,4
cost_3,2024-04-20,perfect_foresight_upper_bound,8233.77894736842,4806.315789473685,3427.4631578947356,0.8421052631578949,0.76,4,4
cost_3,2024-04-21,perfect_foresight_upper_bound,0.0,0.0,0.0,0.0,0.0,0,0
cost_3,2024-04-22,perfect_foresight_upper_bound,0.0,0.0,0.0,0.0,0.0,0,0
cost_3,2024-04-23,perfect_foresight_upper_bound,0.0,0.0,0.0,0.0,0.0,0,0
cost_3,2024-04-24,perfect_foresight_upper_bound,0.0,0.0,0.0,0.0,0.0,0,0
cost_3,2024-04-25,perfect_foresight_upper_bound,9765.194736842108,4806.315789473685,4958.878947368423,0.8421052631578948,0.7600000000000001,4,4
cost_3,2024-04-26,perfect_foresight_upper_bound,3604.736842105263,2403.1578947368425,1201.5789473684204,0.42105263157894746,0.38,2,2
cost_3,2024-04-27,perfect_foresight_upper_bound,8672.547368421054,4806.315789473685,3866.2315789473687,0.8421052631578948,0.76,4,4
cost_3,2024-04-28,perfect_foresight_upper_bound,9364.078947368422,4806.315789473685,4557.763157894737,0.8421052631578949,0.76,4,4
cost_3,2024-04-29,perfect_foresight_upper_bound,7750.289473684211,4806.315789473684,2943.9736842105267,0.8421052631578947,0.76,4,4
cost_3,2024-04-30,perfect_foresight_upper_bound,0.0,0.0,0.0,0.0,0.0,0,0
cost_3,2024-05-01,perfect_foresight_upper_bound,0.0,0.0,0.0,0.0,0.0,0,0
cost_3,2024-05-02,perfect_foresight_upper_bound,10134.67894736842,4806.315789473685,5328.363157894735,0.8421052631578949,0.76,4,4
cost_3,2024-05-03,perfect_foresight_upper_bound,9516.678947368422,4806.315789473685,4710.363157894737,0.8421052631578949,0.7600000000000001,4,4
cost_3,2024-05-04,perfect_foresight_upper_bound,8792.378947368423,4806.315789473685,3986.0631578947377,0.8421052631578949,0.7600000000000001,4,4
cost_3,2024-05-05,perfect_foresight_upper_bound,8802.178947368422,4806.315789473685,3995.863157894737,0.8421052631578948,0.76,4,4
cost_3,2024-05-06,perfect_foresight_upper_bound,0.0,0.0,0.0,0.0,0.0,0,0
cost_3,2024-05-07,perfect_foresight_upper_bound,1650.3116343490315,1581.0249307479223,69.28670360110914,0.2770083102493074,0.25,2,1
cost_3,2024-05-08,perfect_foresight_upper_bound,3513.8736842105277,2403.157894736843,1110.7157894736847,0.42105263157894746,0.3800000000000001,2,2
cost_3,2024-05-09,perfect_foresight_upper_bound,10292.894736842109,4806.315789473685,5486.5789473684235,0.8421052631578947,0.7600000000000001,4,4
cost_3,2024-05-10,perfect_foresight_upper_bound,9661.57894736842,4806.315789473685,4855.263157894735,0.8421052631578948,0.76,4,4
cost_3,2024-05-11,perfect_foresight_upper_bound,10551.27894736842,4806.315789473685,5744.963157894736,0.8421052631578949,0.76,4,4
cost_3,2024-05-12,perfect_foresight_upper_bound,6943.052631578949,4806.315789473685,2136.7368421052643,0.8421052631578947,0.7600000000000001,4,4
cost_3,2024-05-13,perfect_foresight_upper_bound,1718.635734072024,1581.0249307479223,137.61080332410165,0.2770083102493074,0.25,2,1
cost_3,2024-05-14,perfect_foresight_upper_bound,11655.478947368423,4806.315789473685,6849.163157894738,0.8421052631578948,0.7600000000000001,4,4
cost_3,2024-05-15,perfect_foresight_upper_bound,10903.347368421051,4806.315789473684,6097.031578947367,0.8421052631578947,0.76,4,4
cost_3,2024-05-16,perfect_foresight_upper_bound,10174.421052631578,4806.315789473685,5368.105263157893,0.8421052631578948,0.76,4,4
cost_3,2024-05-17,perfect_foresight_upper_bound,11024.17894736842,4806.315789473685,6217.863157894735,0.8421052631578948,0.7600000000000001,4,4
cost_3,2024-05-18,perfect_foresight_upper_bound,9196.778947368422,4806.315789473684,4390.463157894738,0.8421052631578947,0.76,4,4
cost_3,2024-05-19,perfect_foresight_upper_bound,8566.72105263158,4806.315789473685,3760.4052631578943,0.8421052631578949,0.7600000000000001,4,4
cost_3,2024-05-20,perfect_foresight_upper_bound,6597.199999999999,2853.7499999999995,3743.4499999999994,0.5,0.45125,2,3
cost_3,2024-05-21,perfect_foresight_upper_bound,10872.894736842103,4806.315789473685,6066.578947368418,0.8421052631578948,0.76,4,4
cost_3,2024-05-22,perfect_foresight_upper_bound,9351.473684210527,4806.315789473685,4545.157894736842,0.8421052631578949,0.7600000000000001,4,4
cost_3,2024-05-23,perfect_foresight_upper_bound,3503.652631578946,2403.1578947368425,1100.4947368421035,0.42105263157894746,0.38,2,2
cost_3,2024-05-24,perfect_foresight_upper_bound,6418.531855955678,3162.0498614958447,3256.4819944598335,0.554016620498615,0.5,3,2
cost_3,2024-05-25,perfect_foresight_upper_bound,8958.57894736842,4806.315789473685,4152.263157894735,0.8421052631578949,0.76,4,4
cost_3,2024-05-26,perfect_foresight_upper_bound,9574.178947368424,4806.315789473685,4767.863157894739,0.8421052631578948,0.7600000000000001,4,4
cost_3,2024-05-27,perfect_foresight_upper_bound,3842.139889196675,3162.0498614958447,680.0900277008304,0.554016620498615,0.5,3,2
cost_3,2024-05-28,perfect_foresight_upper_bound,5982.500000000001,4806.315789473685,1176.1842105263158,0.8421052631578948,0.76,4,4
cost_3,2024-05-29,perfect_foresight_upper_bound,10119.747368421053,4806.315789473685,5313.431578947368,0.8421052631578948,0.76,4,4
cost_3,2024-05-30,perfect_foresight_upper_bound,2945.205263157894,2403.157894736842,542.0473684210519,0.42105263157894735,0.38,2,2
cost_3,2024-05-31,perfect_foresight_upper_bound,0.0,0.0,0.0,0.0,0.0,0,0
cost_3,2024-06-01,perfect_foresight_upper_bound,9128.478947368421,4806.315789473685,4322.163157894736,0.8421052631578948,0.76,4,4
cost_3,2024-06-02,perfect_foresight_upper_bound,8941.17894736842,4806.315789473685,4134.863157894735,0.8421052631578949,0.7600000000000001,4,4
cost_3,2024-06-03,perfect_foresight_upper_bound,9659.994736842105,4806.315789473685,4853.67894736842,0.8421052631578948,0.76,4,4
cost_3,2024-06-04,perfect_foresight_upper_bound,8555.784210526315,4806.315789473685,3749.46842105263,0.8421052631578949,0.76,4,4
cost_3,2024-06-05,perfect_foresight_upper_bound,9980.157894736842,4806.315789473685,5173.842105263157,0.8421052631578949,0.76,4,4
cost_3,2024-06-06,perfect_foresight_upper_bound,1822.5554016620506,1581.0249307479223,241.53047091412827,0.2770083102493074,0.25,2,1
cost_3,2024-06-07,perfect_foresight_upper_bound,1596.4812500000005,1426.8750000000002,169.60625000000027,0.25,0.22562500000000005,1,1
cost_3,2024-06-08,perfect_foresight_upper_bound,9351.978947368421,4806.315789473685,4545.663157894736,0.8421052631578949,0.76,4,4
cost_3,2024-06-09,perfect_foresight_upper_bound,0.0,0.0,0.0,0.0,0.0,0,0
cost_3,2024-06-10,perfect_foresight_upper_bound,3925.136842105262,2403.1578947368425,1521.9789473684195,0.42105263157894746,0.38,2,2
cost_3,2024-06-11,perfect_foresight_upper_bound,6743.2,2853.7499999999995,3889.4500000000003,0.5,0.45125,2,3
cost_3,2024-06-12,perfect_foresight_upper_bound,4555.473684210526,2403.157894736842,2152.3157894736837,0.42105263157894735,0.38,2,2
cost_3,2024-06-13,perfect_foresight_upper_bound,7030.62105263158,4806.315789473684,2224.3052631578958,0.8421052631578947,0.76,4,4
cost_3,2024-06-14,perfect_foresight_upper_bound,6686.71875,3830.0328947368416,2856.6858552631584,0.6710526315789473,0.605625,3,3
cost_3,2024-06-15,perfect_foresight_upper_bound,5993.018750000001,4280.625,1712.393750000001,0.75,0.676875,3,4
cost_3,2024-06-16,perfect_foresight_upper_bound,12407.264265927975,5565.207756232687,6842.056509695289,0.9750692520775625,0.88,5,4
cost_3,2024-06-17,perfect_foresight_upper_bound,7350.452631578947,4806.315789473685,2544.136842105262,0.8421052631578948,0.76,4,4
cost_3,2024-06-18,perfect_foresight_upper_bound,3712.326869806094,3162.0498614958447,550.2770083102491,0.554016620498615,0.5,3,2
cost_3,2024-06-19,perfect_foresight_upper_bound,9574.249342105266,5256.907894736842,4317.341447368424,0.9210526315789473,0.83125,4,5
cost_3,2024-06-20,perfect_foresight_upper_bound,2762.5315789473702,2403.1578947368425,359.3736842105277,0.42105263157894735,0.3800000000000001,2,2
cost_3,2024-06-21,perfect_foresight_upper_bound,0.0,0.0,0.0,0.0,0.0,0,0
cost_3,2024-06-22,perfect_foresight_upper_bound,2909.136842105263,2403.1578947368425,505.97894736842045,0.42105263157894746,0.38,2,2
cost_3,2024-06-23,perfect_foresight_upper_bound,0.0,0.0,0.0,0.0,0.0,0,0
cost_3,2024-06-24,perfect_foresight_upper_bound,2860.515789473685,2403.157894736843,457.3578947368419,0.42105263157894746,0.3800000000000001,2,2
cost_3,2024-06-25,perfect_foresight_upper_bound,3093.231578947369,2403.157894736843,690.0736842105262,0.42105263157894746,0.3800000000000001,2,2
cost_3,2024-06-26,perfect_foresight_upper_bound,0.0,0.0,0.0,0.0,0.0,0,0
cost_3,2024-06-27,perfect_foresight_upper_bound,0.0,0.0,0.0,0.0,0.0,0,0
cost_3,2024-06-28,perfect_foresight_upper_bound,0.0,0.0,0.0,0.0,0.0,0,0
cost_3,2024-06-29,perfect_foresight_upper_bound,8446.794736842106,4806.315789473685,3640.4789473684214,0.8421052631578949,0.7600000000000001,4,4
cost_3,2024-06-30,perfect_foresight_upper_bound,1484.3937500000006,1426.8750000000002,57.51875000000041,0.25,0.22562500000000005,1,1
cost_3,2024-07-01,perfect_foresight_upper_bound,2600.8052631578953,2403.157894736843,197.6473684210523,0.42105263157894746,0.3800000000000001,2,2
cost_3,2024-07-02,perfect_foresight_upper_bound,1467.6750000000006,1426.8750000000002,40.80000000000041,0.25,0.22562500000000005,1,1
cost_3,2024-07-03,perfect_foresight_upper_bound,3249.921052631581,2403.1578947368425,846.7631578947385,0.42105263157894735,0.3800000000000001,2,2
cost_3,2024-07-04,perfect_foresight_upper_bound,7669.057894736845,4806.315789473685,2862.74210526316,0.8421052631578948,0.7600000000000001,4,4
cost_3,2024-07-05,perfect_foresight_upper_bound,7020.431578947372,4806.315789473685,2214.115789473687,0.8421052631578947,0.7600000000000001,4,4
cost_3,2024-07-06,perfect_foresight_upper_bound,3166.2210526315807,2403.1578947368425,763.0631578947382,0.42105263157894735,0.3800000000000001,2,2
cost_3,2024-07-07,perfect_foresight_upper_bound,11769.710526315792,7209.473684210527,4560.236842105265,1.263157894736842,1.1400000000000001,6,6
cost_3,2024-07-08,perfect_foresight_upper_bound,8790.447368421053,4806.315789473685,3984.1315789473683,0.8421052631578948,0.7600000000000001,4,4
cost_3,2024-07-09,perfect_foresight_upper_bound,11478.157894736843,4806.315789473685,6671.842105263158,0.8421052631578948,0.7600000000000001,4,4
cost_3,2024-07-10,perfect_foresight_upper_bound,12067.236842105267,4806.315789473685,7260.921052631582,0.8421052631578947,0.7600000000000001,4,4
cost_3,2024-07-11,perfect_foresight_upper_bound,5294.868421052634,4743.074792243767,551.7936288088677,0.8310249307479223,0.75,4,3
cost_3,2024-07-12,perfect_foresight_upper_bound,0.0,0.0,0.0,0.0,0.0,0,0
cost_3,2024-07-13,perfect_foresight_upper_bound,1705.9626038781173,1581.0249307479223,124.93767313019498,0.2770083102493074,0.25,2,1
cost_3,2024-07-14,perfect_foresight_upper_bound,0.0,0.0,0.0,0.0,0.0,0,0
cost_3,2024-07-15,perfect_foresight_upper_bound,0.0,0.0,0.0,0.0,0.0,0,0
cost_3,2024-07-16,perfect_foresight_upper_bound,0.0,0.0,0.0,0.0,0.0,0,0
cost_3,2024-07-17,perfect_foresight_upper_bound,0.0,0.0,0.0,0.0,0.0,0,0
cost_3,2024-07-18,perfect_foresight_upper_bound,6634.073684210525,4806.315789473685,1827.7578947368402,0.8421052631578948,0.76,4,4
cost_3,2024-07-19,perfect_foresight_upper_bound,6385.021052631581,4806.315789473685,1578.7052631578963,0.8421052631578947,0.7600000000000001,4,4
cost_3,2024-07-20,perfect_foresight_upper_bound,3133.6315789473683,2403.157894736842,730.4736842105262,0.42105263157894735,0.38,2,2
cost_3,2024-07-21,perfect_foresight_upper_bound,7978.963157894742,4806.315789473685,3172.647368421057,0.8421052631578947,0.7600000000000001,4,4
cost_3,2024-07-22,perfect_foresight_upper_bound,12509.34210526316,4806.315789473685,7703.026315789475,0.8421052631578948,0.7600000000000001,4,4
cost_3,2024-07-23,perfect_foresight_upper_bound,12684.47368421053,4806.315789473685,7878.157894736845,0.8421052631578948,0.7600000000000001,4,4
cost_3,2024-07-24,perfect_foresight_upper_bound,8601.926315789473,4806.315789473685,3795.610526315788,0.8421052631578948,0.76,4,4
cost_3,2024-07-25,perfect_foresight_upper_bound,5782.6973684210525,3830.0328947368425,1952.66447368421,0.6710526315789475,0.605625,3,3
cost_3,2024-07-26,perfect_foresight_upper_bound,5501.350328947367,3830.0328947368425,1671.3174342105249,0.6710526315789475,0.605625,3,3
cost_3,2024-07-27,perfect_foresight_upper_bound,6794.247368421055,4806.315789473685,1987.9315789473703,0.8421052631578948,0.7600000000000001,4,4
cost_3,2024-07-28,perfect_foresight_upper_bound,7173.567434210524,3830.0328947368425,3343.5345394736814,0.6710526315789475,0.605625,3,3
cost_3,2024-07-29,perfect_foresight_upper_bound,12502.636842105261,4806.315789473685,7696.321052631576,0.8421052631578948,0.76,4,4
cost_3,2024-07-30,perfect_foresight_upper_bound,12115.526315789477,4806.315789473685,7309.210526315792,0.8421052631578948,0.7600000000000001,4,4
cost_3,2024-07-31,perfect_foresight_upper_bound,12121.87894736842,4806.315789473685,7315.563157894734,0.8421052631578948,0.76,4,4
cost_3,2024-08-01,perfect_foresight_upper_bound,13124.16315789474,4806.315789473685,8317.847368421055,0.8421052631578948,0.7600000000000001,4,4
cost_3,2024-08-02,perfect_foresight_upper_bound,6394.221052631578,4806.315789473685,1587.9052631578925,0.8421052631578948,0.76,4,4
cost_3,2024-08-03,perfect_foresight_upper_bound,2772.6842105263177,2403.1578947368425,369.5263157894751,0.42105263157894735,0.3800000000000001,2,2
cost_3,2024-08-04,perfect_foresight_upper_bound,3307.7000000000016,2403.1578947368425,904.5421052631591,0.42105263157894735,0.3800000000000001,2,2
cost_3,2024-08-05,perfect_foresight_upper_bound,4503.526973684208,3830.0328947368425,673.4940789473658,0.6710526315789475,0.605625,3,3
cost_3,2024-08-06,perfect_foresight_upper_bound,5452.747368421054,4806.315789473685,646.4315789473685,0.8421052631578948,0.7600000000000001,4,4
cost_3,2024-08-07,perfect_foresight_upper_bound,0.0,0.0,0.0,0.0,0.0,0,0
cost_3,2024-08-08,perfect_foresight_upper_bound,5969.494736842108,4806.315789473685,1163.178947368423,0.8421052631578948,0.7600000000000001,4,4
cost_3,2024-08-09,perfect_foresight_upper_bound,5489.005263157897,4806.315789473685,682.6894736842123,0.8421052631578948,0.7600000000000001,4,4
cost_3,2024-08-10,perfect_foresight_upper_bound,3303.878947368422,2403.157894736843,900.7210526315789,0.42105263157894746,0.3800000000000001,2,2
cost_3,2024-08-11,perfect_foresight_upper_bound,3721.6052631578964,2403.1578947368425,1318.4473684210539,0.42105263157894735,0.3800000000000001,2,2
cost_3,2024-08-12,perfect_foresight_upper_bound,3105.4421052631596,2403.1578947368425,702.2842105263171,0.42105263157894735,0.3800000000000001,2,2
cost_3,2024-08-13,perfect_foresight_upper_bound,3216.989473684209,2403.1578947368425,813.8315789473663,0.42105263157894746,0.38,2,2
cost_3,2024-08-14,perfect_foresight_upper_bound,1624.7714681440457,1581.0249307479223,43.74653739612336,0.2770083102493074,0.25,2,1
cost_3,2024-08-15,perfect_foresight_upper_bound,2627.099999999999,2403.1578947368425,223.94210526315646,0.42105263157894746,0.38,2,2
cost_3,2024-08-16,perfect_foresight_upper_bound,1442.037500000001,1426.8750000000002,15.162500000000819,0.25,0.22562500000000005,1,1
cost_3,2024-08-17,perfect_foresight_upper_bound,6470.226315789473,4806.315789473685,1663.910526315788,0.8421052631578948,0.76,4,4
cost_3,2024-08-18,perfect_foresight_upper_bound,6832.700000000002,4806.315789473685,2026.3842105263166,0.8421052631578948,0.7600000000000001,4,4
cost_3,2024-08-19,perfect_foresight_upper_bound,4775.457236842104,3830.0328947368425,945.4243421052615,0.6710526315789475,0.605625,3,3
cost_3,2024-08-20,perfect_foresight_upper_bound,5298.75263157895,4806.315789473685,492.436842105265,0.8421052631578947,0.7600000000000001,4,4
cost_3,2024-08-21,perfect_foresight_upper_bound,4651.374671052633,3830.0328947368416,821.3417763157913,0.6710526315789473,0.605625,3,3
cost_3,2024-08-22,perfect_foresight_upper_bound,2659.236842105262,2403.1578947368425,256.07894736841945,0.42105263157894746,0.38,2,2
cost_3,2024-08-23,perfect_foresight_upper_bound,4215.113157894735,3830.0328947368425,385.08026315789266,0.6710526315789475,0.605625,3,3
cost_3,2024-08-24,perfect_foresight_upper_bound,2675.931578947367,2403.1578947368425,272.7736842105246,0.42105263157894746,0.38,2,2
cost_3,2024-08-25,perfect_foresight_upper_bound,0.0,0.0,0.0,0.0,0.0,0,0
cost_3,2024-08-26,perfect_foresight_upper_bound,4809.963486842104,3830.0328947368425,979.9305921052619,0.6710526315789475,0.605625,3,3
cost_3,2024-08-27,perfect_foresight_upper_bound,4300.493421052631,3830.0328947368425,470.46052631578823,0.6710526315789475,0.605625,3,3
cost_3,2024-08-28,perfect_foresight_upper_bound,4827.104934210524,3830.0328947368425,997.0720394736818,0.6710526315789475,0.605625,3,3
cost_3,2024-08-29,perfect_foresight_upper_bound,5244.74210526316,4806.315789473685,438.42631578947476,0.8421052631578948,0.7600000000000001,4,4
cost_3,2024-08-30,perfect_foresight_upper_bound,20356.145394736835,7660.065789473683,12696.079605263152,1.3421052631578947,1.21125,6,6
cost_3,2024-08-31,perfect_foresight_upper_bound,0.0,0.0,0.0,0.0,0.0,0,0
cost_3,2024-09-01,perfect_foresight_upper_bound,3645.2631578947376,2403.157894736843,1242.1052631578946,0.42105263157894746,0.3800000000000001,2,2
cost_3,2024-09-02,perfect_foresight_upper_bound,6113.294736842106,4806.315789473685,1306.9789473684214,0.8421052631578948,0.7600000000000001,4,4
cost_3,2024-09-03,perfect_foresight_upper_bound,2842.8421052631566,2403.1578947368425,439.684210526314,0.42105263157894746,0.38,2,2
cost_3,2024-09-04,perfect_foresight_upper_bound,3035.652631578948,2403.157894736843,632.4947368421049,0.42105263157894746,0.3800000000000001,2,2
cost_3,2024-09-05,perfect_foresight_upper_bound,3885.599999999999,2403.1578947368425,1482.4421052631565,0.42105263157894746,0.38,2,2
cost_3,2024-09-06,perfect_foresight_upper_bound,3560.905263157897,2403.1578947368425,1157.7473684210545,0.42105263157894735,0.3800000000000001,2,2
cost_3,2024-09-07,perfect_foresight_upper_bound,2940.6578947368416,2403.157894736842,537.4999999999995,0.42105263157894735,0.38,2,2
cost_3,2024-09-08,perfect_foresight_upper_bound,3316.515789473685,2403.157894736843,913.3578947368419,0.42105263157894746,0.3800000000000001,2,2
cost_3,2024-09-09,perfect_foresight_upper_bound,13862.852631578948,4806.315789473685,9056.536842105263,0.8421052631578948,0.76,4,4
cost_3,2024-09-10,perfect_foresight_upper_bound,11880.400000000001,4806.315789473684,7074.084210526317,0.8421052631578947,0.76,4,4
cost_3,2024-09-11,perfect_foresight_upper_bound,14036.300000000005,4806.315789473685,9229.98421052632,0.8421052631578948,0.7600000000000001,4,4
cost_3,2024-09-12,perfect_foresight_upper_bound,8900.505263157896,4806.315789473685,4094.1894736842114,0.8421052631578947,0.7600000000000001,4,4
cost_3,2024-09-13,perfect_foresight_upper_bound,9609.500000000002,4806.315789473685,4803.184210526317,0.8421052631578948,0.7600000000000001,4,4
cost_3,2024-09-14,perfect_foresight_upper_bound,6060.215789473687,4806.315789473685,1253.9000000000024,0.8421052631578948,0.7600000000000001,4,4
cost_3,2024-09-15,perfect_foresight_upper_bound,0.0,0.0,0.0,0.0,0.0,0,0
cost_3,2024-09-16,perfect_foresight_upper_bound,3425.6736842105242,2403.1578947368425,1022.5157894736817,0.42105263157894746,0.38,2,2
cost_3,2024-09-17,perfect_foresight_upper_bound,16213.421052631582,4806.315789473684,11407.105263157897,0.8421052631578947,0.76,4,4
cost_3,2024-09-18,perfect_foresight_upper_bound,16202.631578947372,4806.315789473684,11396.315789473687,0.8421052631578947,0.76,4,4
cost_3,2024-09-19,perfect_foresight_upper_bound,19040.921052631576,4806.315789473685,14234.605263157891,0.8421052631578948,0.76,4,4
cost_3,2024-09-20,perfect_foresight_upper_bound,15927.631578947374,4806.315789473685,11121.315789473689,0.8421052631578947,0.7600000000000001,4,4
cost_3,2024-09-21,perfect_foresight_upper_bound,5531.021052631581,4806.315789473685,724.7052631578963,0.8421052631578948,0.7600000000000001,4,4
cost_3,2024-09-22,perfect_foresight_upper_bound,0.0,0.0,0.0,0.0,0.0,0,0
cost_3,2024-09-23,perfect_foresight_upper_bound,0.0,0.0,0.0,0.0,0.0,0,0
cost_3,2024-09-24,perfect_foresight_upper_bound,5511.008552631578,3830.0328947368416,1680.9756578947363,0.6710526315789473,0.605625,3,3
cost_3,2024-09-25,perfect_foresight_upper_bound,2840.326315789475,2403.157894736843,437.16842105263186,0.42105263157894746,0.3800000000000001,2,2
cost_3,2024-09-26,perfect_foresight_upper_bound,6356.752077562326,4743.074792243768,1613.6772853185585,0.8310249307479225,0.75,4,3
cost_3,2024-09-27,perfect_foresight_upper_bound,2813.9894736842093,2403.1578947368425,410.8315789473668,0.42105263157894746,0.38,2,2
cost_3,2024-09-28,perfect_foresight_upper_bound,0.0,0.0,0.0,0.0,0.0,0,0
cost_3,2024-09-29,perfect_foresight_upper_bound,0.0,0.0,0.0,0.0,0.0,0,0
cost_3,2024-09-30,perfect_foresight_upper_bound,2894.5368421052644,2403.1578947368425,491.3789473684219,0.42105263157894735,0.3800000000000001,2,2
cost_3,2024-10-01,perfect_foresight_upper_bound,6644.952631578952,4806.315789473685,1838.6368421052666,0.8421052631578947,0.7600000000000001,4,4
cost_3,2024-10-02,perfect_foresight_upper_bound,6814.784210526318,4806.315789473684,2008.4684210526339,0.8421052631578947,0.76,4,4
cost_3,2024-10-03,perfect_foresight_upper_bound,6052.826315789477,4806.315789473685,1246.510526315792,0.8421052631578948,0.7600000000000001,4,4
cost_3,2024-10-04,perfect_foresight_upper_bound,5640.647368421051,4806.315789473685,834.3315789473663,0.8421052631578948,0.76,4,4
cost_3,2024-10-05,perfect_foresight_upper_bound,0.0,0.0,0.0,0.0,0.0,0,0
cost_3,2024-10-06,perfect_foresight_upper_bound,4244.073684210529,2403.157894736843,1840.915789473686,0.42105263157894746,0.3800000000000001,2,2
cost_3,2024-10-07,perfect_foresight_upper_bound,6313.484210526318,4806.315789473685,1507.1684210526328,0.8421052631578948,0.7600000000000001,4,4
cost_3,2024-10-08,perfect_foresight_upper_bound,1441.875,1426.8749999999998,15.000000000000227,0.25,0.225625,1,1
cost_3,2024-10-09,perfect_foresight_upper_bound,4740.784210526316,2403.1578947368425,2337.6263157894737,0.42105263157894746,0.38,2,2
cost_3,2024-10-10,perfect_foresight_upper_bound,8723.452631578948,4806.315789473685,3917.136842105263,0.8421052631578949,0.76,4,4
cost_3,2024-10-11,perfect_foresight_upper_bound,11707.389473684208,4806.315789473685,6901.073684210523,0.8421052631578949,0.76,4,4
cost_3,2024-10-12,perfect_foresight_upper_bound,9539.278947368422,4806.315789473685,4732.963157894737,0.8421052631578949,0.7600000000000001,4,4
cost_3,2024-10-13,perfect_foresight_upper_bound,9625.078947368422,4806.315789473685,4818.763157894737,0.8421052631578949,0.7600000000000001,4,4
cost_3,2024-10-14,perfect_foresight_upper_bound,6558.252631578947,4806.315789473685,1751.9368421052623,0.8421052631578949,0.76,4,4
cost_3,2024-10-15,perfect_foresight_upper_bound,7484.210526315791,4806.315789473684,2677.894736842107,0.8421052631578947,0.76,4,4
cost_3,2024-10-16,perfect_foresight_upper_bound,5480.510526315792,4806.315789473685,674.194736842107,0.8421052631578948,0.7600000000000001,4,4
cost_3,2024-10-17,perfect_foresight_upper_bound,12298.552631578952,4806.315789473685,7492.236842105267,0.8421052631578947,0.7600000000000001,4,4
cost_3,2024-10-18,perfect_foresight_upper_bound,10511.378116343487,4743.074792243768,5768.303324099719,0.8310249307479225,0.75,4,3
cost_3,2024-10-19,perfect_foresight_upper_bound,1721.7590027700828,1581.0249307479223,140.7340720221605,0.2770083102493075,0.25,2,1
cost_3,2024-10-20,perfect_foresight_upper_bound,10012.078947368422,4806.315789473685,5205.763157894737,0.8421052631578948,0.76,4,4
cost_3,2024-10-21,perfect_foresight_upper_bound,4117.663157894735,2403.1578947368425,1714.5052631578928,0.42105263157894746,0.38,2,2
cost_3,2024-10-22,perfect_foresight_upper_bound,4602.228618421052,3830.0328947368425,772.195723684209,0.6710526315789475,0.605625,3,3
cost_3,2024-10-23,perfect_foresight_upper_bound,6363.026315789474,4806.315789473685,1556.7105263157891,0.8421052631578948,0.76,4,4
cost_3,2024-10-24,perfect_foresight_upper_bound,5711.307565789472,3830.0328947368425,1881.2746710526299,0.6710526315789475,0.605625,3,3
cost_3,2024-10-25,perfect_foresight_upper_bound,4886.775986842105,3830.0328947368425,1056.7430921052628,0.6710526315789475,0.605625,3,3
cost_3,2024-10-26,perfect_foresight_upper_bound,0.0,0.0,0.0,0.0,0.0,0,0
cost_3,2024-10-27,perfect_foresight_upper_bound,0.0,0.0,0.0,0.0,0.0,0,0
cost_3,2024-10-28,perfect_foresight_upper_bound,6977.029085872577,4743.074792243768,2233.954293628809,0.8310249307479225,0.75,4,3
cost_3,2024-10-29,perfect_foresight_upper_bound,6168.137119113574,4743.074792243768,1425.0623268698064,0.8310249307479225,0.75,4,3
cost_3,2024-10-30,perfect_foresight_upper_bound,5092.371710526315,3830.0328947368425,1262.3388157894724,0.6710526315789475,0.605625,3,3
cost_3,2024-10-31,perfect_foresight_upper_bound,1851.0941828254856,1581.0249307479223,270.0692520775633,0.2770083102493074,0.25,2,1
cost_3,2024-11-01,perfect_foresight_upper_bound,0.0,0.0,0.0,0.0,0.0,0,0
cost_3,2024-11-02,perfect_foresight_upper_bound,0.0,0.0,0.0,0.0,0.0,0,0
cost_3,2024-11-03,perfect_foresight_upper_bound,9194.57894736842,4806.315789473685,4388.263157894735,0.8421052631578948,0.76,4,4
cost_3,2024-11-04,perfect_foresight_upper_bound,9594.28947368421,4806.315789473685,4787.973684210525,0.8421052631578948,0.76,4,4
cost_3,2024-11-05,perfect_foresight_upper_bound,3996.6842105263177,2403.1578947368425,1593.5263157894751,0.42105263157894735,0.3800000000000001,2,2
cost_3,2024-11-06,perfect_foresight_upper_bound,4005.331578947368,2403.157894736842,1602.173684210526,0.42105263157894735,0.38,2,2
cost_3,2024-11-07,perfect_foresight_upper_bound,8816.552631578947,4806.315789473685,4010.2368421052615,0.8421052631578948,0.76,4,4
cost_3,2024-11-08,perfect_foresight_upper_bound,4811.100000000001,2853.7500000000005,1957.3500000000008,0.5,0.4512500000000001,2,3
cost_3,2024-11-09,perfect_foresight_upper_bound,4020.7,2853.7499999999995,1166.9500000000003,0.5,0.45124999999999993,2,3
cost_3,2024-11-10,perfect_foresight_upper_bound,2916.98947368421,2403.157894736842,513.8315789473681,0.42105263157894735,0.38,2,2
cost_3,2024-11-11,perfect_foresight_upper_bound,5979.824999999999,2853.7499999999995,3126.0749999999994,0.5,0.45124999999999993,2,3
cost_3,2024-11-12,perfect_foresight_upper_bound,9211.25,5707.499999999999,3503.750000000001,1.0,0.9025,4,5
cost_3,2024-11-13,perfect_foresight_upper_bound,9204.82631578947,4806.315789473685,4398.510526315786,0.8421052631578949,0.76,4,4
cost_3,2024-11-14,perfect_foresight_upper_bound,4955.450000000001,2853.75,2101.7000000000007,0.5,0.45125000000000004,2,3
cost_3,2024-11-15,perfect_foresight_upper_bound,0.0,0.0,0.0,0.0,0.0,0,0
cost_3,2024-11-16,perfect_foresight_upper_bound,0.0,0.0,0.0,0.0,0.0,0,0
cost_3,2024-11-17,perfect_foresight_upper_bound,2608.4789473684214,2403.157894736842,205.32105263157928,0.42105263157894735,0.38,2,2
cost_3,2024-11-18,perfect_foresight_upper_bound,4089.2684210526318,2403.157894736842,1686.1105263157897,0.42105263157894735,0.38,2,2
cost_3,2024-11-19,perfect_foresight_upper_bound,5798.2687499999965,4280.625,1517.6437499999965,0.75,0.6768749999999999,3,4
cost_3,2024-11-20,perfect_foresight_upper_bound,5349.815512465374,3984.1828254847655,1365.6326869806085,0.698060941828255,0.6300000000000001,3,3
cost_3,2024-11-21,perfect_foresight_upper_bound,7733.831578947367,4806.315789473685,2927.515789473682,0.8421052631578949,0.76,4,4
cost_3,2024-11-22,perfect_foresight_upper_bound,4852.255678670362,3984.1828254847655,868.0728531855962,0.698060941828255,0.6300000000000001,3,3
cost_3,2024-11-23,perfect_foresight_upper_bound,2898.2315789473687,2403.157894736843,495.0736842105257,0.42105263157894746,0.3800000000000001,2,2
cost_3,2024-11-24,perfect_foresight_upper_bound,3392.1052631578946,2403.157894736842,988.9473684210525,0.42105263157894735,0.38,2,2
cost_3,2024-11-25,perfect_foresight_upper_bound,11583.723355263157,6233.190789473683,5350.532565789474,1.0921052631578947,0.985625,5,5
cost_3,2024-11-26,perfect_foresight_upper_bound,6202.205263157896,4806.315789473684,1395.8894736842121,0.8421052631578947,0.76,4,4
cost_3,2024-11-27,perfect_foresight_upper_bound,4945.384210526315,3830.0328947368425,1115.3513157894722,0.6710526315789475,0.605625,3,3
cost_3,2024-11-28,perfect_foresight_upper_bound,5460.025657894736,3830.0328947368425,1629.992763157893,0.6710526315789475,0.605625,3,3
cost_3,2024-11-29,perfect_foresight_upper_bound,3161.2263157894727,2403.1578947368425,758.0684210526301,0.42105263157894746,0.38,2,2
cost_3,2024-11-30,perfect_foresight_upper_bound,0.0,0.0,0.0,0.0,0.0,0,0
cost_3,2024-12-01,perfect_foresight_upper_bound,9741.87894736842,4806.315789473685,4935.563157894734,0.8421052631578948,0.76,4,4
cost_3,2024-12-02,perfect_foresight_upper_bound,7985.868421052629,4806.315789473685,3179.552631578944,0.8421052631578949,0.76,4,4
cost_3,2024-12-03,perfect_foresight_upper_bound,4720.699999999999,2853.7499999999995,1866.9499999999994,0.5,0.45125,2,3
cost_3,2024-12-04,perfect_foresight_upper_bound,5159.224999999999,2853.7499999999995,2305.475,0.5,0.45124999999999993,2,3
cost_3,2024-12-05,perfect_foresight_upper_bound,3777.008310249309,3162.0498614958447,614.9584487534644,0.554016620498615,0.5,3,2
cost_3,2024-12-06,perfect_foresight_upper_bound,3632.962499999999,2853.7499999999995,779.2124999999996,0.5,0.45124999999999993,2,2
cost_3,2024-12-07,perfect_foresight_upper_bound,2901.226315789475,2403.157894736843,498.06842105263195,0.42105263157894746,0.3800000000000001,2,2
cost_3,2024-12-08,perfect_foresight_upper_bound,7146.531578947368,4806.315789473684,2340.215789473684,0.8421052631578947,0.76,4,4
cost_3,2024-12-09,perfect_foresight_upper_bound,2857.3631578947384,2403.157894736843,454.2052631578954,0.42105263157894746,0.3800000000000001,2,2
cost_3,2024-12-10,perfect_foresight_upper_bound,3398.9125000000026,2853.7500000000005,545.1625000000022,0.5,0.45125000000000015,2,2
cost_3,2024-12-11,perfect_foresight_upper_bound,6330.351246537397,5565.207756232687,765.1434903047102,0.9750692520775623,0.8800000000000001,5,4
cost_3,2024-12-12,perfect_foresight_upper_bound,3899.6625,2853.7499999999995,1045.9125000000004,0.5,0.45125,2,3
cost_3,2024-12-13,perfect_foresight_upper_bound,5436.447368421055,4743.074792243767,693.3725761772885,0.8310249307479223,0.75,4,3
cost_3,2024-12-14,perfect_foresight_upper_bound,6012.797783933519,3984.1828254847655,2028.6149584487534,0.698060941828255,0.6300000000000001,3,3
cost_3,2024-12-15,perfect_foresight_upper_bound,3529.978947368422,2403.157894736843,1126.8210526315788,0.42105263157894746,0.3800000000000001,2,2
cost_3,2024-12-16,perfect_foresight_upper_bound,4183.981994459833,3984.182825484765,199.79916897506791,0.698060941828255,0.63,3,3
cost_3,2024-12-17,perfect_foresight_upper_bound,2515.8894736842103,2403.1578947368425,112.73157894736778,0.42105263157894746,0.38,2,2
cost_3,2024-12-18,perfect_foresight_upper_bound,2800.2684210526327,2403.1578947368425,397.11052631579014,0.42105263157894735,0.3800000000000001,2,2
cost_3,2024-12-19,perfect_foresight_upper_bound,13311.063486842104,8636.348684210527,4674.714802631577,1.5131578947368425,1.365625,7,7
cost_3,2024-12-20,perfect_foresight_upper_bound,6740.847645429366,5565.207756232687,1175.6398891966792,0.9750692520775623,0.8800000000000001,5,4
cost_3,2024-12-21,perfect_foresight_upper_bound,0.0,0.0,0.0,0.0,0.0,0,0
cost_3,2024-12-22,perfect_foresight_upper_bound,3723.4052631578934,2403.1578947368425,1320.2473684210509,0.42105263157894746,0.38,2,2
cost_3,2024-12-23,perfect_foresight_upper_bound,5922.484210526313,4806.315789473685,1116.1684210526282,0.8421052631578949,0.76,4,4
cost_3,2024-12-24,perfect_foresight_upper_bound,5618.626315789472,4806.315789473685,812.3105263157868,0.8421052631578949,0.7600000000000001,4,4
cost_3,2024-12-25,perfect_foresight_upper_bound,6393.173961218834,5565.207756232687,827.9662049861472,0.9750692520775625,0.88,5,4
cost_3,2024-12-26,perfect_foresight_upper_bound,3024.473684210526,2403.157894736842,621.3157894736837,0.42105263157894735,0.38,2,2
cost_3,2024-12-27,perfect_foresight_upper_bound,1732.3437500000005,1426.8750000000002,305.4687500000002,0.25,0.22562500000000005,1,1
cost_3,2024-12-28,perfect_foresight_upper_bound,8287.926315789473,4806.315789473685,3481.610526315788,0.8421052631578949,0.7600000000000001,4,4
cost_3,2024-12-29,perfect_foresight_upper_bound,5061.218749999998,4280.625,780.5937499999982,0.75,0.6768749999999999,3,4
cost_3,2024-12-30,perfect_foresight_upper_bound,7708.673684210527,4806.315789473685,2902.3578947368424,0.8421052631578947,0.7600000000000001,4,4
cost_3,2024-12-31,perfect_foresight_upper_bound,8528.694736842106,4806.315789473685,3722.378947368421,0.8421052631578949,0.7600000000000001,4,4
cost_3,2025-01-01,perfect_foresight_upper_bound,10133.078947368422,4806.315789473685,5326.763157894737,0.8421052631578948,0.76,4,4
cost_3,2025-01-02,perfect_foresight_upper_bound,9799.815789473683,4806.315789473685,4993.499999999998,0.8421052631578949,0.76,4,4
cost_3,2025-01-03,perfect_foresight_upper_bound,6653.773684210526,4806.315789473685,1847.457894736841,0.8421052631578948,0.76,4,4
cost_3,2025-01-04,perfect_foresight_upper_bound,4798.906648199447,3984.1828254847655,814.7238227146813,0.698060941828255,0.6300000000000001,3,3
cost_3,2025-01-05,perfect_foresight_upper_bound,0.0,0.0,0.0,0.0,0.0,0,0
cost_3,2025-01-06,perfect_foresight_upper_bound,4925.476315789472,3830.0328947368425,1095.4434210526297,0.6710526315789475,0.605625,3,3
cost_3,2025-01-07,perfect_foresight_upper_bound,4300.498614958448,3984.182825484764,316.31578947368416,0.6980609418282548,0.63,3,3
cost_3,2025-01-08,perfect_foresight_upper_bound,4627.159002770082,3984.182825484764,642.976177285318,0.6980609418282547,0.63,3,3
cost_3,2025-01-09,perfect_foresight_upper_bound,5452.171052631579,3830.0328947368425,1622.1381578947367,0.6710526315789475,0.605625,3,3
cost_3,2025-01-10,perfect_foresight_upper_bound,3790.1624999999985,2853.7499999999995,936.412499999999,0.5,0.45124999999999993,2,3
cost_3,2025-01-11,perfect_foresight_upper_bound,2586.7368421052643,2403.1578947368425,183.57894736842172,0.42105263157894735,0.3800000000000001,2,2
cost_3,2025-01-12,perfect_foresight_upper_bound,0.0,0.0,0.0,0.0,0.0,0,0
cost_3,2025-01-13,perfect_foresight_upper_bound,3331.5789473684204,2403.157894736842,928.4210526315783,0.42105263157894735,0.38,2,2
cost_3,2025-01-14,perfect_foresight_upper_bound,0.0,0.0,0.0,0.0,0.0,0,0
cost_3,2025-01-15,perfect_foresight_upper_bound,1505.937500000001,1426.8750000000002,79.06250000000068,0.25,0.22562500000000005,1,1
cost_3,2025-01-16,perfect_foresight_upper_bound,4120.237499999998,2853.7499999999995,1266.4874999999988,0.5,0.45124999999999993,2,3
cost_3,2025-01-17,perfect_foresight_upper_bound,5349.0625,4280.625,1068.4375,0.75,0.676875,3,4
cost_3,2025-01-18,perfect_foresight_upper_bound,7100.410526315788,4806.315789473685,2294.094736842103,0.8421052631578949,0.76,4,4
cost_3,2025-01-19,perfect_foresight_upper_bound,0.0,0.0,0.0,0.0,0.0,0,0
cost_3,2025-01-20,perfect_foresight_upper_bound,4818.507479224377,3984.182825484764,834.3246537396126,0.6980609418282547,0.63,3,3
cost_3,2025-01-21,perfect_foresight_upper_bound,3283.812499999999,2853.7499999999995,430.06249999999955,0.5,0.45124999999999993,2,3
cost_3,2025-01-22,perfect_foresight_upper_bound,8019.615789473684,4806.315789473685,3213.2999999999993,0.8421052631578948,0.76,4,4
cost_3,2025-01-23,perfect_foresight_upper_bound,7951.047368421055,4806.315789473685,3144.7315789473696,0.8421052631578948,0.7600000000000001,4,4
cost_3,2025-01-24,perfect_foresight_upper_bound,3429.875000000001,2853.75,576.1250000000009,0.5,0.45125000000000004,2,3
cost_3,2025-01-25,perfect_foresight_upper_bound,9538.094736842104,4806.315789473685,4731.778947368419,0.8421052631578949,0.76,4,4
cost_3,2025-01-26,perfect_foresight_upper_bound,9866.978947368421,4806.315789473685,5060.663157894736,0.8421052631578949,0.76,4,4
cost_3,2025-01-27,perfect_foresight_upper_bound,5452.500000000003,4806.315789473685,646.1842105263177,0.8421052631578947,0.7600000000000001,4,4
cost_3,2025-01-28,perfect_foresight_upper_bound,1526.0812500000004,1426.8750000000002,99.20625000000018,0.25,0.22562500000000005,1,1
cost_3,2025-01-29,perfect_foresight_upper_bound,1503.1062500000005,1426.8750000000002,76.23125000000027,0.25,0.22562500000000005,1,1
cost_3,2025-01-30,perfect_foresight_upper_bound,5883.558725761773,3984.1828254847655,1899.375900277007,0.698060941828255,0.6300000000000001,3,3
cost_3,2025-01-31,perfect_foresight_upper_bound,3574.6814404432125,3162.0498614958447,412.63157894736787,0.554016620498615,0.5,3,2
cost_3,2025-02-01,perfect_foresight_upper_bound,0.0,0.0,0.0,0.0,0.0,0,0
cost_3,2025-02-02,perfect_foresight_upper_bound,0.0,0.0,0.0,0.0,0.0,0,0
cost_3,2025-02-03,perfect_foresight_upper_bound,0.0,0.0,0.0,0.0,0.0,0,0
cost_3,2025-02-04,perfect_foresight_upper_bound,3274.715789473686,2403.1578947368425,871.5578947368435,0.42105263157894735,0.3800000000000001,2,2
cost_3,2025-02-05,perfect_foresight_upper_bound,6500.577822022158,5411.057825484765,1089.5199965373931,0.948060941828255,0.855625,4,4
cost_3,2025-02-06,perfect_foresight_upper_bound,10782.196762465372,8573.10768698061,2209.0890754847624,1.5020775623268698,1.3556249999999999,7,6
cost_3,2025-02-07,perfect_foresight_upper_bound,2601.2210526315807,2403.1578947368425,198.0631578947382,0.42105263157894735,0.3800000000000001,2,2
cost_3,2025-02-08,perfect_foresight_upper_bound,3787.2124999999983,2853.7499999999995,933.4624999999987,0.5,0.45124999999999993,2,3
cost_3,2025-02-09,perfect_foresight_upper_bound,2848.9578947368404,2403.1578947368425,445.7999999999979,0.42105263157894746,0.38,2,2
cost_3,2025-02-10,perfect_foresight_upper_bound,6888.952995152356,5039.516966759003,1849.4360283933538,0.8829639889196675,0.796875,4,4
cost_3,2025-02-11,perfect_foresight_upper_bound,7223.905263157894,4806.315789473684,2417.58947368421,0.8421052631578947,0.76,4,4
cost_3,2025-02-12,perfect_foresight_upper_bound,3673.5803324099734,3162.0498614958447,511.5304709141287,0.5540166204986149,0.5,3,2
cost_3,2025-02-13,perfect_foresight_upper_bound,3763.947368421054,2403.157894736843,1360.7894736842109,0.42105263157894746,0.3800000000000001,2,2
cost_3,2025-02-14,perfect_foresight_upper_bound,9659.552631578947,4806.315789473685,4853.2368421052615,0.8421052631578947,0.7600000000000001,4,4
cost_3,2025-02-15,perfect_foresight_upper_bound,7724.0526315789475,4806.315789473685,2917.7368421052624,0.8421052631578948,0.76,4,4
cost_3,2025-02-16,perfect_foresight_upper_bound,6644.852631578948,4806.315789473684,1838.5368421052635,0.8421052631578947,0.76,4,4
cost_3,2025-02-17,perfect_foresight_upper_bound,6698.794736842103,4806.315789473684,1892.4789473684186,0.8421052631578947,0.76,4,4
cost_3,2025-02-18,perfect_foresight_upper_bound,6979.342105263157,4806.315789473685,2173.0263157894715,0.8421052631578949,0.76,4,4
cost_3,2025-02-19,perfect_foresight_upper_bound,8233.584210526316,4806.315789473685,3427.2684210526313,0.8421052631578947,0.7600000000000001,4,4
cost_3,2025-02-20,perfect_foresight_upper_bound,8498.610526315786,4806.315789473685,3692.294736842101,0.8421052631578949,0.76,4,4
cost_3,2025-02-21,perfect_foresight_upper_bound,7790.468421052632,4806.315789473685,2984.152631578947,0.8421052631578948,0.7600000000000001,4,4
cost_3,2025-02-22,perfect_foresight_upper_bound,7693.7684210526295,4806.315789473685,2887.4526315789444,0.8421052631578949,0.76,4,4
cost_3,2025-02-23,perfect_foresight_upper_bound,7258.384210526316,4806.315789473685,2452.0684210526306,0.8421052631578949,0.76,4,4
cost_3,2025-02-24,perfect_foresight_upper_bound,8472.463157894737,4806.315789473685,3666.1473684210523,0.8421052631578949,0.76,4,4
cost_3,2025-02-25,perfect_foresight_upper_bound,12005.195844875347,5565.207756232687,6439.98808864266,0.9750692520775623,0.8800000000000001,5,4
cost_3,2025-02-26,perfect_foresight_upper_bound,9120.152631578947,4806.315789473685,4313.836842105262,0.8421052631578949,0.76,4,4
cost_3,2025-02-27,perfect_foresight_upper_bound,10732.084210526315,4806.315789473685,5925.7684210526295,0.8421052631578949,0.76,4,4
cost_3,2025-02-28,perfect_foresight_upper_bound,3081.425,2853.7499999999995,227.67500000000064,0.49999999999999994,0.45125000000000004,2,3
cost_3,2025-03-01,perfect_foresight_upper_bound,10174.87894736842,4806.315789473685,5368.563157894734,0.8421052631578949,0.76,4,4
cost_3,2025-03-02,perfect_foresight_upper_bound,7346.678947368421,4806.315789473684,2540.363157894737,0.8421052631578947,0.76,4,4
cost_3,2025-03-03,perfect_foresight_upper_bound,5999.131578947368,3830.0328947368416,2169.0986842105267,0.6710526315789473,0.605625,3,3
cost_3,2025-03-04,perfect_foresight_upper_bound,21112.63850415513,9549.390581717453,11563.247922437677,1.6731301939058172,1.5100000000000002,8,7
cost_3,2025-03-05,perfect_foresight_upper_bound,6240.08289473684,3830.0328947368425,2410.0499999999975,0.6710526315789475,0.605625,3,3
cost_3,2025-03-06,perfect_foresight_upper_bound,4662.629934210525,3830.0328947368425,832.5970394736823,0.6710526315789475,0.605625,3,3
cost_3,2025-03-07,perfect_foresight_upper_bound,10845.33047091413,5565.207756232687,5280.1227146814435,0.9750692520775623,0.8800000000000001,5,4
cost_3,2025-03-08,perfect_foresight_upper_bound,5701.2526315789455,4806.315789473684,894.9368421052613,0.8421052631578947,0.76,4,4
cost_3,2025-03-09,perfect_foresight_upper_bound,10946.278947368419,4806.315789473685,6139.963157894734,0.8421052631578949,0.76,4,4
cost_3,2025-03-10,perfect_foresight_upper_bound,8549.857894736842,4806.315789473685,3743.5421052631573,0.8421052631578948,0.76,4,4
cost_3,2025-03-11,perfect_foresight_upper_bound,3890.012499999998,2853.7499999999995,1036.2624999999985,0.5,0.4512499999999999,2,3
cost_3,2025-03-12,perfect_foresight_upper_bound,3278.0750000000003,2853.75,424.3250000000003,0.5,0.45125000000000004,2,3
cost_3,2025-03-13,perfect_foresight_upper_bound,3484.0210526315796,2403.157894736842,1080.8631578947375,0.42105263157894735,0.38,2,2
cost_3,2025-03-14,perfect_foresight_upper_bound,10641.078947368422,4806.315789473685,5834.763157894737,0.8421052631578947,0.7600000000000001,4,4
cost_3,2025-03-15,perfect_foresight_upper_bound,0.0,0.0,0.0,0.0,0.0,0,0
cost_3,2025-03-16,perfect_foresight_upper_bound,0.0,0.0,0.0,0.0,0.0,0,0
cost_3,2025-03-17,perfect_foresight_upper_bound,5697.309210526314,3830.0328947368425,1867.2763157894715,0.6710526315789475,0.605625,3,3
cost_3,2025-03-18,perfect_foresight_upper_bound,6591.937500000001,4280.625000000001,2311.3125,0.75,0.6768750000000001,3,4
cost_3,2025-03-19,perfect_foresight_upper_bound,9098.788088642661,7905.124653739613,1193.6634349030483,1.3850415512465373,1.25,7,5
cost_3,2025-03-20,perfect_foresight_upper_bound,11820.953739612187,5565.207756232687,6255.7459833795,0.9750692520775625,0.88,5,4
cost_3,2025-03-21,perfect_foresight_upper_bound,9536.884210526317,4806.315789473685,4730.568421052632,0.8421052631578948,0.7600000000000001,4,4
cost_3,2025-03-22,perfect_foresight_upper_bound,9098.778947368422,4806.315789473685,4292.463157894737,0.8421052631578949,0.7600000000000001,4,4
cost_3,2025-03-23,perfect_foresight_upper_bound,7594.078947368422,4806.315789473685,2787.7631578947367,0.8421052631578948,0.7600000000000001,4,4
cost_3,2025-03-24,perfect_foresight_upper_bound,0.0,0.0,0.0,0.0,0.0,0,0
cost_3,2025-03-25,perfect_foresight_upper_bound,7482.578947368423,4806.315789473685,2676.2631578947376,0.8421052631578949,0.7600000000000001,4,4
cost_3,2025-03-26,perfect_foresight_upper_bound,7966.378947368421,4806.315789473684,3160.063157894737,0.8421052631578947,0.76,4,4
cost_3,2025-03-27,perfect_foresight_upper_bound,1504.8812500000008,1426.8750000000002,78.00625000000059,0.25,0.22562500000000005,1,1
cost_3,2025-03-28,perfect_foresight_upper_bound,0.0,0.0,0.0,0.0,0.0,0,0
cost_3,2025-03-29,perfect_foresight_upper_bound,6227.117174515235,3984.182825484765,2242.93434903047,0.698060941828255,0.63,3,3
cost_3,2025-03-30,perfect_foresight_upper_bound,8850.578947368422,4806.315789473685,4044.2631578947367,0.8421052631578947,0.7600000000000001,4,4
cost_3,2025-03-31,perfect_foresight_upper_bound,4996.887500000001,2853.75,2143.1375000000007,0.5,0.45125000000000004,2,3
